This is pdfTeX, Version 3.141592653-2.6-1.40.28 (MiKTeX 25.12) (preloaded format=pdflatex 2026.6.2)  21 AUG 2026 14:12
entering extended mode
 restricted \write18 enabled.
 %&-line parsing enabled.
**./main.tex
(main.tex
LaTeX2e <2025-11-01>
L3 programming layer <2025-12-24>
(config/settings.tex
(C:\Users\Lenovo\AppData\Local\Programs\MiKTeX\tex/latex/base\book.cls
Document Class: book 2025/01/22 v1.4n Standard LaTeX document class
(C:\Users\Lenovo\AppData\Local\Programs\MiKTeX\tex/latex/base\bk12.clo
File: bk12.clo 2025/01/22 v1.4n Standard LaTeX file (size option)
)
\c@part=\count275
\c@chapter=\count276
\c@section=\count277
\c@subsection=\count278
\c@subsubsection=\count279
\c@paragraph=\count280
\c@subparagraph=\count281
\c@figure=\count282
\c@table=\count283
\abovecaptionskip=\skip49
\belowcaptionskip=\skip50
\bibindent=\dimen148
)
(C:\Users\Lenovo\AppData\Local\Programs\MiKTeX\tex/latex/base\inputenc.sty
Package: inputenc 2024/02/08 v1.3d Input encoding file
\inpenc@prehook=\toks17
\inpenc@posthook=\toks18
)
(C:\Users\Lenovo\AppData\Local\Programs\MiKTeX\tex/latex/base\fontenc.sty
Package: fontenc 2025/07/18 v2.1d Standard LaTeX package
)
(C:\Users\Lenovo\AppData\Local\Programs\MiKTeX\tex/latex/amsmath\amsmath.sty
Package: amsmath 2025/07/09 v2.17z AMS math features
\@mathmargin=\skip51

For additional information on amsmath, use the `?' option.
(C:\Users\Lenovo\AppData\Local\Programs\MiKTeX\tex/latex/amsmath\amstext.sty
Package: amstext 2024/11/17 v2.01 AMS text

(C:\Users\Lenovo\AppData\Local\Programs\MiKTeX\tex/latex/amsmath\amsgen.sty
File: amsgen.sty 1999/11/30 v2.0 generic functions
\@emptytoks=\toks19
\ex@=\dimen149
))
(C:\Users\Lenovo\AppData\Local\Programs\MiKTeX\tex/latex/amsmath\amsbsy.sty
Package: amsbsy 1999/11/29 v1.2d Bold Symbols
\pmbraise@=\dimen150
)
(C:\Users\Lenovo\AppData\Local\Programs\MiKTeX\tex/latex/amsmath\amsopn.sty
Package: amsopn 2022/04/08 v2.04 operator names
)
\inf@bad=\count284
LaTeX Info: Redefining \frac on input line 233.
\uproot@=\count285
\leftroot@=\count286
LaTeX Info: Redefining \overline on input line 398.
LaTeX Info: Redefining \colon on input line 409.
\classnum@=\count287
\DOTSCASE@=\count288
LaTeX Info: Redefining \ldots on input line 495.
LaTeX Info: Redefining \dots on input line 498.
LaTeX Info: Redefining \cdots on input line 619.
\Mathstrutbox@=\box53
\strutbox@=\box54
LaTeX Info: Redefining \big on input line 721.
LaTeX Info: Redefining \Big on input line 722.
LaTeX Info: Redefining \bigg on input line 723.
LaTeX Info: Redefining \Bigg on input line 724.
\big@size=\dimen151
LaTeX Font Info:    Redeclaring font encoding OML on input line 742.
LaTeX Font Info:    Redeclaring font encoding OMS on input line 743.
\macc@depth=\count289
LaTeX Info: Redefining \bmod on input line 904.
LaTeX Info: Redefining \pmod on input line 909.
LaTeX Info: Redefining \smash on input line 939.
LaTeX Info: Redefining \relbar on input line 969.
LaTeX Info: Redefining \Relbar on input line 970.
\c@MaxMatrixCols=\count290
\dotsspace@=\muskip17
\c@parentequation=\count291
\dspbrk@lvl=\count292
\tag@help=\toks20
\row@=\count293
\column@=\count294
\maxfields@=\count295
\andhelp@=\toks21
\eqnshift@=\dimen152
\alignsep@=\dimen153
\tagshift@=\dimen154
\tagwidth@=\dimen155
\totwidth@=\dimen156
\lineht@=\dimen157
\@envbody=\toks22
\multlinegap=\skip52
\multlinetaggap=\skip53
\mathdisplay@stack=\toks23
LaTeX Info: Redefining \[ on input line 2950.
LaTeX Info: Redefining \] on input line 2951.
)
(C:\Users\Lenovo\AppData\Local\Programs\MiKTeX\tex/latex/amsfonts\amsfonts.sty
Package: amsfonts 2013/01/14 v3.01 Basic AMSFonts support
\symAMSa=\mathgroup4
\symAMSb=\mathgroup5
LaTeX Font Info:    Redeclaring math symbol \hbar on input line 98.
LaTeX Font Info:    Overwriting math alphabet `\mathfrak' in version `bold'
(Font)                  U/euf/m/n --> U/euf/b/n on input line 106.
) (C:\Users\Lenovo\AppData\Local\Programs\MiKTeX\tex/latex/amsfonts\amssymb.sty
Package: amssymb 2013/01/14 v3.01 AMS font symbols
) (C:\Users\Lenovo\AppData\Local\Programs\MiKTeX\tex/latex/amscls\amsthm.sty
Package: amsthm 2020/05/29 v2.20.6
\thm@style=\toks24
\thm@bodyfont=\toks25
\thm@headfont=\toks26
\thm@notefont=\toks27
\thm@headpunct=\toks28
\thm@preskip=\skip54
\thm@postskip=\skip55
\thm@headsep=\skip56
\dth@everypar=\toks29
)
(C:\Users\Lenovo\AppData\Local\Programs\MiKTeX\tex/generic/babel\babel.sty
Package: babel 2025/12/11 v25.17 The multilingual framework for LuaLaTeX, pdfLa
TeX and XeLaTeX
\babel@savecnt=\count296
LaTeX Encoding Info:    Redeclaring text command \ij (encoding OT1) on input li
ne 2068.
LaTeX Encoding Info:    Redeclaring text command \IJ (encoding OT1) on input li
ne 2070.
LaTeX Encoding Info:    Redeclaring text command \ij (encoding T1) on input lin
e 2072.
LaTeX Encoding Info:    Redeclaring text command \IJ (encoding T1) on input lin
e 2073.
LaTeX Encoding Info:    Ignoring declaration for text command \ij (encoding ?) 
on input line 2074.
LaTeX Encoding Info:    Ignoring declaration for text command \IJ (encoding ?) 
on input line 2076.
LaTeX Encoding Info:    Ignoring declaration for text command \SS (encoding ?) 
on input line 2101.
\U@D=\dimen158
\l@unhyphenated=\language79

(C:\Users\Lenovo\AppData\Local\Programs\MiKTeX\tex/generic/babel\txtbabel.def)
\bbl@readstream=\read2
\bbl@dirlevel=\count297
Package babel Info: Configuration files are deprecated, as
(babel)             they can break document portability.
(babel)             Reported on input line 4196.

*************************************
* Local config file bblopts.cfg used
*
(C:\Users\Lenovo\AppData\Local\Programs\MiKTeX\tex/latex/arabi\bblopts.cfg
File: bblopts.cfg 2005/09/08 v0.1 add Arabic and Farsi to "declared" options of
 babel
)
(C:\Users\Lenovo\AppData\Local\Programs\MiKTeX\tex/generic/babel/locale/pl\babe
l-polish.tex)
(C:\Users\Lenovo\AppData\Local\Programs\MiKTeX\tex/generic/babel/locale/en\babe
l-british.tex)
Package babel Info: Importing font and identification data for polish
(babel)             from babel-pl.ini. Reported on input line 4320.

(C:\Users\Lenovo\AppData\Local\Programs\MiKTeX\tex/latex/babel-polish\polish.ld
f
Language: polish 2022/03/12 1.3 Babel support for Polish
Package babel Info: Making " an active character on input line 101.
)
Package babel Info: Importing font and identification data for british
(babel)             from babel-en-GB.ini. Reported on input line 4320.

(C:\Users\Lenovo\AppData\Local\Programs\MiKTeX\tex/latex/babel-english\british.
ldf
Language: british 2017/06/06 v3.3r English support from the babel system

(C:\Users\Lenovo\AppData\Local\Programs\MiKTeX\tex/latex/babel-english\english.
ldf
Language: english 2017/06/06 v3.3r English support from the babel system
Package babel Info: Hyphen rules for 'canadian' set to \l@english
(babel)             (\language0). Reported on input line 102.
Package babel Info: Hyphen rules for 'australian' set to \l@ukenglish
(babel)             (\language73). Reported on input line 105.
Package babel Info: Hyphen rules for 'newzealand' set to \l@ukenglish
(babel)             (\language73). Reported on input line 108.
)))
(C:\Users\Lenovo\AppData\Local\Programs\MiKTeX\tex/latex/tools\indentfirst.sty
Package: indentfirst 2023/07/02 v1.03 Indent first paragraph (DPC)
) (C:\Users\Lenovo\AppData\Local\Programs\MiKTeX\tex/latex/xurl\xurl.sty
Package: xurl 2022/01/09 v 0.10 modify URL breaks

(C:\Users\Lenovo\AppData\Local\Programs\MiKTeX\tex/latex/url\url.sty
\Urlmuskip=\muskip18
Package: url 2013/09/16  ver 3.4  Verb mode for urls, etc.
))
(C:\Users\Lenovo\AppData\Local\Programs\MiKTeX\tex/latex/xstring\xstring.sty
(C:\Users\Lenovo\AppData\Local\Programs\MiKTeX\tex/generic/xstring\xstring.tex
\xs_counta=\count298
\xs_countb=\count299
)
Package: xstring 2023/08/22 v1.86 String manipulations (CT)
) (C:\Users\Lenovo\AppData\Local\Programs\MiKTeX\tex/latex/base\ifthen.sty
Package: ifthen 2024/03/16 v1.1e Standard LaTeX ifthen package (DPC)
)
(C:\Users\Lenovo\AppData\Local\Programs\MiKTeX\tex/latex/float\float.sty
Package: float 2001/11/08 v1.3d Float enhancements (AL)
\c@float@type=\count300
\float@exts=\toks30
\float@box=\box55
\@float@everytoks=\toks31
\@floatcapt=\box56
)
(C:\Users\Lenovo\AppData\Local\Programs\MiKTeX\tex/generic/iftex\ifxetex.sty
Package: ifxetex 2019/10/25 v0.7 ifxetex legacy package. Use iftex instead.

(C:\Users\Lenovo\AppData\Local\Programs\MiKTeX\tex/generic/iftex\iftex.sty
Package: iftex 2024/12/12 v1.0g TeX engine tests
))
(C:\Users\Lenovo\AppData\Local\Programs\MiKTeX\tex/latex/lm\lmodern.sty
Package: lmodern 2015/05/01 v1.6.1 Latin Modern Fonts
LaTeX Font Info:    Overwriting symbol font `operators' in version `normal'
(Font)                  OT1/cmr/m/n --> OT1/lmr/m/n on input line 22.
LaTeX Font Info:    Overwriting symbol font `letters' in version `normal'
(Font)                  OML/cmm/m/it --> OML/lmm/m/it on input line 23.
LaTeX Font Info:    Overwriting symbol font `symbols' in version `normal'
(Font)                  OMS/cmsy/m/n --> OMS/lmsy/m/n on input line 24.
LaTeX Font Info:    Overwriting symbol font `largesymbols' in version `normal'
(Font)                  OMX/cmex/m/n --> OMX/lmex/m/n on input line 25.
LaTeX Font Info:    Overwriting symbol font `operators' in version `bold'
(Font)                  OT1/cmr/bx/n --> OT1/lmr/bx/n on input line 26.
LaTeX Font Info:    Overwriting symbol font `letters' in version `bold'
(Font)                  OML/cmm/b/it --> OML/lmm/b/it on input line 27.
LaTeX Font Info:    Overwriting symbol font `symbols' in version `bold'
(Font)                  OMS/cmsy/b/n --> OMS/lmsy/b/n on input line 28.
LaTeX Font Info:    Overwriting symbol font `largesymbols' in version `bold'
(Font)                  OMX/cmex/m/n --> OMX/lmex/m/n on input line 29.
LaTeX Font Info:    Overwriting math alphabet `\mathbf' in version `normal'
(Font)                  OT1/cmr/bx/n --> OT1/lmr/bx/n on input line 31.
LaTeX Font Info:    Overwriting math alphabet `\mathsf' in version `normal'
(Font)                  OT1/cmss/m/n --> OT1/lmss/m/n on input line 32.
LaTeX Font Info:    Overwriting math alphabet `\mathit' in version `normal'
(Font)                  OT1/cmr/m/it --> OT1/lmr/m/it on input line 33.
LaTeX Font Info:    Overwriting math alphabet `\mathtt' in version `normal'
(Font)                  OT1/cmtt/m/n --> OT1/lmtt/m/n on input line 34.
LaTeX Font Info:    Overwriting math alphabet `\mathbf' in version `bold'
(Font)                  OT1/cmr/bx/n --> OT1/lmr/bx/n on input line 35.
LaTeX Font Info:    Overwriting math alphabet `\mathsf' in version `bold'
(Font)                  OT1/cmss/bx/n --> OT1/lmss/bx/n on input line 36.
LaTeX Font Info:    Overwriting math alphabet `\mathit' in version `bold'
(Font)                  OT1/cmr/bx/it --> OT1/lmr/bx/it on input line 37.
LaTeX Font Info:    Overwriting math alphabet `\mathtt' in version `bold'
(Font)                  OT1/cmtt/m/n --> OT1/lmtt/m/n on input line 38.
)
(C:\Users\Lenovo\AppData\Local\Programs\MiKTeX\tex/latex/geometry\geometry.sty
Package: geometry 2026/03/07 v6.0 Page Geometry

(C:\Users\Lenovo\AppData\Local\Programs\MiKTeX\tex/latex/graphics\keyval.sty
Package: keyval 2022/05/29 v1.15 key=value parser (DPC)
\KV@toks@=\toks32
)
(C:\Users\Lenovo\AppData\Local\Programs\MiKTeX\tex/generic/iftex\ifvtex.sty
Package: ifvtex 2019/10/25 v1.7 ifvtex legacy package. Use iftex instead.
)
\Gm@cnth=\count301
\Gm@cntv=\count302
\c@Gm@tempcnt=\count303
\Gm@bindingoffset=\dimen159
\Gm@wd@mp=\dimen160
\Gm@odd@mp=\dimen161
\Gm@even@mp=\dimen162
\Gm@layoutwidth=\dimen163
\Gm@layoutheight=\dimen164
\Gm@layouthoffset=\dimen165
\Gm@layoutvoffset=\dimen166
\Gm@dimlist=\toks33

(C:\Users\Lenovo\AppData\Local\Programs\MiKTeX\tex/latex/geometry\geometry.cfg)
)
(C:\Users\Lenovo\AppData\Local\Programs\MiKTeX\tex/latex/graphics\graphicx.sty
Package: graphicx 2024/12/31 v1.2e Enhanced LaTeX Graphics (DPC,SPQR)

(C:\Users\Lenovo\AppData\Local\Programs\MiKTeX\tex/latex/graphics\graphics.sty
Package: graphics 2024/08/06 v1.4g Standard LaTeX Graphics (DPC,SPQR)

(C:\Users\Lenovo\AppData\Local\Programs\MiKTeX\tex/latex/graphics\trig.sty
Package: trig 2023/12/02 v1.11 sin cos tan (DPC)
)
(C:\Users\Lenovo\AppData\Local\Programs\MiKTeX\tex/latex/graphics-cfg\graphics.
cfg
File: graphics.cfg 2016/06/04 v1.11 sample graphics configuration
)
Package graphics Info: Driver file: pdftex.def on input line 106.

(C:\Users\Lenovo\AppData\Local\Programs\MiKTeX\tex/latex/graphics-def\pdftex.de
f
File: pdftex.def 2025/09/29 v1.2d Graphics/color driver for pdftex
))
\Gin@req@height=\dimen167
\Gin@req@width=\dimen168
)
(C:\Users\Lenovo\AppData\Local\Programs\MiKTeX\tex/latex/hyperref\hyperref.sty
Package: hyperref 2025-07-12 v7.01o Hypertext links for LaTeX

(C:\Users\Lenovo\AppData\Local\Programs\MiKTeX\tex/latex/kvsetkeys\kvsetkeys.st
y
Package: kvsetkeys 2022-10-05 v1.19 Key value parser (HO)
)
(C:\Users\Lenovo\AppData\Local\Programs\MiKTeX\tex/generic/kvdefinekeys\kvdefin
ekeys.sty
Package: kvdefinekeys 2019-12-19 v1.6 Define keys (HO)
)
(C:\Users\Lenovo\AppData\Local\Programs\MiKTeX\tex/generic/pdfescape\pdfescape.
sty
Package: pdfescape 2019/12/09 v1.15 Implements pdfTeX's escape features (HO)

(C:\Users\Lenovo\AppData\Local\Programs\MiKTeX\tex/generic/ltxcmds\ltxcmds.sty
Package: ltxcmds 2023-12-04 v1.26 LaTeX kernel commands for general use (HO)
)
(C:\Users\Lenovo\AppData\Local\Programs\MiKTeX\tex/generic/pdftexcmds\pdftexcmd
s.sty
Package: pdftexcmds 2020-06-27 v0.33 Utility functions of pdfTeX for LuaTeX (HO
)

(C:\Users\Lenovo\AppData\Local\Programs\MiKTeX\tex/generic/infwarerr\infwarerr.
sty
Package: infwarerr 2019/12/03 v1.5 Providing info/warning/error messages (HO)
)
Package pdftexcmds Info: \pdf@primitive is available.
Package pdftexcmds Info: \pdf@ifprimitive is available.
Package pdftexcmds Info: \pdfdraftmode found.
))
(C:\Users\Lenovo\AppData\Local\Programs\MiKTeX\tex/latex/hycolor\hycolor.sty
Package: hycolor 2020-01-27 v1.10 Color options for hyperref/bookmark (HO)
)
(C:\Users\Lenovo\AppData\Local\Programs\MiKTeX\tex/latex/hyperref\nameref.sty
Package: nameref 2025-06-21 v2.57 Cross-referencing by name of section

(C:\Users\Lenovo\AppData\Local\Programs\MiKTeX\tex/latex/refcount\refcount.sty
Package: refcount 2019/12/15 v3.6 Data extraction from label references (HO)
)
(C:\Users\Lenovo\AppData\Local\Programs\MiKTeX\tex/generic/gettitlestring\getti
tlestring.sty
Package: gettitlestring 2019/12/15 v1.6 Cleanup title references (HO)

(C:\Users\Lenovo\AppData\Local\Programs\MiKTeX\tex/latex/kvoptions\kvoptions.st
y
Package: kvoptions 2022-06-15 v3.15 Key value format for package options (HO)
))
\c@section@level=\count304
)
(C:\Users\Lenovo\AppData\Local\Programs\MiKTeX\tex/latex/etoolbox\etoolbox.sty
Package: etoolbox 2025/10/02 v2.5m e-TeX tools for LaTeX (JAW)
\etb@tempcnta=\count305
)
(C:\Users\Lenovo\AppData\Local\Programs\MiKTeX\tex/generic/stringenc\stringenc.
sty
Package: stringenc 2019/11/29 v1.12 Convert strings between diff. encodings (HO
)
)
\@linkdim=\dimen169
\Hy@linkcounter=\count306
\Hy@pagecounter=\count307

(C:\Users\Lenovo\AppData\Local\Programs\MiKTeX\tex/latex/hyperref\pd1enc.def
File: pd1enc.def 2025-07-12 v7.01o Hyperref: PDFDocEncoding definition (HO)
Now handling font encoding PD1 ...
... no UTF-8 mapping file for font encoding PD1
)
(C:\Users\Lenovo\AppData\Local\Programs\MiKTeX\tex/generic/intcalc\intcalc.sty
Package: intcalc 2019/12/15 v1.3 Expandable calculations with integers (HO)
)
\Hy@SavedSpaceFactor=\count308
(C:\Users\Lenovo\AppData\Local\Programs\MiKTeX\tex/latex/hyperref\puenc.def
File: puenc.def 2025-07-12 v7.01o Hyperref: PDF Unicode definition (HO)
Now handling font encoding PU ...
... no UTF-8 mapping file for font encoding PU
)
Package hyperref Info: Hyper figures OFF on input line 4195.
Package hyperref Info: Link nesting OFF on input line 4200.
Package hyperref Info: Hyper index ON on input line 4203.
Package hyperref Info: Plain pages OFF on input line 4210.
Package hyperref Info: Backreferencing OFF on input line 4215.
Package hyperref Info: Implicit mode ON; LaTeX internals redefined.
Package hyperref Info: Bookmarks ON on input line 4462.
\c@Hy@tempcnt=\count309
LaTeX Info: Redefining \url on input line 4801.
\XeTeXLinkMargin=\dimen170

(C:\Users\Lenovo\AppData\Local\Programs\MiKTeX\tex/generic/bitset\bitset.sty
Package: bitset 2019/12/09 v1.3 Handle bit-vector datatype (HO)

(C:\Users\Lenovo\AppData\Local\Programs\MiKTeX\tex/generic/bigintcalc\bigintcal
c.sty
Package: bigintcalc 2019/12/15 v1.5 Expandable calculations on big integers (HO
)
))
\Fld@menulength=\count310
\Field@Width=\dimen171
\Fld@charsize=\dimen172
Package hyperref Info: Hyper figures OFF on input line 6078.
Package hyperref Info: Link nesting OFF on input line 6083.
Package hyperref Info: Hyper index ON on input line 6086.
Package hyperref Info: backreferencing OFF on input line 6093.
Package hyperref Info: Link coloring OFF on input line 6098.
Package hyperref Info: Link coloring with OCG OFF on input line 6103.
Package hyperref Info: PDF/A mode OFF on input line 6108.
\Hy@abspage=\count311
\c@Item=\count312
\c@Hfootnote=\count313
)
Package hyperref Info: Driver (autodetected): hpdftex.

(C:\Users\Lenovo\AppData\Local\Programs\MiKTeX\tex/latex/hyperref\hpdftex.def
File: hpdftex.def 2025-07-12 v7.01o Hyperref driver for pdfTeX
\Fld@listcount=\count314
\c@bookmark@seq@number=\count315

(C:\Users\Lenovo\AppData\Local\Programs\MiKTeX\tex/latex/rerunfilecheck\rerunfi
lecheck.sty
Package: rerunfilecheck 2025-06-21 v1.11 Rerun checks for auxiliary files (HO)

(C:\Users\Lenovo\AppData\Local\Programs\MiKTeX\tex/generic/uniquecounter\unique
counter.sty
Package: uniquecounter 2019/12/15 v1.4 Provide unlimited unique counter (HO)
)
Package uniquecounter Info: New unique counter `rerunfilecheck' on input line 2
84.
)
\Hy@SectionHShift=\skip57
)
(C:\Users\Lenovo\AppData\Local\Programs\MiKTeX\tex/latex/booktabs\booktabs.sty
Package: booktabs 2020/01/12 v1.61803398 Publication quality tables
\heavyrulewidth=\dimen173
\lightrulewidth=\dimen174
\cmidrulewidth=\dimen175
\belowrulesep=\dimen176
\belowbottomsep=\dimen177
\aboverulesep=\dimen178
\abovetopsep=\dimen179
\cmidrulesep=\dimen180
\cmidrulekern=\dimen181
\defaultaddspace=\dimen182
\@cmidla=\count316
\@cmidlb=\count317
\@aboverulesep=\dimen183
\@belowrulesep=\dimen184
\@thisruleclass=\count318
\@lastruleclass=\count319
\@thisrulewidth=\dimen185
)
(C:\Users\Lenovo\AppData\Local\Programs\MiKTeX\tex/latex/pgf/frontendlayer\tikz
.sty
(C:\Users\Lenovo\AppData\Local\Programs\MiKTeX\tex/latex/pgf/basiclayer\pgf.sty

(C:\Users\Lenovo\AppData\Local\Programs\MiKTeX\tex/latex/pgf/utilities\pgfrcs.s
ty
(C:\Users\Lenovo\AppData\Local\Programs\MiKTeX\tex/generic/pgf/utilities\pgfuti
l-common.tex
\pgfutil@everybye=\toks34
\pgfutil@tempdima=\dimen186
\pgfutil@tempdimb=\dimen187
)
(C:\Users\Lenovo\AppData\Local\Programs\MiKTeX\tex/generic/pgf/utilities\pgfuti
l-latex.def
\pgfutil@abb=\box57
)
(C:\Users\Lenovo\AppData\Local\Programs\MiKTeX\tex/generic/pgf/utilities\pgfrcs
.code.tex
(C:\Users\Lenovo\AppData\Local\Programs\MiKTeX\tex/generic/pgf\pgf.revision.tex
)
Package: pgfrcs 2025-08-29 v3.1.11a (3.1.11a)
))
Package: pgf 2025-08-29 v3.1.11a (3.1.11a)

(C:\Users\Lenovo\AppData\Local\Programs\MiKTeX\tex/latex/pgf/basiclayer\pgfcore
.sty
(C:\Users\Lenovo\AppData\Local\Programs\MiKTeX\tex/latex/pgf/systemlayer\pgfsys
.sty
(C:\Users\Lenovo\AppData\Local\Programs\MiKTeX\tex/generic/pgf/systemlayer\pgfs
ys.code.tex
Package: pgfsys 2025-08-29 v3.1.11a (3.1.11a)

(C:\Users\Lenovo\AppData\Local\Programs\MiKTeX\tex/generic/pgf/utilities\pgfkey
s.code.tex
\pgfkeys@pathtoks=\toks35
\pgfkeys@temptoks=\toks36

(C:\Users\Lenovo\AppData\Local\Programs\MiKTeX\tex/generic/pgf/utilities\pgfkey
slibraryfiltered.code.tex
\pgfkeys@tmptoks=\toks37
))
\pgf@x=\dimen188
\pgf@y=\dimen189
\pgf@xa=\dimen190
\pgf@ya=\dimen191
\pgf@xb=\dimen192
\pgf@yb=\dimen193
\pgf@xc=\dimen194
\pgf@yc=\dimen195
\pgf@xd=\dimen196
\pgf@yd=\dimen197
\w@pgf@writea=\write3
\r@pgf@reada=\read3
\c@pgf@counta=\count320
\c@pgf@countb=\count321
\c@pgf@countc=\count322
\c@pgf@countd=\count323
\t@pgf@toka=\toks38
\t@pgf@tokb=\toks39
\t@pgf@tokc=\toks40
\pgf@sys@id@count=\count324

(C:\Users\Lenovo\AppData\Local\Programs\MiKTeX\tex/generic/pgf/systemlayer\pgf.
cfg
File: pgf.cfg 2025-08-29 v3.1.11a (3.1.11a)
)
Driver file for pgf: pgfsys-pdftex.def

(C:\Users\Lenovo\AppData\Local\Programs\MiKTeX\tex/generic/pgf/systemlayer\pgfs
ys-pdftex.def
File: pgfsys-pdftex.def 2025-08-29 v3.1.11a (3.1.11a)

(C:\Users\Lenovo\AppData\Local\Programs\MiKTeX\tex/generic/pgf/systemlayer\pgfs
ys-common-pdf.def
File: pgfsys-common-pdf.def 2025-08-29 v3.1.11a (3.1.11a)
)))
(C:\Users\Lenovo\AppData\Local\Programs\MiKTeX\tex/generic/pgf/systemlayer\pgfs
yssoftpath.code.tex
File: pgfsyssoftpath.code.tex 2025-08-29 v3.1.11a (3.1.11a)
\pgfsyssoftpath@smallbuffer@items=\count325
\pgfsyssoftpath@bigbuffer@items=\count326
)
(C:\Users\Lenovo\AppData\Local\Programs\MiKTeX\tex/generic/pgf/systemlayer\pgfs
ysprotocol.code.tex
File: pgfsysprotocol.code.tex 2025-08-29 v3.1.11a (3.1.11a)
))
(C:\Users\Lenovo\AppData\Local\Programs\MiKTeX\tex/latex/xcolor\xcolor.sty
Package: xcolor 2024/09/29 v3.02 LaTeX color extensions (UK)

(C:\Users\Lenovo\AppData\Local\Programs\MiKTeX\tex/latex/graphics-cfg\color.cfg
File: color.cfg 2016/01/02 v1.6 sample color configuration
)
Package xcolor Info: Driver file: pdftex.def on input line 274.

(C:\Users\Lenovo\AppData\Local\Programs\MiKTeX\tex/latex/graphics\mathcolor.ltx
)
Package xcolor Info: Model `cmy' substituted by `cmy0' on input line 1349.
Package xcolor Info: Model `hsb' substituted by `rgb' on input line 1353.
Package xcolor Info: Model `RGB' extended on input line 1365.
Package xcolor Info: Model `HTML' substituted by `rgb' on input line 1367.
Package xcolor Info: Model `Hsb' substituted by `hsb' on input line 1368.
Package xcolor Info: Model `tHsb' substituted by `hsb' on input line 1369.
Package xcolor Info: Model `HSB' substituted by `hsb' on input line 1370.
Package xcolor Info: Model `Gray' substituted by `gray' on input line 1371.
Package xcolor Info: Model `wave' substituted by `hsb' on input line 1372.
)
(C:\Users\Lenovo\AppData\Local\Programs\MiKTeX\tex/generic/pgf/basiclayer\pgfco
re.code.tex
Package: pgfcore 2025-08-29 v3.1.11a (3.1.11a)

(C:\Users\Lenovo\AppData\Local\Programs\MiKTeX\tex/generic/pgf/math\pgfmath.cod
e.tex
(C:\Users\Lenovo\AppData\Local\Programs\MiKTeX\tex/generic/pgf/math\pgfmathutil
.code.tex)
(C:\Users\Lenovo\AppData\Local\Programs\MiKTeX\tex/generic/pgf/math\pgfmathpars
er.code.tex
\pgfmath@dimen=\dimen198
\pgfmath@count=\count327
\pgfmath@box=\box58
\pgfmath@toks=\toks41
\pgfmath@stack@operand=\toks42
\pgfmath@stack@operation=\toks43
)
(C:\Users\Lenovo\AppData\Local\Programs\MiKTeX\tex/generic/pgf/math\pgfmathfunc
tions.code.tex)
(C:\Users\Lenovo\AppData\Local\Programs\MiKTeX\tex/generic/pgf/math\pgfmathfunc
tions.basic.code.tex)
(C:\Users\Lenovo\AppData\Local\Programs\MiKTeX\tex/generic/pgf/math\pgfmathfunc
tions.trigonometric.code.tex)
(C:\Users\Lenovo\AppData\Local\Programs\MiKTeX\tex/generic/pgf/math\pgfmathfunc
tions.random.code.tex)
(C:\Users\Lenovo\AppData\Local\Programs\MiKTeX\tex/generic/pgf/math\pgfmathfunc
tions.comparison.code.tex)
(C:\Users\Lenovo\AppData\Local\Programs\MiKTeX\tex/generic/pgf/math\pgfmathfunc
tions.base.code.tex)
(C:\Users\Lenovo\AppData\Local\Programs\MiKTeX\tex/generic/pgf/math\pgfmathfunc
tions.round.code.tex)
(C:\Users\Lenovo\AppData\Local\Programs\MiKTeX\tex/generic/pgf/math\pgfmathfunc
tions.misc.code.tex)
(C:\Users\Lenovo\AppData\Local\Programs\MiKTeX\tex/generic/pgf/math\pgfmathfunc
tions.integerarithmetics.code.tex)
(C:\Users\Lenovo\AppData\Local\Programs\MiKTeX\tex/generic/pgf/math\pgfmathcalc
.code.tex)
(C:\Users\Lenovo\AppData\Local\Programs\MiKTeX\tex/generic/pgf/math\pgfmathfloa
t.code.tex
\c@pgfmathroundto@lastzeros=\count328
))
(C:\Users\Lenovo\AppData\Local\Programs\MiKTeX\tex/generic/pgf/math\pgfint.code
.tex)
(C:\Users\Lenovo\AppData\Local\Programs\MiKTeX\tex/generic/pgf/basiclayer\pgfco
repoints.code.tex
File: pgfcorepoints.code.tex 2025-08-29 v3.1.11a (3.1.11a)
\pgf@picminx=\dimen199
\pgf@picmaxx=\dimen256
\pgf@picminy=\dimen257
\pgf@picmaxy=\dimen258
\pgf@pathminx=\dimen259
\pgf@pathmaxx=\dimen260
\pgf@pathminy=\dimen261
\pgf@pathmaxy=\dimen262
\pgf@xx=\dimen263
\pgf@xy=\dimen264
\pgf@yx=\dimen265
\pgf@yy=\dimen266
\pgf@zx=\dimen267
\pgf@zy=\dimen268
)
(C:\Users\Lenovo\AppData\Local\Programs\MiKTeX\tex/generic/pgf/basiclayer\pgfco
repathconstruct.code.tex
File: pgfcorepathconstruct.code.tex 2025-08-29 v3.1.11a (3.1.11a)
\pgf@path@lastx=\dimen269
\pgf@path@lasty=\dimen270
)
(C:\Users\Lenovo\AppData\Local\Programs\MiKTeX\tex/generic/pgf/basiclayer\pgfco
repathusage.code.tex
File: pgfcorepathusage.code.tex 2025-08-29 v3.1.11a (3.1.11a)
\pgf@shorten@end@additional=\dimen271
\pgf@shorten@start@additional=\dimen272
)
(C:\Users\Lenovo\AppData\Local\Programs\MiKTeX\tex/generic/pgf/basiclayer\pgfco
rescopes.code.tex
File: pgfcorescopes.code.tex 2025-08-29 v3.1.11a (3.1.11a)
\pgfpic=\box59
\pgf@hbox=\box60
\pgf@layerbox@main=\box61
\pgf@picture@serial@count=\count329
)
(C:\Users\Lenovo\AppData\Local\Programs\MiKTeX\tex/generic/pgf/basiclayer\pgfco
regraphicstate.code.tex
File: pgfcoregraphicstate.code.tex 2025-08-29 v3.1.11a (3.1.11a)
\pgflinewidth=\dimen273
)
(C:\Users\Lenovo\AppData\Local\Programs\MiKTeX\tex/generic/pgf/basiclayer\pgfco
retransformations.code.tex
File: pgfcoretransformations.code.tex 2025-08-29 v3.1.11a (3.1.11a)
\pgf@pt@x=\dimen274
\pgf@pt@y=\dimen275
\pgf@pt@temp=\dimen276
)
(C:\Users\Lenovo\AppData\Local\Programs\MiKTeX\tex/generic/pgf/basiclayer\pgfco
requick.code.tex
File: pgfcorequick.code.tex 2025-08-29 v3.1.11a (3.1.11a)
)
(C:\Users\Lenovo\AppData\Local\Programs\MiKTeX\tex/generic/pgf/basiclayer\pgfco
reobjects.code.tex
File: pgfcoreobjects.code.tex 2025-08-29 v3.1.11a (3.1.11a)
)
(C:\Users\Lenovo\AppData\Local\Programs\MiKTeX\tex/generic/pgf/basiclayer\pgfco
repathprocessing.code.tex
File: pgfcorepathprocessing.code.tex 2025-08-29 v3.1.11a (3.1.11a)
)
(C:\Users\Lenovo\AppData\Local\Programs\MiKTeX\tex/generic/pgf/basiclayer\pgfco
rearrows.code.tex
File: pgfcorearrows.code.tex 2025-08-29 v3.1.11a (3.1.11a)
\pgfarrowsep=\dimen277
)
(C:\Users\Lenovo\AppData\Local\Programs\MiKTeX\tex/generic/pgf/basiclayer\pgfco
reshade.code.tex
File: pgfcoreshade.code.tex 2025-08-29 v3.1.11a (3.1.11a)
\pgf@max=\dimen278
\pgf@sys@shading@range@num=\count330
\pgf@shadingcount=\count331
)
(C:\Users\Lenovo\AppData\Local\Programs\MiKTeX\tex/generic/pgf/basiclayer\pgfco
reimage.code.tex
File: pgfcoreimage.code.tex 2025-08-29 v3.1.11a (3.1.11a)
)
(C:\Users\Lenovo\AppData\Local\Programs\MiKTeX\tex/generic/pgf/basiclayer\pgfco
reexternal.code.tex
File: pgfcoreexternal.code.tex 2025-08-29 v3.1.11a (3.1.11a)
\pgfexternal@startupbox=\box62
)
(C:\Users\Lenovo\AppData\Local\Programs\MiKTeX\tex/generic/pgf/basiclayer\pgfco
relayers.code.tex
File: pgfcorelayers.code.tex 2025-08-29 v3.1.11a (3.1.11a)
)
(C:\Users\Lenovo\AppData\Local\Programs\MiKTeX\tex/generic/pgf/basiclayer\pgfco
retransparency.code.tex
File: pgfcoretransparency.code.tex 2025-08-29 v3.1.11a (3.1.11a)
)
(C:\Users\Lenovo\AppData\Local\Programs\MiKTeX\tex/generic/pgf/basiclayer\pgfco
repatterns.code.tex
File: pgfcorepatterns.code.tex 2025-08-29 v3.1.11a (3.1.11a)
)
(C:\Users\Lenovo\AppData\Local\Programs\MiKTeX\tex/generic/pgf/basiclayer\pgfco
rerdf.code.tex
File: pgfcorerdf.code.tex 2025-08-29 v3.1.11a (3.1.11a)
)))
(C:\Users\Lenovo\AppData\Local\Programs\MiKTeX\tex/generic/pgf/modules\pgfmodul
eshapes.code.tex
File: pgfmoduleshapes.code.tex 2025-08-29 v3.1.11a (3.1.11a)
\pgfnodeparttextbox=\box63
)
(C:\Users\Lenovo\AppData\Local\Programs\MiKTeX\tex/generic/pgf/modules\pgfmodul
eplot.code.tex
File: pgfmoduleplot.code.tex 2025-08-29 v3.1.11a (3.1.11a)
)
(C:\Users\Lenovo\AppData\Local\Programs\MiKTeX\tex/latex/pgf/compatibility\pgfc
omp-version-0-65.sty
Package: pgfcomp-version-0-65 2025-08-29 v3.1.11a (3.1.11a)
\pgf@nodesepstart=\dimen279
\pgf@nodesepend=\dimen280
)
(C:\Users\Lenovo\AppData\Local\Programs\MiKTeX\tex/latex/pgf/compatibility\pgfc
omp-version-1-18.sty
Package: pgfcomp-version-1-18 2025-08-29 v3.1.11a (3.1.11a)
))
(C:\Users\Lenovo\AppData\Local\Programs\MiKTeX\tex/latex/pgf/utilities\pgffor.s
ty
(C:\Users\Lenovo\AppData\Local\Programs\MiKTeX\tex/latex/pgf/utilities\pgfkeys.
sty
(C:\Users\Lenovo\AppData\Local\Programs\MiKTeX\tex/generic/pgf/utilities\pgfkey
s.code.tex))
(C:\Users\Lenovo\AppData\Local\Programs\MiKTeX\tex/latex/pgf/math\pgfmath.sty
(C:\Users\Lenovo\AppData\Local\Programs\MiKTeX\tex/generic/pgf/math\pgfmath.cod
e.tex))
(C:\Users\Lenovo\AppData\Local\Programs\MiKTeX\tex/generic/pgf/utilities\pgffor
.code.tex
Package: pgffor 2025-08-29 v3.1.11a (3.1.11a)
\pgffor@iter=\dimen281
\pgffor@skip=\dimen282
\pgffor@stack=\toks44
\pgffor@toks=\toks45
))
(C:\Users\Lenovo\AppData\Local\Programs\MiKTeX\tex/generic/pgf/frontendlayer/ti
kz\tikz.code.tex
Package: tikz 2025-08-29 v3.1.11a (3.1.11a)

(C:\Users\Lenovo\AppData\Local\Programs\MiKTeX\tex/generic/pgf/libraries\pgflib
raryplothandlers.code.tex
File: pgflibraryplothandlers.code.tex 2025-08-29 v3.1.11a (3.1.11a)
\pgf@plot@mark@count=\count332
\pgfplotmarksize=\dimen283
)
\tikz@lastx=\dimen284
\tikz@lasty=\dimen285
\tikz@lastxsaved=\dimen286
\tikz@lastysaved=\dimen287
\tikz@lastmovetox=\dimen288
\tikz@lastmovetoy=\dimen289
\tikzleveldistance=\dimen290
\tikzsiblingdistance=\dimen291
\tikz@figbox=\box64
\tikz@figbox@bg=\box65
\tikz@tempbox=\box66
\tikz@tempbox@bg=\box67
\tikztreelevel=\count333
\tikznumberofchildren=\count334
\tikznumberofcurrentchild=\count335
\tikz@fig@count=\count336

(C:\Users\Lenovo\AppData\Local\Programs\MiKTeX\tex/generic/pgf/modules\pgfmodul
ematrix.code.tex
File: pgfmodulematrix.code.tex 2025-08-29 v3.1.11a (3.1.11a)
\pgfmatrixcurrentrow=\count337
\pgfmatrixcurrentcolumn=\count338
\pgf@matrix@numberofcolumns=\count339
)
\tikz@expandcount=\count340

(C:\Users\Lenovo\AppData\Local\Programs\MiKTeX\tex/generic/pgf/frontendlayer/ti
kz/libraries\tikzlibrarytopaths.code.tex
File: tikzlibrarytopaths.code.tex 2025-08-29 v3.1.11a (3.1.11a)
)))
(C:\Users\Lenovo\AppData\Local\Programs\MiKTeX\tex/latex/pgfplots\pgfplots.sty
(C:\Users\Lenovo\AppData\Local\Programs\MiKTeX\tex/generic/pgfplots\pgfplots.re
vision.tex)
Package: pgfplots 2021/05/15 v1.18.1 Data Visualization (1.18.1)

(C:\Users\Lenovo\AppData\Local\Programs\MiKTeX\tex/generic/pgfplots\pgfplots.co
de.tex
(C:\Users\Lenovo\AppData\Local\Programs\MiKTeX\tex/generic/pgfplots\pgfplotscor
e.code.tex
\t@pgfplots@toka=\toks46
\t@pgfplots@tokb=\toks47
\t@pgfplots@tokc=\toks48
\pgfplots@tmpa=\dimen292
\c@pgfplots@coordindex=\count341
\c@pgfplots@scanlineindex=\count342

(C:\Users\Lenovo\AppData\Local\Programs\MiKTeX\tex/generic/pgfplots/sys\pgfplot
ssysgeneric.code.tex))
(C:\Users\Lenovo\AppData\Local\Programs\MiKTeX\tex/generic/pgfplots/libs\pgfplo
tslibrary.code.tex)
(C:\Users\Lenovo\AppData\Local\Programs\MiKTeX\tex/generic/pgfplots/oldpgfcompa
tib\pgfplotsoldpgfsupp_loader.code.tex
(C:\Users\Lenovo\AppData\Local\Programs\MiKTeX\tex/generic/pgf/libraries\pgflib
raryfpu.code.tex)
Package pgfplots: loading complementary utilities for your pgf version...
\t@pgf@toka=\toks49
\t@pgf@tokb=\toks50
\t@pgf@tokc=\toks51

(C:\Users\Lenovo\AppData\Local\Programs\MiKTeX\tex/generic/pgfplots/oldpgfcompa
tib\pgfplotsoldpgfsupp_pgfutil-common-lists.tex))
(C:\Users\Lenovo\AppData\Local\Programs\MiKTeX\tex/generic/pgfplots/util\pgfplo
tsutil.code.tex
(C:\Users\Lenovo\AppData\Local\Programs\MiKTeX\tex/generic/pgfplots/liststructu
re\pgfplotsliststructure.code.tex)
(C:\Users\Lenovo\AppData\Local\Programs\MiKTeX\tex/generic/pgfplots/liststructu
re\pgfplotsliststructureext.code.tex)
(C:\Users\Lenovo\AppData\Local\Programs\MiKTeX\tex/generic/pgfplots/liststructu
re\pgfplotsarray.code.tex
\c@pgfplotsarray@tmp=\count343
)
(C:\Users\Lenovo\AppData\Local\Programs\MiKTeX\tex/generic/pgfplots/liststructu
re\pgfplotsmatrix.code.tex)
(C:\Users\Lenovo\AppData\Local\Programs\MiKTeX\tex/generic/pgfplots/numtable\pg
fplotstableshared.code.tex
\c@pgfplotstable@counta=\count344
\t@pgfplotstable@a=\toks52
)
(C:\Users\Lenovo\AppData\Local\Programs\MiKTeX\tex/generic/pgfplots/liststructu
re\pgfplotsdeque.code.tex)
(C:\Users\Lenovo\AppData\Local\Programs\MiKTeX\tex/generic/pgfplots/util\pgfplo
tsbinary.code.tex
(C:\Users\Lenovo\AppData\Local\Programs\MiKTeX\tex/generic/pgfplots/util\pgfplo
tsbinary.data.code.tex))
(C:\Users\Lenovo\AppData\Local\Programs\MiKTeX\tex/generic/pgfplots/util\pgfplo
tsutil.verb.code.tex)
(C:\Users\Lenovo\AppData\Local\Programs\MiKTeX\tex/generic/pgfplots/libs\pgflib
rarypgfplots.surfshading.code.tex
\c@pgfplotslibrarysurf@no=\count345

(C:\Users\Lenovo\AppData\Local\Programs\MiKTeX\tex/generic/pgfplots/sys\pgflibr
arypgfplots.surfshading.pgfsys-pdftex.def)))
(C:\Users\Lenovo\AppData\Local\Programs\MiKTeX\tex/generic/pgfplots/util\pgfplo
tscolormap.code.tex
(C:\Users\Lenovo\AppData\Local\Programs\MiKTeX\tex/generic/pgfplots/util\pgfplo
tscolor.code.tex))
(C:\Users\Lenovo\AppData\Local\Programs\MiKTeX\tex/generic/pgfplots\pgfplotssta
ckedplots.code.tex)
(C:\Users\Lenovo\AppData\Local\Programs\MiKTeX\tex/generic/pgfplots\pgfplotsplo
thandlers.code.tex
(C:\Users\Lenovo\AppData\Local\Programs\MiKTeX\tex/generic/pgfplots\pgfplotsmes
hplothandler.code.tex
(C:\Users\Lenovo\AppData\Local\Programs\MiKTeX\tex/generic/pgfplots\pgfplotsmes
hplotimage.code.tex)))
(C:\Users\Lenovo\AppData\Local\Programs\MiKTeX\tex/generic/pgfplots\pgfplots.sc
aling.code.tex)
(C:\Users\Lenovo\AppData\Local\Programs\MiKTeX\tex/generic/pgfplots\pgfplotscoo
rdprocessing.code.tex)
(C:\Users\Lenovo\AppData\Local\Programs\MiKTeX\tex/generic/pgfplots\pgfplots.er
rorbars.code.tex)
(C:\Users\Lenovo\AppData\Local\Programs\MiKTeX\tex/generic/pgfplots\pgfplots.ma
rkers.code.tex)
(C:\Users\Lenovo\AppData\Local\Programs\MiKTeX\tex/generic/pgfplots\pgfplotstic
ks.code.tex)
(C:\Users\Lenovo\AppData\Local\Programs\MiKTeX\tex/generic/pgfplots\pgfplots.pa
ths.code.tex)
(C:\Users\Lenovo\AppData\Local\Programs\MiKTeX\tex/generic/pgf/frontendlayer/ti
kz/libraries\tikzlibrarydecorations.code.tex
(C:\Users\Lenovo\AppData\Local\Programs\MiKTeX\tex/generic/pgf/modules\pgfmodul
edecorations.code.tex
\pgfdecoratedcompleteddistance=\dimen293
\pgfdecoratedremainingdistance=\dimen294
\pgfdecoratedinputsegmentcompleteddistance=\dimen295
\pgfdecoratedinputsegmentremainingdistance=\dimen296
\pgf@decorate@distancetomove=\dimen297
\pgf@decorate@repeatstate=\count346
\pgfdecorationsegmentamplitude=\dimen298
\pgfdecorationsegmentlength=\dimen299
)
\tikz@lib@dec@box=\box68
)
(C:\Users\Lenovo\AppData\Local\Programs\MiKTeX\tex/generic/pgf/frontendlayer/ti
kz/libraries\tikzlibrarydecorations.pathmorphing.code.tex
(C:\Users\Lenovo\AppData\Local\Programs\MiKTeX\tex/generic/pgf/libraries/decora
tions\pgflibrarydecorations.pathmorphing.code.tex))
(C:\Users\Lenovo\AppData\Local\Programs\MiKTeX\tex/generic/pgf/frontendlayer/ti
kz/libraries\tikzlibrarydecorations.pathreplacing.code.tex
(C:\Users\Lenovo\AppData\Local\Programs\MiKTeX\tex/generic/pgf/libraries/decora
tions\pgflibrarydecorations.pathreplacing.code.tex))
(C:\Users\Lenovo\AppData\Local\Programs\MiKTeX\tex/generic/pgfplots/libs\tikzli
brarypgfplots.contourlua.code.tex)
\pgfplots@numplots=\count347
\pgfplots@xmin@reg=\dimen300
\pgfplots@xmax@reg=\dimen301
\pgfplots@ymin@reg=\dimen302
\pgfplots@ymax@reg=\dimen303
\pgfplots@zmin@reg=\dimen304
\pgfplots@zmax@reg=\dimen305
)
(C:\Users\Lenovo\AppData\Local\Programs\MiKTeX\tex/generic/pgf/frontendlayer/ti
kz/libraries\tikzlibraryplotmarks.code.tex
File: tikzlibraryplotmarks.code.tex 2025-08-29 v3.1.11a (3.1.11a)

(C:\Users\Lenovo\AppData\Local\Programs\MiKTeX\tex/generic/pgf/libraries\pgflib
raryplotmarks.code.tex
File: pgflibraryplotmarks.code.tex 2025-08-29 v3.1.11a (3.1.11a)
)))
(C:\Users\Lenovo\AppData\Local\Programs\MiKTeX\tex/latex/mathtools\mathtools.st
y
Package: mathtools 2024/10/04 v1.31 mathematical typesetting tools
 (C:\Users\Lenovo\AppData\Local\Programs\MiKTeX\tex/latex/tools\calc.sty
Package: calc 2025/03/01 v4.3b Infix arithmetic (KKT,FJ)
\calc@Acount=\count348
\calc@Bcount=\count349
\calc@Adimen=\dimen306
\calc@Bdimen=\dimen307
\calc@Askip=\skip58
\calc@Bskip=\skip59
LaTeX Info: Redefining \setlength on input line 86.
LaTeX Info: Redefining \addtolength on input line 87.
\calc@Ccount=\count350
\calc@Cskip=\skip60
)
(C:\Users\Lenovo\AppData\Local\Programs\MiKTeX\tex/latex/mathtools\mhsetup.sty
Package: mhsetup 2021/03/18 v1.4 programming setup (MH)
)
\g_MT_multlinerow_int=\count351
\l_MT_multwidth_dim=\dimen308
\origjot=\skip61
\l_MT_shortvdotswithinadjustabove_dim=\dimen309
\l_MT_shortvdotswithinadjustbelow_dim=\dimen310
\l_MT_above_intertext_sep=\dimen311
\l_MT_below_intertext_sep=\dimen312
\l_MT_above_shortintertext_sep=\dimen313
\l_MT_below_shortintertext_sep=\dimen314
\xmathstrut@box=\box69
\xmathstrut@dim=\dimen315
)
(C:\Users\Lenovo\AppData\Local\Programs\MiKTeX\tex/latex/caption\subcaption.sty
Package: subcaption 2023/07/28 v1.6b Sub-captions (AR)
(C:\Users\Lenovo\AppData\Local\Programs\MiKTeX\tex/latex/caption\caption.sty
Package: caption 2023/08/05 v3.6o Customizing captions (AR)

(C:\Users\Lenovo\AppData\Local\Programs\MiKTeX\tex/latex/caption\caption3.sty
Package: caption3 2023/07/31 v2.4d caption3 kernel (AR)
\caption@tempdima=\dimen316
\captionmargin=\dimen317
\caption@leftmargin=\dimen318
\caption@rightmargin=\dimen319
\caption@width=\dimen320
\caption@indent=\dimen321
\caption@parindent=\dimen322
\caption@hangindent=\dimen323
Package caption Info: Standard document class detected.
)
\c@caption@flags=\count352
\c@continuedfloat=\count353
Package caption Info: float package is loaded.
Package caption Info: hyperref package is loaded.
)
Package caption Info: New subtype `subfigure' on input line 238.
\c@subfigure=\count354
Package caption Info: New subtype `subtable' on input line 238.
\c@subtable=\count355
)
(C:\Users\Lenovo\AppData\Local\Programs\MiKTeX\tex/latex/appendix\appendix.sty
Package: appendix 2020/02/08 v1.2c extra appendix facilities
\c@@pps=\count356
\c@@ppsavesec=\count357
\c@@ppsaveapp=\count358
) (C:\Users\Lenovo\AppData\Local\Programs\MiKTeX\tex/latex/csquotes\csquotes.st
y
Package: csquotes 2026-05-19 v5.2p context-sensitive quotations (JAW)
\csq@reset=\count359
\csq@gtype=\count360
\csq@glevel=\count361
\csq@qlevel=\count362
\csq@maxlvl=\count363
\csq@tshold=\count364
\csq@ltx@everypar=\toks53
(C:\Users\Lenovo\AppData\Local\Programs\MiKTeX\tex/latex/csquotes\csquotes.def
File: csquotes.def 2026-05-19 v5.2p csquotes generic definitions (JAW)
)
Package csquotes Info: Trying to load configuration file 'csquotes.cfg'...
Package csquotes Info: ... configuration file loaded successfully.
(C:\Users\Lenovo\AppData\Local\Programs\MiKTeX\tex/latex/csquotes\csquotes.cfg
File: csquotes.cfg 
))
(C:\Users\Lenovo\AppData\Local\Programs\MiKTeX\tex/latex/biblatex\biblatex.sty
Package: biblatex 2025/07/10 v3.21 programmable bibliographies (PK/MW)

(C:\Users\Lenovo\AppData\Local\Programs\MiKTeX\tex/latex/logreq\logreq.sty
Package: logreq 2010/08/04 v1.0 xml request logger
\lrq@indent=\count365

(C:\Users\Lenovo\AppData\Local\Programs\MiKTeX\tex/latex/logreq\logreq.def
File: logreq.def 2010/08/04 v1.0 logreq spec v1.0
))
\c@tabx@nest=\count366
\c@listtotal=\count367
\c@listcount=\count368
\c@liststart=\count369
\c@liststop=\count370
\c@citecount=\count371
\c@citetotal=\count372
\c@multicitecount=\count373
\c@multicitetotal=\count374
\c@instcount=\count375
\c@maxnames=\count376
\c@minnames=\count377
\c@maxitems=\count378
\c@minitems=\count379
\c@citecounter=\count380
\c@maxcitecounter=\count381
\c@savedcitecounter=\count382
\c@uniquelist=\count383
\c@uniquename=\count384
\c@refsection=\count385
\c@refsegment=\count386
\c@maxextratitle=\count387
\c@maxextratitleyear=\count388
\c@maxextraname=\count389
\c@maxextradate=\count390
\c@maxextraalpha=\count391
\c@abbrvpenalty=\count392
\c@highnamepenalty=\count393
\c@lownamepenalty=\count394
\c@maxparens=\count395
\c@parenlevel=\count396
\blx@tempcnta=\count397
\blx@tempcntb=\count398
\blx@tempcntc=\count399
\c@blx@maxsection=\count400
\blx@maxsegment@0=\count401
\blx@notetype=\count402
\blx@parenlevel@text=\count403
\blx@parenlevel@foot=\count404
\blx@sectionciteorder@0=\count405
\blx@sectionciteorderinternal@0=\count406
\blx@entrysetcounter=\count407
\blx@biblioinstance=\count408
\labelnumberwidth=\skip62
\labelalphawidth=\skip63
\biblabelsep=\skip64
\bibitemsep=\skip65
\bibnamesep=\skip66
\bibinitsep=\skip67
\bibparsep=\skip68
\bibhang=\skip69
\blx@bcfin=\read4
\blx@bcfout=\write4
\blx@langwohyphens=\language80
\c@mincomprange=\count409
\c@maxcomprange=\count410
\c@mincompwidth=\count411
Package biblatex Info: Trying to load biblatex default data model...
Package biblatex Info: ... file 'blx-dm.def' found.

(C:\Users\Lenovo\AppData\Local\Programs\MiKTeX\tex/latex/biblatex\blx-dm.def
File: blx-dm.def 2025/07/10 v3.21 biblatex datamodel (PK/MW)
)
Package biblatex Info: Trying to load biblatex custom data model...
Package biblatex Info: ... file 'biblatex-dm.cfg' not found.
\c@afterword=\count412
\c@savedafterword=\count413
\c@annotator=\count414
\c@savedannotator=\count415
\c@author=\count416
\c@savedauthor=\count417
\c@bookauthor=\count418
\c@savedbookauthor=\count419
\c@commentator=\count420
\c@savedcommentator=\count421
\c@editor=\count422
\c@savededitor=\count423
\c@editora=\count424
\c@savededitora=\count425
\c@editorb=\count426
\c@savededitorb=\count427
\c@editorc=\count428
\c@savededitorc=\count429
\c@foreword=\count430
\c@savedforeword=\count431
\c@holder=\count432
\c@savedholder=\count433
\c@introduction=\count434
\c@savedintroduction=\count435
\c@namea=\count436
\c@savednamea=\count437
\c@nameb=\count438
\c@savednameb=\count439
\c@namec=\count440
\c@savednamec=\count441
\c@translator=\count442
\c@savedtranslator=\count443
\c@shortauthor=\count444
\c@savedshortauthor=\count445
\c@shorteditor=\count446
\c@savedshorteditor=\count447
\c@labelname=\count448
\c@savedlabelname=\count449
\c@institution=\count450
\c@savedinstitution=\count451
\c@lista=\count452
\c@savedlista=\count453
\c@listb=\count454
\c@savedlistb=\count455
\c@listc=\count456
\c@savedlistc=\count457
\c@listd=\count458
\c@savedlistd=\count459
\c@liste=\count460
\c@savedliste=\count461
\c@listf=\count462
\c@savedlistf=\count463
\c@location=\count464
\c@savedlocation=\count465
\c@organization=\count466
\c@savedorganization=\count467
\c@origlocation=\count468
\c@savedoriglocation=\count469
\c@origpublisher=\count470
\c@savedorigpublisher=\count471
\c@publisher=\count472
\c@savedpublisher=\count473
\c@language=\count474
\c@savedlanguage=\count475
\c@origlanguage=\count476
\c@savedoriglanguage=\count477
\c@pageref=\count478
\c@savedpageref=\count479
\shorthandwidth=\skip70
\shortjournalwidth=\skip71
\shortserieswidth=\skip72
\shorttitlewidth=\skip73
\shortauthorwidth=\skip74
\shorteditorwidth=\skip75
\locallabelnumberwidth=\skip76
\locallabelalphawidth=\skip77
\localshorthandwidth=\skip78
\localshortjournalwidth=\skip79
\localshortserieswidth=\skip80
\localshorttitlewidth=\skip81
\localshortauthorwidth=\skip82
\localshorteditorwidth=\skip83
Package biblatex Info: Trying to load compatibility code...
Package biblatex Info: ... file 'blx-compat.def' found.

(C:\Users\Lenovo\AppData\Local\Programs\MiKTeX\tex/latex/biblatex\blx-compat.de
f
File: blx-compat.def 2025/07/10 v3.21 biblatex compatibility (PK/MW)
)
Package biblatex Info: Trying to load BibTeX backend compatibility...
Package biblatex Info: ... file 'blx-bibtex.def' found.

(C:\Users\Lenovo\AppData\Local\Programs\MiKTeX\tex/latex/biblatex\blx-bibtex.de
f
File: blx-bibtex.def 2025/07/10 v3.21 biblatex compatibility (PK/MW)


Package biblatex Warning: Using fall-back bibtex backend:
(biblatex)                functionality may be reduced/unavailable.

)
Package biblatex Info: Trying to load generic definitions...
Package biblatex Info: ... file 'biblatex.def' found.

(C:\Users\Lenovo\AppData\Local\Programs\MiKTeX\tex/latex/biblatex\biblatex.def
File: biblatex.def 2025/07/10 v3.21 biblatex compatibility (PK/MW)
\c@textcitecount=\count480
\c@textcitetotal=\count481
\c@textcitemaxnames=\count482
\c@biburlbigbreakpenalty=\count483
\c@biburlbreakpenalty=\count484
\c@biburlnumpenalty=\count485
\c@biburlucpenalty=\count486
\c@biburllcpenalty=\count487
\biburlbigskip=\muskip19
\biburlnumskip=\muskip20
\biburlucskip=\muskip21
\biburllcskip=\muskip22
\c@smartand=\count488
)
Package biblatex Info: Trying to load natbib compatibility...
Package biblatex Info: ... file 'blx-natbib.def' found.

(C:\Users\Lenovo\AppData\Local\Programs\MiKTeX\tex/latex/biblatex\blx-natbib.de
f
File: blx-natbib.def 2025/07/10 v3.21 biblatex compatibility (PK/MW)
Package biblatex Info: Delimiter 'nameyeardelim' in context '' already defined,
 overwriting.
)
Package biblatex Info: Trying to load bibliography style 'numeric'...
Package biblatex Info: ... file 'numeric.bbx' found.

(C:\Users\Lenovo\AppData\Local\Programs\MiKTeX\tex/latex/biblatex/bbx\numeric.b
bx
File: numeric.bbx 2025/07/10 v3.21 biblatex bibliography style (PK/MW)
Package biblatex Info: Trying to load bibliography style 'standard'...
Package biblatex Info: ... file 'standard.bbx' found.

(C:\Users\Lenovo\AppData\Local\Programs\MiKTeX\tex/latex/biblatex/bbx\standard.
bbx
File: standard.bbx 2025/07/10 v3.21 biblatex bibliography style (PK/MW)
\c@bbx:relatedcount=\count489
\c@bbx:relatedtotal=\count490
))
Package biblatex Info: Trying to load citation style 'numeric'...
Package biblatex Info: ... file 'numeric.cbx' found.

(C:\Users\Lenovo\AppData\Local\Programs\MiKTeX\tex/latex/biblatex/cbx\numeric.c
bx
File: numeric.cbx 2025/07/10 v3.21 biblatex citation style (PK/MW)
Package biblatex Info: Redefining '\cite'.
Package biblatex Info: Redefining '\parencite'.
Package biblatex Info: Redefining '\footcite'.
Package biblatex Info: Redefining '\footcitetext'.
Package biblatex Info: Redefining '\smartcite'.
Package biblatex Info: Redefining '\supercite'.
Package biblatex Info: Redefining '\textcite'.
Package biblatex Info: Redefining '\textcites'.
Package biblatex Info: Redefining '\cites'.
Package biblatex Info: Redefining '\parencites'.
Package biblatex Info: Redefining '\smartcites'.
)
Package biblatex Info: Trying to load configuration file...
Package biblatex Info: ... file 'biblatex.cfg' found.

(C:\Users\Lenovo\AppData\Local\Programs\MiKTeX\tex/latex/biblatex\biblatex.cfg
File: biblatex.cfg 
)
Package biblatex Info: Input encoding 'utf8' detected.
Package biblatex Info: Document encoding is UTF8 ....
(C:\Users\Lenovo\AppData\Local\Programs\MiKTeX\tex/latex/l3kernel\expl3.sty
Package: expl3 2025-12-24 L3 programming layer (loader) 

(C:\Users\Lenovo\AppData\Local\Programs\MiKTeX\tex/latex/l3backend\l3backend-pd
ftex.def
File: l3backend-pdftex.def 2025-10-09 L3 backend support: PDF output (pdfTeX)
\l__color_backend_stack_int=\count491
))
Package biblatex Info: ... and expl3
(biblatex)             2025-12-24 L3 programming layer (loader) 
(biblatex)             is new enough (at least 2020/04/06),
(biblatex)             setting 'casechanger=expl3'.

(C:\Users\Lenovo\AppData\Local\Programs\MiKTeX\tex/latex/biblatex\blx-case-expl
3.sty
(C:\Users\Lenovo\AppData\Local\Programs\MiKTeX\tex/latex/l3packages/xparse\xpar
se.sty
Package: xparse 2025-10-09 L3 Experimental document command parser
)
Package: blx-case-expl3 2025/07/10 v3.21 expl3 case changing code for biblatex
))
(C:\Users\Lenovo\AppData\Local\Programs\MiKTeX\tex/latex/ifmtarg\ifmtarg.sty
Package: ifmtarg 2018/04/16 v1.2b check for an empty argument
)
(C:\Users\Lenovo\AppData\Local\Programs\MiKTeX\tex/latex/setspace\setspace.sty
Package: setspace 2022/12/04 v6.7b set line spacing
) (C:\Users\Lenovo\AppData\Local\Programs\MiKTeX\tex/latex/fancyhdr\fancyhdr.st
y
Package: fancyhdr 2025/02/07 v5.2 Extensive control of page headers and footers

\f@nch@headwidth=\skip84
\f@nch@offset@elh=\skip85
\f@nch@offset@erh=\skip86
\f@nch@offset@olh=\skip87
\f@nch@offset@orh=\skip88
\f@nch@offset@elf=\skip89
\f@nch@offset@erf=\skip90
\f@nch@offset@olf=\skip91
\f@nch@offset@orf=\skip92
\f@nch@height=\skip93
\f@nch@footalignment=\skip94
\f@nch@widthL=\skip95
\f@nch@widthC=\skip96
\f@nch@widthR=\skip97
\@temptokenb=\toks54
)
\c@pagesWithoutNumbers=\count492
) (config/my-settings.tex
(C:\Users\Lenovo\AppData\Local\Programs\MiKTeX\tex/generic/pgf/frontendlayer/ti
kz/libraries\tikzlibrarypositioning.code.tex
File: tikzlibrarypositioning.code.tex 2025-08-29 v3.1.11a (3.1.11a)
)
(C:\Users\Lenovo\AppData\Local\Programs\MiKTeX\tex/generic/pgf/libraries\pgflib
raryarrows.meta.code.tex
File: pgflibraryarrows.meta.code.tex 2025-08-29 v3.1.11a (3.1.11a)
\pgfarrowinset=\dimen324
\pgfarrowlength=\dimen325
\pgfarrowwidth=\dimen326
\pgfarrowlinewidth=\dimen327
)
(C:\Users\Lenovo\AppData\Local\Programs\MiKTeX\tex/generic/pgf/frontendlayer/ti
kz/libraries\tikzlibraryshapes.geometric.code.tex
File: tikzlibraryshapes.geometric.code.tex 2025-08-29 v3.1.11a (3.1.11a)

(C:\Users\Lenovo\AppData\Local\Programs\MiKTeX\tex/generic/pgf/libraries/shapes
\pgflibraryshapes.geometric.code.tex
File: pgflibraryshapes.geometric.code.tex 2025-08-29 v3.1.11a (3.1.11a)
))
(C:\Users\Lenovo\AppData\Local\Programs\MiKTeX\tex/latex/listings\listings.sty
\lst@mode=\count493
\lst@gtempboxa=\box70
\lst@token=\toks55
\lst@length=\count494
\lst@currlwidth=\dimen328
\lst@column=\count495
\lst@pos=\count496
\lst@lostspace=\dimen329
\lst@width=\dimen330
\lst@newlines=\count497
\lst@lineno=\count498
\lst@maxwidth=\dimen331

(C:\Users\Lenovo\AppData\Local\Programs\MiKTeX\tex/latex/listings\lstpatch.sty
File: lstpatch.sty 2025/11/14 1.11b (Carsten Heinz)
) (C:\Users\Lenovo\AppData\Local\Programs\MiKTeX\tex/latex/listings\lstmisc.sty
File: lstmisc.sty 2025/11/14 1.11b (Carsten Heinz)
\c@lstnumber=\count499
\lst@skipnumbers=\count500
\lst@framebox=\box71
) (C:\Users\Lenovo\AppData\Local\Programs\MiKTeX\tex/latex/listings\listings.cf
g
File: listings.cfg 2025/11/14 1.11b listings configuration
))
Package: listings 2025/11/14 1.11b (Carsten Heinz)

==> First Aid for listings.sty no longer applied!
    Expected:
        2024/09/23 1.10c (Carsten Heinz)
    but found:
        2025/11/14 1.11b (Carsten Heinz)
    so I'm assuming it got fixed.
(C:\Users\Lenovo\AppData\Local\Programs\MiKTeX\tex/latex/multirow\multirow.sty
Package: multirow 2024/11/12 v2.9 Span multiple rows of a table
\multirow@colwidth=\skip98
\multirow@cntb=\count501
\multirow@dima=\skip99
\bigstrutjot=\dimen332
) (C:\Users\Lenovo\AppData\Local\Programs\MiKTeX\tex/latex/tools\longtable.sty
Package: longtable 2025-10-13 v4.24 Multi-page Table package (DPC)
\LTleft=\skip100
\LTright=\skip101
\LTpre=\skip102
\LTpost=\skip103
\LTchunksize=\count502
\LTcapwidth=\dimen333
\LT@head=\box72
\LT@firsthead=\box73
\LT@foot=\box74
\LT@lastfoot=\box75
\LT@gbox=\box76
\LT@cols=\count503
\LT@rows=\count504
\c@LT@tables=\count505
\c@LT@chunks=\count506
\LT@p@ftn=\toks56
)
(C:\Users\Lenovo\AppData\Local\Programs\MiKTeX\tex/latex/tools\array.sty
Package: array 2025/09/25 v2.6n Tabular extension package (FMi)
\col@sep=\dimen334
\ar@mcellbox=\box77
\extrarowheight=\dimen335
\NC@list=\toks57
\extratabsurround=\skip104
\backup@length=\skip105
\ar@cellbox=\box78
)
(C:\Users\Lenovo\AppData\Local\Programs\MiKTeX\tex/latex/graphics\rotating.sty
Package: rotating 2025/01/14 v2.16e rotated objects in LaTeX
\c@r@tfl@t=\count507
\rotFPtop=\skip106
\rotFPbot=\skip107
\rot@float@box=\box79
\rot@mess@toks=\toks58
) (C:\Users\Lenovo\AppData\Local\Programs\MiKTeX\tex/latex/listings\lstlang1.st
y
File: lstlang1.sty 2025/11/14 1.11b listings language file
)
(C:\Users\Lenovo\AppData\Local\Programs\MiKTeX\tex/latex/listings\lstlang1.sty
File: lstlang1.sty 2025/11/14 1.11b listings language file
) (C:\Users\Lenovo\AppData\Local\Programs\MiKTeX\tex/latex/listings\lstmisc.sty
File: lstmisc.sty 2025/11/14 1.11b (Carsten Heinz)
))
Package csquotes Info: Checking for multilingual support...
Package csquotes Info: ... found 'babel' package.
Package csquotes Info: Adjusting default style.
Package csquotes Info: Redefining alias 'default' -> 'british'.
LaTeX Font Info:    Trying to load font information for T1+lmr on input line 11
8.
 (C:\Users\Lenovo\AppData\Local\Programs\MiKTeX\tex/latex/lm\t1lmr.fd
File: t1lmr.fd 2015/05/01 v1.6.1 Font defs for Latin Modern
)
(main.aux
Package babel Info: 'polish' activates 'polish' shorthands.
(babel)             Reported on input line 13.
)
\openout1 = `main.aux'.

LaTeX Font Info:    Checking defaults for OML/cmm/m/it on input line 118.
LaTeX Font Info:    ... okay on input line 118.
LaTeX Font Info:    Checking defaults for OMS/cmsy/m/n on input line 118.
LaTeX Font Info:    ... okay on input line 118.
LaTeX Font Info:    Checking defaults for OT1/cmr/m/n on input line 118.
LaTeX Font Info:    ... okay on input line 118.
LaTeX Font Info:    Checking defaults for T1/cmr/m/n on input line 118.
LaTeX Font Info:    ... okay on input line 118.
LaTeX Font Info:    Checking defaults for TS1/cmr/m/n on input line 118.
LaTeX Font Info:    ... okay on input line 118.
LaTeX Font Info:    Checking defaults for OMX/cmex/m/n on input line 118.
LaTeX Font Info:    ... okay on input line 118.
LaTeX Font Info:    Checking defaults for U/cmr/m/n on input line 118.
LaTeX Font Info:    ... okay on input line 118.
LaTeX Font Info:    Checking defaults for PD1/pdf/m/n on input line 118.
LaTeX Font Info:    ... okay on input line 118.
LaTeX Font Info:    Checking defaults for PU/pdf/m/n on input line 118.
LaTeX Font Info:    ... okay on input line 118.

*geometry* driver: auto-detecting
*geometry* detected driver: pdftex
*geometry* verbose mode - [ preamble ] result:
* driver: pdftex
* paper: a4paper
* layout: <same size as paper>
* layoutoffset:(h,v)=(0.0pt,0.0pt)
* modes: twoside 
* h-part:(L,W,R)=(71.13188pt, 455.24411pt, 71.13188pt)
* v-part:(T,H,B)=(71.13188pt, 702.78308pt, 71.13188pt)
* \paperwidth=597.50787pt
* \paperheight=845.04684pt
* \textwidth=455.24411pt
* \textheight=702.78308pt
* \oddsidemargin=-1.1381pt
* \evensidemargin=-1.1381pt
* \topmargin=-33.0119pt
* \headheight=12.0pt
* \headsep=19.8738pt
* \topskip=12.0pt
* \footskip=30.0pt
* \marginparwidth=88.0pt
* \marginparsep=7.0pt
* \columnsep=10.0pt
* \skip\footins=10.8pt plus 4.0pt minus 2.0pt
* \hoffset=0.0pt
* \voffset=0.0pt
* \mag=1000
* \@twocolumnfalse
* \@twosidetrue
* \@mparswitchtrue
* \@reversemarginfalse
* (1in=72.27pt=25.4mm, 1cm=28.453pt)


(C:\Users\Lenovo\AppData\Local\Programs\MiKTeX\tex/context/base/mkii\supp-pdf.m
kii
[Loading MPS to PDF converter (version 2006.09.02).]
\scratchcounter=\count508
\scratchdimen=\dimen336
\scratchbox=\box80
\nofMPsegments=\count509
\nofMParguments=\count510
\everyMPshowfont=\toks59
\MPscratchCnt=\count511
\MPscratchDim=\dimen337
\MPnumerator=\count512
\makeMPintoPDFobject=\count513
\everyMPtoPDFconversion=\toks60
)
(C:\Users\Lenovo\AppData\Local\Programs\MiKTeX\tex/latex/epstopdf-pkg\epstopdf-
base.sty
Package: epstopdf-base 2020-01-24 v2.11 Base part for package epstopdf
Package epstopdf-base Info: Redefining graphics rule for `.eps' on input line 4
85.

(C:\Users\Lenovo\AppData\Local\Programs\MiKTeX\tex/latex/00miktex\epstopdf-sys.
cfg
File: epstopdf-sys.cfg 2021/03/18 v2.0 Configuration of epstopdf for MiKTeX
))
Package hyperref Info: Link coloring OFF on input line 118.
 (main.out) (main.out)
\@outlinefile=\write5
\openout5 = `main.out'.



Package pgfplots Warning: running in backwards compatibility mode (unsuitable t
ick labels; missing features). Consider writing \pgfplotsset{compat=1.18} into 
your preamble.
 on input line 118.

Package caption Info: Begin \AtBeginDocument code.
Package caption Info: listings package is loaded.
Package caption Info: longtable package is loaded.
(C:\Users\Lenovo\AppData\Local\Programs\MiKTeX\tex/latex/caption\ltcaption.sty
Package: ltcaption 2021/01/08 v1.4c longtable captions (AR)
)
Package caption Info: rotating package is loaded.
Package caption Info: End \AtBeginDocument code.
Package biblatex Info: Trying to load language 'british'...
Package biblatex Info: ... file 'british.lbx' found.

(C:\Users\Lenovo\AppData\Local\Programs\MiKTeX\tex/latex/biblatex/lbx\british.l
bx
File: british.lbx 2025/07/10 v3.21 biblatex localization (PK/MW)
Package biblatex Info: Trying to load language 'english'...
Package biblatex Info: ... file 'english.lbx' found.

(C:\Users\Lenovo\AppData\Local\Programs\MiKTeX\tex/latex/biblatex/lbx\english.l
bx
File: english.lbx 2025/07/10 v3.21 biblatex localization (PK/MW)
))
Package biblatex Info: Trying to load language 'polish'...
Package biblatex Info: ... file 'polish.lbx' found.

(C:\Users\Lenovo\AppData\Local\Programs\MiKTeX\tex/latex/biblatex/lbx\polish.lb
x
File: polish.lbx 2025/07/10 v3.21 biblatex localization (PK/MW)
)
Package biblatex Info: Input encoding 'utf8' detected.
Package biblatex Info: Automatic encoding selection.
(biblatex)             Assuming data encoding 'utf8'.
Package biblatex Info: Input encoding 'utf8' detected.
Package biblatex Info: Data encoding 'utf8' specified.
(biblatex)             No need to reencode data.
\openout4 = `main-blx.bib'.

Package biblatex Info: Trying to load bibliographic data...
Package biblatex Info: ... file 'main.bbl' found.
 (main.bbl)
Package biblatex Info: Reference section=0 on input line 118.
Package biblatex Info: Reference segment=0 on input line 118.
\c@lstlisting=\count514
 (config/titlepage.tex
*geometry* verbose mode - [ newgeometry ] result:
* driver: pdftex
* paper: a4paper
* layout: <same size as paper>
* layoutoffset:(h,v)=(0.0pt,0.0pt)
* modes: twoside 
* h-part:(L,W,R)=(85.35826pt, 441.01773pt, 71.13188pt)
* v-part:(T,H,B)=(42.67912pt, 731.23584pt, 71.13188pt)
* \paperwidth=597.50787pt
* \paperheight=845.04684pt
* \textwidth=441.01773pt
* \textheight=731.23584pt
* \oddsidemargin=13.08827pt
* \evensidemargin=-1.1381pt
* \topmargin=-61.46466pt
* \headheight=12.0pt
* \headsep=19.8738pt
* \topskip=12.0pt
* \footskip=30.0pt
* \marginparwidth=88.0pt
* \marginparsep=7.0pt
* \columnsep=10.0pt
* \skip\footins=10.8pt plus 4.0pt minus 2.0pt
* \hoffset=0.0pt
* \voffset=0.0pt
* \mag=1000
* \@twocolumnfalse
* \@twosidetrue
* \@mparswitchtrue
* \@reversemarginfalse
* (1in=72.27pt=25.4mm, 1cm=28.453pt)

LaTeX Font Info:    Trying to load font information for T1+lmss on input line 2
2.

(C:\Users\Lenovo\AppData\Local\Programs\MiKTeX\tex/latex/lm\t1lmss.fd
File: t1lmss.fd 2015/05/01 v1.6.1 Font defs for Latin Modern
)
<graf/politechnika_sl_logo_bw_pion_en.pdf, id=238, 179.67125pt x 230.8625pt>
File: graf/politechnika_sl_logo_bw_pion_en.pdf Graphic file (type pdf)
<use graf/politechnika_sl_logo_bw_pion_en.pdf>
Package pdftex.def Info: graf/politechnika_sl_logo_bw_pion_en.pdf  used on inpu
t line 24.
(pdftex.def)             Requested size: 142.26378pt x 182.80913pt.
 [1



{C:/Users/Lenovo/AppData/Local/MiKTeX/fonts/map/pdftex/pdftex.map}{C:/Users/Len
ovo/AppData/Local/Programs/MiKTeX/fonts/enc/dvips/lm/lm-ec.enc} <./graf/politec
hnika_sl_logo_bw_pion_en.pdf>]) [2


] (chapters/00.tex [3]) [4] (main.toc
LaTeX Font Info:    Trying to load font information for OT1+lmr on input line 1
0.

(C:\Users\Lenovo\AppData\Local\Programs\MiKTeX\tex/latex/lm\ot1lmr.fd
File: ot1lmr.fd 2015/05/01 v1.6.1 Font defs for Latin Modern
)
LaTeX Font Info:    Trying to load font information for OML+lmm on input line 1
0.

(C:\Users\Lenovo\AppData\Local\Programs\MiKTeX\tex/latex/lm\omllmm.fd
File: omllmm.fd 2015/05/01 v1.6.1 Font defs for Latin Modern
)
LaTeX Font Info:    Trying to load font information for OMS+lmsy on input line 
10.

(C:\Users\Lenovo\AppData\Local\Programs\MiKTeX\tex/latex/lm\omslmsy.fd
File: omslmsy.fd 2015/05/01 v1.6.1 Font defs for Latin Modern
)
LaTeX Font Info:    Trying to load font information for OMX+lmex on input line 
10.

(C:\Users\Lenovo\AppData\Local\Programs\MiKTeX\tex/latex/lm\omxlmex.fd
File: omxlmex.fd 2015/05/01 v1.6.1 Font defs for Latin Modern
)
LaTeX Font Info:    External font `lmex10' loaded for size
(Font)              <12> on input line 10.
LaTeX Font Info:    External font `lmex10' loaded for size
(Font)              <8> on input line 10.
LaTeX Font Info:    External font `lmex10' loaded for size
(Font)              <6> on input line 10.
LaTeX Font Info:    Trying to load font information for U+msa on input line 10.


(C:\Users\Lenovo\AppData\Local\Programs\MiKTeX\tex/latex/amsfonts\umsa.fd
File: umsa.fd 2013/01/14 v3.01 AMS symbols A
)
LaTeX Font Info:    Trying to load font information for U+msb on input line 10.


(C:\Users\Lenovo\AppData\Local\Programs\MiKTeX\tex/latex/amsfonts\umsb.fd
File: umsb.fd 2013/01/14 v3.01 AMS symbols B
)
[5

])
\tf@toc=\write6
\openout6 = `main.toc'.

 [6] (chapters/01.tex
Chapter 1.
[1



]

Package fancyhdr Warning: \headheight is too small (12.0pt): 
(fancyhdr)                Make it at least 14.49998pt, for example:
(fancyhdr)                \setlength{\headheight}{14.49998pt}.
(fancyhdr)                You might also make \topmargin smaller:
(fancyhdr)                \addtolength{\topmargin}{-2.49998pt}.

[2]
LaTeX Font Info:    Trying to load font information for T1+lmtt on input line 3
7.
 (C:\Users\Lenovo\AppData\Local\Programs\MiKTeX\tex/latex/lm\t1lmtt.fd
File: t1lmtt.fd 2015/05/01 v1.6.1 Font defs for Latin Modern
)

Package fancyhdr Warning: \headheight is too small (12.0pt): 
(fancyhdr)                Make it at least 14.49998pt, for example:
(fancyhdr)                \setlength{\headheight}{14.49998pt}.
(fancyhdr)                You might also make \topmargin smaller:
(fancyhdr)                \addtolength{\topmargin}{-2.49998pt}.

[3]
LaTeX Font Info:    Trying to load font information for TS1+lmr on input line 5
8.
 (C:\Users\Lenovo\AppData\Local\Programs\MiKTeX\tex/latex/lm\ts1lmr.fd
File: ts1lmr.fd 2015/05/01 v1.6.1 Font defs for Latin Modern
)

Package fancyhdr Warning: \headheight is too small (12.0pt): 
(fancyhdr)                Make it at least 14.49998pt, for example:
(fancyhdr)                \setlength{\headheight}{14.49998pt}.
(fancyhdr)                You might also make \topmargin smaller:
(fancyhdr)                \addtolength{\topmargin}{-2.49998pt}.

[4{C:/Users/Lenovo/AppData/Local/Programs/MiKTeX/fonts/enc/dvips/lm/lm-ts1.enc}
]

Package fancyhdr Warning: \headheight is too small (12.0pt): 
(fancyhdr)                Make it at least 14.49998pt, for example:
(fancyhdr)                \setlength{\headheight}{14.49998pt}.
(fancyhdr)                You might also make \topmargin smaller:
(fancyhdr)                \addtolength{\topmargin}{-2.49998pt}.

[5]) (chapters/02.tex

Package fancyhdr Warning: \headheight is too small (12.0pt): 
(fancyhdr)                Make it at least 14.49998pt, for example:
(fancyhdr)                \setlength{\headheight}{14.49998pt}.
(fancyhdr)                You might also make \topmargin smaller:
(fancyhdr)                \addtolength{\topmargin}{-2.49998pt}.

[6]
Chapter 2.
[7

]

Package fancyhdr Warning: \headheight is too small (12.0pt): 
(fancyhdr)                Make it at least 14.49998pt, for example:
(fancyhdr)                \setlength{\headheight}{14.49998pt}.
(fancyhdr)                You might also make \topmargin smaller:
(fancyhdr)                \addtolength{\topmargin}{-2.49998pt}.

[8{C:/Users/Lenovo/AppData/Local/Programs/MiKTeX/fonts/enc/dvips/lm/lm-mathit.e
nc}{C:/Users/Lenovo/AppData/Local/Programs/MiKTeX/fonts/enc/dvips/lm/lm-rm.enc}
]

Package fancyhdr Warning: \headheight is too small (12.0pt): 
(fancyhdr)                Make it at least 14.49998pt, for example:
(fancyhdr)                \setlength{\headheight}{14.49998pt}.
(fancyhdr)                You might also make \topmargin smaller:
(fancyhdr)                \addtolength{\topmargin}{-2.49998pt}.

[9]

Package fancyhdr Warning: \headheight is too small (12.0pt): 
(fancyhdr)                Make it at least 14.49998pt, for example:
(fancyhdr)                \setlength{\headheight}{14.49998pt}.
(fancyhdr)                You might also make \topmargin smaller:
(fancyhdr)                \addtolength{\topmargin}{-2.49998pt}.

[10{C:/Users/Lenovo/AppData/Local/Programs/MiKTeX/fonts/enc/dvips/lm/lm-mathex.
enc}]

Package fancyhdr Warning: \headheight is too small (12.0pt): 
(fancyhdr)                Make it at least 14.49998pt, for example:
(fancyhdr)                \setlength{\headheight}{14.49998pt}.
(fancyhdr)                You might also make \topmargin smaller:
(fancyhdr)                \addtolength{\topmargin}{-2.49998pt}.

[11]
Overfull \hbox (11.65327pt too wide) in paragraph at lines 140--141
[]\T1/lmr/m/n/12 Back-propagation - The suc-cess-ful use and pop-ular-iz-a-tion
 of the back-propagation
 []


Package fancyhdr Warning: \headheight is too small (12.0pt): 
(fancyhdr)                Make it at least 14.49998pt, for example:
(fancyhdr)                \setlength{\headheight}{14.49998pt}.
(fancyhdr)                You might also make \topmargin smaller:
(fancyhdr)                \addtolength{\topmargin}{-2.49998pt}.

[12]
LaTeX Font Info:    External font `lmex10' loaded for size
(Font)              <14.4> on input line 172.
LaTeX Font Info:    External font `lmex10' loaded for size
(Font)              <10> on input line 172.
LaTeX Font Info:    External font `lmex10' loaded for size
(Font)              <7> on input line 172.


LaTeX Warning: `h' float specifier changed to `ht'.


Underfull \vbox (badness 4543) has occurred while \output is active []



Package fancyhdr Warning: \headheight is too small (12.0pt): 
(fancyhdr)                Make it at least 14.49998pt, for example:
(fancyhdr)                \setlength{\headheight}{14.49998pt}.
(fancyhdr)                You might also make \topmargin smaller:
(fancyhdr)                \addtolength{\topmargin}{-2.49998pt}.

[13]
LaTeX Font Info:    External font `lmex10' loaded for size
(Font)              <17.28> on input line 241.


LaTeX Warning: `h' float specifier changed to `ht'.


Package fancyhdr Warning: \headheight is too small (12.0pt): 
(fancyhdr)                Make it at least 14.49998pt, for example:
(fancyhdr)                \setlength{\headheight}{14.49998pt}.
(fancyhdr)                You might also make \topmargin smaller:
(fancyhdr)                \addtolength{\topmargin}{-2.49998pt}.

[14{C:/Users/Lenovo/AppData/Local/Programs/MiKTeX/fonts/enc/dvips/lm/lm-mathsy.
enc}]
Underfull \vbox (badness 1681) has occurred while \output is active []



Package fancyhdr Warning: \headheight is too small (12.0pt): 
(fancyhdr)                Make it at least 14.49998pt, for example:
(fancyhdr)                \setlength{\headheight}{14.49998pt}.
(fancyhdr)                You might also make \topmargin smaller:
(fancyhdr)                \addtolength{\topmargin}{-2.49998pt}.

[15]
Underfull \vbox (badness 10000) has occurred while \output is active []



Package fancyhdr Warning: \headheight is too small (12.0pt): 
(fancyhdr)                Make it at least 14.49998pt, for example:
(fancyhdr)                \setlength{\headheight}{14.49998pt}.
(fancyhdr)                You might also make \topmargin smaller:
(fancyhdr)                \addtolength{\topmargin}{-2.49998pt}.

[16]

Package fancyhdr Warning: \headheight is too small (12.0pt): 
(fancyhdr)                Make it at least 14.49998pt, for example:
(fancyhdr)                \setlength{\headheight}{14.49998pt}.
(fancyhdr)                You might also make \topmargin smaller:
(fancyhdr)                \addtolength{\topmargin}{-2.49998pt}.

[17]

Package fancyhdr Warning: \headheight is too small (12.0pt): 
(fancyhdr)                Make it at least 14.49998pt, for example:
(fancyhdr)                \setlength{\headheight}{14.49998pt}.
(fancyhdr)                You might also make \topmargin smaller:
(fancyhdr)                \addtolength{\topmargin}{-2.49998pt}.

[18]

Package fancyhdr Warning: \headheight is too small (12.0pt): 
(fancyhdr)                Make it at least 14.49998pt, for example:
(fancyhdr)                \setlength{\headheight}{14.49998pt}.
(fancyhdr)                You might also make \topmargin smaller:
(fancyhdr)                \addtolength{\topmargin}{-2.49998pt}.

[19]
Overfull \hbox (0.72348pt too wide) in paragraph at lines 470--471
\T1/lmr/m/n/12 quently en-coun-ters saddle points: re-gions where the gradi-ent
 is zero but the curvature
 []


Package fancyhdr Warning: \headheight is too small (12.0pt): 
(fancyhdr)                Make it at least 14.49998pt, for example:
(fancyhdr)                \setlength{\headheight}{14.49998pt}.
(fancyhdr)                You might also make \topmargin smaller:
(fancyhdr)                \addtolength{\topmargin}{-2.49998pt}.

[20]

Package fancyhdr Warning: \headheight is too small (12.0pt): 
(fancyhdr)                Make it at least 14.49998pt, for example:
(fancyhdr)                \setlength{\headheight}{14.49998pt}.
(fancyhdr)                You might also make \topmargin smaller:
(fancyhdr)                \addtolength{\topmargin}{-2.49998pt}.

[21]

Package fancyhdr Warning: \headheight is too small (12.0pt): 
(fancyhdr)                Make it at least 14.49998pt, for example:
(fancyhdr)                \setlength{\headheight}{14.49998pt}.
(fancyhdr)                You might also make \topmargin smaller:
(fancyhdr)                \addtolength{\topmargin}{-2.49998pt}.

[22]

Package fancyhdr Warning: \headheight is too small (12.0pt): 
(fancyhdr)                Make it at least 14.49998pt, for example:
(fancyhdr)                \setlength{\headheight}{14.49998pt}.
(fancyhdr)                You might also make \topmargin smaller:
(fancyhdr)                \addtolength{\topmargin}{-2.49998pt}.

[23]

Package fancyhdr Warning: \headheight is too small (12.0pt): 
(fancyhdr)                Make it at least 14.49998pt, for example:
(fancyhdr)                \setlength{\headheight}{14.49998pt}.
(fancyhdr)                You might also make \topmargin smaller:
(fancyhdr)                \addtolength{\topmargin}{-2.49998pt}.

[24]

Package fancyhdr Warning: \headheight is too small (12.0pt): 
(fancyhdr)                Make it at least 14.49998pt, for example:
(fancyhdr)                \setlength{\headheight}{14.49998pt}.
(fancyhdr)                You might also make \topmargin smaller:
(fancyhdr)                \addtolength{\topmargin}{-2.49998pt}.

[25]

Package fancyhdr Warning: \headheight is too small (12.0pt): 
(fancyhdr)                Make it at least 14.49998pt, for example:
(fancyhdr)                \setlength{\headheight}{14.49998pt}.
(fancyhdr)                You might also make \topmargin smaller:
(fancyhdr)                \addtolength{\topmargin}{-2.49998pt}.

[26]

Package fancyhdr Warning: \headheight is too small (12.0pt): 
(fancyhdr)                Make it at least 14.49998pt, for example:
(fancyhdr)                \setlength{\headheight}{14.49998pt}.
(fancyhdr)                You might also make \topmargin smaller:
(fancyhdr)                \addtolength{\topmargin}{-2.49998pt}.

[27]
Overfull \hbox (3.43872pt too wide) in paragraph at lines 627--628
[]\T1/lmr/m/n/12 SARSA -(State-Action-Reward-State-Action) this al-gorithm work
s vir-tu-ally identical
 []


Package fancyhdr Warning: \headheight is too small (12.0pt): 
(fancyhdr)                Make it at least 14.49998pt, for example:
(fancyhdr)                \setlength{\headheight}{14.49998pt}.
(fancyhdr)                You might also make \topmargin smaller:
(fancyhdr)                \addtolength{\topmargin}{-2.49998pt}.

[28]

Package fancyhdr Warning: \headheight is too small (12.0pt): 
(fancyhdr)                Make it at least 14.49998pt, for example:
(fancyhdr)                \setlength{\headheight}{14.49998pt}.
(fancyhdr)                You might also make \topmargin smaller:
(fancyhdr)                \addtolength{\topmargin}{-2.49998pt}.

[29]

Package fancyhdr Warning: \headheight is too small (12.0pt): 
(fancyhdr)                Make it at least 14.49998pt, for example:
(fancyhdr)                \setlength{\headheight}{14.49998pt}.
(fancyhdr)                You might also make \topmargin smaller:
(fancyhdr)                \addtolength{\topmargin}{-2.49998pt}.

[30]

Package fancyhdr Warning: \headheight is too small (12.0pt): 
(fancyhdr)                Make it at least 14.49998pt, for example:
(fancyhdr)                \setlength{\headheight}{14.49998pt}.
(fancyhdr)                You might also make \topmargin smaller:
(fancyhdr)                \addtolength{\topmargin}{-2.49998pt}.

[31]

Package fancyhdr Warning: \headheight is too small (12.0pt): 
(fancyhdr)                Make it at least 14.49998pt, for example:
(fancyhdr)                \setlength{\headheight}{14.49998pt}.
(fancyhdr)                You might also make \topmargin smaller:
(fancyhdr)                \addtolength{\topmargin}{-2.49998pt}.

[32]

Package fancyhdr Warning: \headheight is too small (12.0pt): 
(fancyhdr)                Make it at least 14.49998pt, for example:
(fancyhdr)                \setlength{\headheight}{14.49998pt}.
(fancyhdr)                You might also make \topmargin smaller:
(fancyhdr)                \addtolength{\topmargin}{-2.49998pt}.

[33]

Package fancyhdr Warning: \headheight is too small (12.0pt): 
(fancyhdr)                Make it at least 14.49998pt, for example:
(fancyhdr)                \setlength{\headheight}{14.49998pt}.
(fancyhdr)                You might also make \topmargin smaller:
(fancyhdr)                \addtolength{\topmargin}{-2.49998pt}.

[34]

Package fancyhdr Warning: \headheight is too small (12.0pt): 
(fancyhdr)                Make it at least 14.49998pt, for example:
(fancyhdr)                \setlength{\headheight}{14.49998pt}.
(fancyhdr)                You might also make \topmargin smaller:
(fancyhdr)                \addtolength{\topmargin}{-2.49998pt}.

[35]
Overfull \hbox (9.31894pt too wide) in paragraph at lines 709--709
[]\T1/lmr/bx/n/14.4 Anticheat Sys-tem Based on Re-in-force-ment Learn-ing Agent
s
 []


Underfull \vbox (badness 1939) has occurred while \output is active []



Package fancyhdr Warning: \headheight is too small (12.0pt): 
(fancyhdr)                Make it at least 14.49998pt, for example:
(fancyhdr)                \setlength{\headheight}{14.49998pt}.
(fancyhdr)                You might also make \topmargin smaller:
(fancyhdr)                \addtolength{\topmargin}{-2.49998pt}.

[36]

Package fancyhdr Warning: \headheight is too small (12.0pt): 
(fancyhdr)                Make it at least 14.49998pt, for example:
(fancyhdr)                \setlength{\headheight}{14.49998pt}.
(fancyhdr)                You might also make \topmargin smaller:
(fancyhdr)                \addtolength{\topmargin}{-2.49998pt}.

[37]

Package fancyhdr Warning: \headheight is too small (12.0pt): 
(fancyhdr)                Make it at least 14.49998pt, for example:
(fancyhdr)                \setlength{\headheight}{14.49998pt}.
(fancyhdr)                You might also make \topmargin smaller:
(fancyhdr)                \addtolength{\topmargin}{-2.49998pt}.

[38]

Package fancyhdr Warning: \headheight is too small (12.0pt): 
(fancyhdr)                Make it at least 14.49998pt, for example:
(fancyhdr)                \setlength{\headheight}{14.49998pt}.
(fancyhdr)                You might also make \topmargin smaller:
(fancyhdr)                \addtolength{\topmargin}{-2.49998pt}.

[39]
Underfull \vbox (badness 1112) has occurred while \output is active []



Package fancyhdr Warning: \headheight is too small (12.0pt): 
(fancyhdr)                Make it at least 14.49998pt, for example:
(fancyhdr)                \setlength{\headheight}{14.49998pt}.
(fancyhdr)                You might also make \topmargin smaller:
(fancyhdr)                \addtolength{\topmargin}{-2.49998pt}.

[40]

Package fancyhdr Warning: \headheight is too small (12.0pt): 
(fancyhdr)                Make it at least 14.49998pt, for example:
(fancyhdr)                \setlength{\headheight}{14.49998pt}.
(fancyhdr)                You might also make \topmargin smaller:
(fancyhdr)                \addtolength{\topmargin}{-2.49998pt}.

[41]
Overfull \hbox (2.21269pt too wide) in paragraph at lines 773--774
[]\T1/lmr/m/n/12 The PPO-based anti-cheat sys-tem provided fur-ther evid-ence t
hat Re-in-force-ment Learn-
 []


Package fancyhdr Warning: \headheight is too small (12.0pt): 
(fancyhdr)                Make it at least 14.49998pt, for example:
(fancyhdr)                \setlength{\headheight}{14.49998pt}.
(fancyhdr)                You might also make \topmargin smaller:
(fancyhdr)                \addtolength{\topmargin}{-2.49998pt}.

[42]) (chapters/03.tex

Package fancyhdr Warning: \headheight is too small (12.0pt): 
(fancyhdr)                Make it at least 14.49998pt, for example:
(fancyhdr)                \setlength{\headheight}{14.49998pt}.
(fancyhdr)                You might also make \topmargin smaller:
(fancyhdr)                \addtolength{\topmargin}{-2.49998pt}.

[43]

Package fancyhdr Warning: \headheight is too small (12.0pt): 
(fancyhdr)                Make it at least 14.49998pt, for example:
(fancyhdr)                \setlength{\headheight}{14.49998pt}.
(fancyhdr)                You might also make \topmargin smaller:
(fancyhdr)                \addtolength{\topmargin}{-2.49998pt}.

[44

]
Chapter 3.

Underfull \vbox (badness 1983) has occurred while \output is active []

 [45]

Package fancyhdr Warning: \headheight is too small (12.0pt): 
(fancyhdr)                Make it at least 14.49998pt, for example:
(fancyhdr)                \setlength{\headheight}{14.49998pt}.
(fancyhdr)                You might also make \topmargin smaller:
(fancyhdr)                \addtolength{\topmargin}{-2.49998pt}.

[46]

Package fancyhdr Warning: \headheight is too small (12.0pt): 
(fancyhdr)                Make it at least 14.49998pt, for example:
(fancyhdr)                \setlength{\headheight}{14.49998pt}.
(fancyhdr)                You might also make \topmargin smaller:
(fancyhdr)                \addtolength{\topmargin}{-2.49998pt}.

[47]

Package fancyhdr Warning: \headheight is too small (12.0pt): 
(fancyhdr)                Make it at least 14.49998pt, for example:
(fancyhdr)                \setlength{\headheight}{14.49998pt}.
(fancyhdr)                You might also make \topmargin smaller:
(fancyhdr)                \addtolength{\topmargin}{-2.49998pt}.

[48]

Package fancyhdr Warning: \headheight is too small (12.0pt): 
(fancyhdr)                Make it at least 14.49998pt, for example:
(fancyhdr)                \setlength{\headheight}{14.49998pt}.
(fancyhdr)                You might also make \topmargin smaller:
(fancyhdr)                \addtolength{\topmargin}{-2.49998pt}.

[49]
<images/BF_image.jpg, id=725, 370.38374pt x 515.67656pt>
File: images/BF_image.jpg Graphic file (type jpg)
<use images/BF_image.jpg>
Package pdftex.def Info: images/BF_image.jpg  used on input line 141.
(pdftex.def)             Requested size: 318.66948pt x 443.67778pt.


LaTeX Warning: `h' float specifier changed to `ht'.


Package fancyhdr Warning: \headheight is too small (12.0pt): 
(fancyhdr)                Make it at least 14.49998pt, for example:
(fancyhdr)                \setlength{\headheight}{14.49998pt}.
(fancyhdr)                You might also make \topmargin smaller:
(fancyhdr)                \addtolength{\topmargin}{-2.49998pt}.

[50]

Package fancyhdr Warning: \headheight is too small (12.0pt): 
(fancyhdr)                Make it at least 14.49998pt, for example:
(fancyhdr)                \setlength{\headheight}{14.49998pt}.
(fancyhdr)                You might also make \topmargin smaller:
(fancyhdr)                \addtolength{\topmargin}{-2.49998pt}.

[51 <./images/BF_image.jpg>]
Package hyperref Info: bookmark level for unknown lstlisting defaults to 0 on i
nput line 173.


Package fancyhdr Warning: \headheight is too small (12.0pt): 
(fancyhdr)                Make it at least 14.49998pt, for example:
(fancyhdr)                \setlength{\headheight}{14.49998pt}.
(fancyhdr)                You might also make \topmargin smaller:
(fancyhdr)                \addtolength{\topmargin}{-2.49998pt}.

[52]
Overfull \hbox (3.93953pt too wide) in paragraph at lines 197--198
[]\T1/lmr/m/it/12 even_checkpoints \T1/lmr/m/n/12 ig-nores \T1/lmr/m/it/12 chec
k-point_interval \T1/lmr/m/n/12 and dis-trib-utes the check-points equally
 []


Package fancyhdr Warning: \headheight is too small (12.0pt): 
(fancyhdr)                Make it at least 14.49998pt, for example:
(fancyhdr)                \setlength{\headheight}{14.49998pt}.
(fancyhdr)                You might also make \topmargin smaller:
(fancyhdr)                \addtolength{\topmargin}{-2.49998pt}.

[53]

Package fancyhdr Warning: \headheight is too small (12.0pt): 
(fancyhdr)                Make it at least 14.49998pt, for example:
(fancyhdr)                \setlength{\headheight}{14.49998pt}.
(fancyhdr)                You might also make \topmargin smaller:
(fancyhdr)                \addtolength{\topmargin}{-2.49998pt}.

[54]

Package fancyhdr Warning: \headheight is too small (12.0pt): 
(fancyhdr)                Make it at least 14.49998pt, for example:
(fancyhdr)                \setlength{\headheight}{14.49998pt}.
(fancyhdr)                You might also make \topmargin smaller:
(fancyhdr)                \addtolength{\topmargin}{-2.49998pt}.

[55]

Package fancyhdr Warning: \headheight is too small (12.0pt): 
(fancyhdr)                Make it at least 14.49998pt, for example:
(fancyhdr)                \setlength{\headheight}{14.49998pt}.
(fancyhdr)                You might also make \topmargin smaller:
(fancyhdr)                \addtolength{\topmargin}{-2.49998pt}.

[56]

Package fancyhdr Warning: \headheight is too small (12.0pt): 
(fancyhdr)                Make it at least 14.49998pt, for example:
(fancyhdr)                \setlength{\headheight}{14.49998pt}.
(fancyhdr)                You might also make \topmargin smaller:
(fancyhdr)                \addtolength{\topmargin}{-2.49998pt}.

[57]

Package fancyhdr Warning: \headheight is too small (12.0pt): 
(fancyhdr)                Make it at least 14.49998pt, for example:
(fancyhdr)                \setlength{\headheight}{14.49998pt}.
(fancyhdr)                You might also make \topmargin smaller:
(fancyhdr)                \addtolength{\topmargin}{-2.49998pt}.

[58]

Package fancyhdr Warning: \headheight is too small (12.0pt): 
(fancyhdr)                Make it at least 14.49998pt, for example:
(fancyhdr)                \setlength{\headheight}{14.49998pt}.
(fancyhdr)                You might also make \topmargin smaller:
(fancyhdr)                \addtolength{\topmargin}{-2.49998pt}.

[59]

Package fancyhdr Warning: \headheight is too small (12.0pt): 
(fancyhdr)                Make it at least 14.49998pt, for example:
(fancyhdr)                \setlength{\headheight}{14.49998pt}.
(fancyhdr)                You might also make \topmargin smaller:
(fancyhdr)                \addtolength{\topmargin}{-2.49998pt}.

[60]
ignored error: Infinite glue shrinkage found in box being split

Package fancyhdr Warning: \headheight is too small (12.0pt): 
(fancyhdr)                Make it at least 14.49998pt, for example:
(fancyhdr)                \setlength{\headheight}{14.49998pt}.
(fancyhdr)                You might also make \topmargin smaller:
(fancyhdr)                \addtolength{\topmargin}{-2.49998pt}.

[61]

Package fancyhdr Warning: \headheight is too small (12.0pt): 
(fancyhdr)                Make it at least 14.49998pt, for example:
(fancyhdr)                \setlength{\headheight}{14.49998pt}.
(fancyhdr)                You might also make \topmargin smaller:
(fancyhdr)                \addtolength{\topmargin}{-2.49998pt}.

[62]

Package fancyhdr Warning: \headheight is too small (12.0pt): 
(fancyhdr)                Make it at least 14.49998pt, for example:
(fancyhdr)                \setlength{\headheight}{14.49998pt}.
(fancyhdr)                You might also make \topmargin smaller:
(fancyhdr)                \addtolength{\topmargin}{-2.49998pt}.

[63]

Package fancyhdr Warning: \headheight is too small (12.0pt): 
(fancyhdr)                Make it at least 14.49998pt, for example:
(fancyhdr)                \setlength{\headheight}{14.49998pt}.
(fancyhdr)                You might also make \topmargin smaller:
(fancyhdr)                \addtolength{\topmargin}{-2.49998pt}.

[64]

Package fancyhdr Warning: \headheight is too small (12.0pt): 
(fancyhdr)                Make it at least 14.49998pt, for example:
(fancyhdr)                \setlength{\headheight}{14.49998pt}.
(fancyhdr)                You might also make \topmargin smaller:
(fancyhdr)                \addtolength{\topmargin}{-2.49998pt}.

[65]
Underfull \vbox (badness 10000) has occurred while \output is active []



Package fancyhdr Warning: \headheight is too small (12.0pt): 
(fancyhdr)                Make it at least 14.49998pt, for example:
(fancyhdr)                \setlength{\headheight}{14.49998pt}.
(fancyhdr)                You might also make \topmargin smaller:
(fancyhdr)                \addtolength{\topmargin}{-2.49998pt}.

[66]

Package fancyhdr Warning: \headheight is too small (12.0pt): 
(fancyhdr)                Make it at least 14.49998pt, for example:
(fancyhdr)                \setlength{\headheight}{14.49998pt}.
(fancyhdr)                You might also make \topmargin smaller:
(fancyhdr)                \addtolength{\topmargin}{-2.49998pt}.

[67]) (chapters/04.tex

Package fancyhdr Warning: \headheight is too small (12.0pt): 
(fancyhdr)                Make it at least 14.49998pt, for example:
(fancyhdr)                \setlength{\headheight}{14.49998pt}.
(fancyhdr)                You might also make \topmargin smaller:
(fancyhdr)                \addtolength{\topmargin}{-2.49998pt}.

[68]
Chapter 4.
[69

]
Overfull \hbox (0.958pt too wide) in paragraph at lines 29--30
\T1/lmr/m/n/12 al-gorithm. Each con-fig-ur-a-tion un-der-went mul-tiple in-de-p
end-ent train-ing runs with identical
 []


Package fancyhdr Warning: \headheight is too small (12.0pt): 
(fancyhdr)                Make it at least 14.49998pt, for example:
(fancyhdr)                \setlength{\headheight}{14.49998pt}.
(fancyhdr)                You might also make \topmargin smaller:
(fancyhdr)                \addtolength{\topmargin}{-2.49998pt}.

[70]
Underfull \vbox (badness 10000) has occurred while \output is active []



Package fancyhdr Warning: \headheight is too small (12.0pt): 
(fancyhdr)                Make it at least 14.49998pt, for example:
(fancyhdr)                \setlength{\headheight}{14.49998pt}.
(fancyhdr)                You might also make \topmargin smaller:
(fancyhdr)                \addtolength{\topmargin}{-2.49998pt}.

[71]

Package fancyhdr Warning: \headheight is too small (12.0pt): 
(fancyhdr)                Make it at least 14.49998pt, for example:
(fancyhdr)                \setlength{\headheight}{14.49998pt}.
(fancyhdr)                You might also make \topmargin smaller:
(fancyhdr)                \addtolength{\topmargin}{-2.49998pt}.

[72]
<images/baseline_results/Environment_Cumulative_Reward_agents.png, id=944, 860.
013pt x 425.1885pt>
File: images/baseline_results/Environment_Cumulative_Reward_agents.png Graphic 
file (type png)
<use images/baseline_results/Environment_Cumulative_Reward_agents.png>
Package pdftex.def Info: images/baseline_results/Environment_Cumulative_Reward_
agents.png  used on input line 154.
(pdftex.def)             Requested size: 455.24411pt x 225.06984pt.
<images/baseline_results/Environment_Cumulative_Reward_mean_sd.png, id=946, 859
.7721pt x 425.1885pt>
File: images/baseline_results/Environment_Cumulative_Reward_mean_sd.png Graphic
 file (type png)
<use images/baseline_results/Environment_Cumulative_Reward_mean_sd.png>
Package pdftex.def Info: images/baseline_results/Environment_Cumulative_Reward_
mean_sd.png  used on input line 166.
(pdftex.def)             Requested size: 455.24411pt x 225.13472pt.


Package fancyhdr Warning: \headheight is too small (12.0pt): 
(fancyhdr)                Make it at least 14.49998pt, for example:
(fancyhdr)                \setlength{\headheight}{14.49998pt}.
(fancyhdr)                You might also make \topmargin smaller:
(fancyhdr)                \addtolength{\topmargin}{-2.49998pt}.

[73 <./images/baseline_results/Environment_Cumulative_Reward_agents.png>]
<images/baseline_results/Environment_Lesson_Number_level_agents.png, id=957, 86
0.013pt x 425.1885pt>
File: images/baseline_results/Environment_Lesson_Number_level_agents.png Graphi
c file (type png)
<use images/baseline_results/Environment_Lesson_Number_level_agents.png>
Package pdftex.def Info: images/baseline_results/Environment_Lesson_Number_leve
l_agents.png  used on input line 182.
(pdftex.def)             Requested size: 455.24411pt x 225.06984pt.

Underfull \vbox (badness 10000) has occurred while \output is active []



Package fancyhdr Warning: \headheight is too small (12.0pt): 
(fancyhdr)                Make it at least 14.49998pt, for example:
(fancyhdr)                \setlength{\headheight}{14.49998pt}.
(fancyhdr)                You might also make \topmargin smaller:
(fancyhdr)                \addtolength{\topmargin}{-2.49998pt}.

[74 <./images/baseline_results/Environment_Cumulative_Reward_mean_sd.png>]
Overfull \hbox (1.1742pt too wide) in paragraph at lines 189--190
[]\T1/lmr/m/n/12 Most agents com-pleted the ini-tial cur-riculum level after ap
-prox-im-ately 200,000--300,000
 []


Package fancyhdr Warning: \headheight is too small (12.0pt): 
(fancyhdr)                Make it at least 14.49998pt, for example:
(fancyhdr)                \setlength{\headheight}{14.49998pt}.
(fancyhdr)                You might also make \topmargin smaller:
(fancyhdr)                \addtolength{\topmargin}{-2.49998pt}.

[75 <./images/baseline_results/Environment_Lesson_Number_level_agents.png>]
<images/baseline_results/Environment_Lesson_Number_level_mean_sd.png, id=970, 8
60.013pt x 425.1885pt>
File: images/baseline_results/Environment_Lesson_Number_level_mean_sd.png Graph
ic file (type png)
<use images/baseline_results/Environment_Lesson_Number_level_mean_sd.png>
Package pdftex.def Info: images/baseline_results/Environment_Lesson_Number_leve
l_mean_sd.png  used on input line 200.
(pdftex.def)             Requested size: 455.24411pt x 225.06984pt.

Overfull \hbox (3.6579pt too wide) in paragraph at lines 210--211
[]\T1/lmr/m/n/12 The widen-ing standard-deviation band re-flects the in-creas-i
ng sep-ar-a-tion between agents
 []


Package fancyhdr Warning: \headheight is too small (12.0pt): 
(fancyhdr)                Make it at least 14.49998pt, for example:
(fancyhdr)                \setlength{\headheight}{14.49998pt}.
(fancyhdr)                You might also make \topmargin smaller:
(fancyhdr)                \addtolength{\topmargin}{-2.49998pt}.

[76 <./images/baseline_results/Environment_Lesson_Number_level_mean_sd.png>]
<images/baseline_results/Policy_Entropy_agents.png, id=982, 860.2539pt x 425.18
85pt>
File: images/baseline_results/Policy_Entropy_agents.png Graphic file (type png)

<use images/baseline_results/Policy_Entropy_agents.png>
Package pdftex.def Info: images/baseline_results/Policy_Entropy_agents.png  use
d on input line 220.
(pdftex.def)             Requested size: 455.24411pt x 225.00497pt.
<images/baseline_results/Policy_Entropy_mean_sd.png, id=983, 859.7721pt x 425.1
885pt>
File: images/baseline_results/Policy_Entropy_mean_sd.png Graphic file (type png
)
<use images/baseline_results/Policy_Entropy_mean_sd.png>
Package pdftex.def Info: images/baseline_results/Policy_Entropy_mean_sd.png  us
ed on input line 231.
(pdftex.def)             Requested size: 455.24411pt x 225.13472pt.


Package fancyhdr Warning: \headheight is too small (12.0pt): 
(fancyhdr)                Make it at least 14.49998pt, for example:
(fancyhdr)                \setlength{\headheight}{14.49998pt}.
(fancyhdr)                You might also make \topmargin smaller:
(fancyhdr)                \addtolength{\topmargin}{-2.49998pt}.

[77 <./images/baseline_results/Policy_Entropy_agents.png> <./images/baseline_re
sults/Policy_Entropy_mean_sd.png>]

Package fancyhdr Warning: \headheight is too small (12.0pt): 
(fancyhdr)                Make it at least 14.49998pt, for example:
(fancyhdr)                \setlength{\headheight}{14.49998pt}.
(fancyhdr)                You might also make \topmargin smaller:
(fancyhdr)                \addtolength{\topmargin}{-2.49998pt}.

[78]
Underfull \vbox (badness 7203) has occurred while \output is active []



Package fancyhdr Warning: \headheight is too small (12.0pt): 
(fancyhdr)                Make it at least 14.49998pt, for example:
(fancyhdr)                \setlength{\headheight}{14.49998pt}.
(fancyhdr)                You might also make \topmargin smaller:
(fancyhdr)                \addtolength{\topmargin}{-2.49998pt}.

[79]

Package fancyhdr Warning: \headheight is too small (12.0pt): 
(fancyhdr)                Make it at least 14.49998pt, for example:
(fancyhdr)                \setlength{\headheight}{14.49998pt}.
(fancyhdr)                You might also make \topmargin smaller:
(fancyhdr)                \addtolength{\topmargin}{-2.49998pt}.

[80]

Package fancyhdr Warning: \headheight is too small (12.0pt): 
(fancyhdr)                Make it at least 14.49998pt, for example:
(fancyhdr)                \setlength{\headheight}{14.49998pt}.
(fancyhdr)                You might also make \topmargin smaller:
(fancyhdr)                \addtolength{\topmargin}{-2.49998pt}.

[81]
<images/gail_results/Environment_Cumulative_Reward_agents.png, id=1017, 860.494
8pt x 425.1885pt>
File: images/gail_results/Environment_Cumulative_Reward_agents.png Graphic file
 (type png)
<use images/gail_results/Environment_Cumulative_Reward_agents.png>
Package pdftex.def Info: images/gail_results/Environment_Cumulative_Reward_agen
ts.png  used on input line 462.
(pdftex.def)             Requested size: 455.24411pt x 224.94658pt.


Package fancyhdr Warning: \headheight is too small (12.0pt): 
(fancyhdr)                Make it at least 14.49998pt, for example:
(fancyhdr)                \setlength{\headheight}{14.49998pt}.
(fancyhdr)                You might also make \topmargin smaller:
(fancyhdr)                \addtolength{\topmargin}{-2.49998pt}.

[82]
<images/gail_results/Curriculum_Reward_mean_sd.png, id=1026, 860.013pt x 425.18
85pt>
File: images/gail_results/Curriculum_Reward_mean_sd.png Graphic file (type png)

<use images/gail_results/Curriculum_Reward_mean_sd.png>
Package pdftex.def Info: images/gail_results/Curriculum_Reward_mean_sd.png  use
d on input line 486.
(pdftex.def)             Requested size: 455.24411pt x 225.06984pt.

Underfull \vbox (badness 10000) has occurred while \output is active []



Package fancyhdr Warning: \headheight is too small (12.0pt): 
(fancyhdr)                Make it at least 14.49998pt, for example:
(fancyhdr)                \setlength{\headheight}{14.49998pt}.
(fancyhdr)                You might also make \topmargin smaller:
(fancyhdr)                \addtolength{\topmargin}{-2.49998pt}.

[83 <./images/gail_results/Environment_Cumulative_Reward_agents.png>]
<images/gail_results/Environment_Lesson_Number_level_agents.png, id=1034, 860.4
948pt x 425.1885pt>
File: images/gail_results/Environment_Lesson_Number_level_agents.png Graphic fi
le (type png)
<use images/gail_results/Environment_Lesson_Number_level_agents.png>
Package pdftex.def Info: images/gail_results/Environment_Lesson_Number_level_ag
ents.png  used on input line 501.
(pdftex.def)             Requested size: 455.24411pt x 224.94658pt.


Package fancyhdr Warning: \headheight is too small (12.0pt): 
(fancyhdr)                Make it at least 14.49998pt, for example:
(fancyhdr)                \setlength{\headheight}{14.49998pt}.
(fancyhdr)                You might also make \topmargin smaller:
(fancyhdr)                \addtolength{\topmargin}{-2.49998pt}.

[84 <./images/gail_results/Curriculum_Reward_mean_sd.png> <./images/gail_result
s/Environment_Lesson_Number_level_agents.png>]
<images/gail_results/Environment_Lesson_Number_level_mean_sd.png, id=1044, 860.
013pt x 425.1885pt>
File: images/gail_results/Environment_Lesson_Number_level_mean_sd.png Graphic f
ile (type png)
<use images/gail_results/Environment_Lesson_Number_level_mean_sd.png>
Package pdftex.def Info: images/gail_results/Environment_Lesson_Number_level_me
an_sd.png  used on input line 528.
(pdftex.def)             Requested size: 455.24411pt x 225.06984pt.

Underfull \vbox (badness 10000) has occurred while \output is active []



Package fancyhdr Warning: \headheight is too small (12.0pt): 
(fancyhdr)                Make it at least 14.49998pt, for example:
(fancyhdr)                \setlength{\headheight}{14.49998pt}.
(fancyhdr)                You might also make \topmargin smaller:
(fancyhdr)                \addtolength{\topmargin}{-2.49998pt}.

[85]
<images/gail_results/Policy_Entropy_agents.png, id=1053, 860.4948pt x 425.1885p
t>
File: images/gail_results/Policy_Entropy_agents.png Graphic file (type png)
<use images/gail_results/Policy_Entropy_agents.png>
Package pdftex.def Info: images/gail_results/Policy_Entropy_agents.png  used on
 input line 545.
(pdftex.def)             Requested size: 455.24411pt x 224.94658pt.

Underfull \vbox (badness 3168) has occurred while \output is active []



Package fancyhdr Warning: \headheight is too small (12.0pt): 
(fancyhdr)                Make it at least 14.49998pt, for example:
(fancyhdr)                \setlength{\headheight}{14.49998pt}.
(fancyhdr)                You might also make \topmargin smaller:
(fancyhdr)                \addtolength{\topmargin}{-2.49998pt}.

[86 <./images/gail_results/Environment_Lesson_Number_level_mean_sd.png>]

Package fancyhdr Warning: \headheight is too small (12.0pt): 
(fancyhdr)                Make it at least 14.49998pt, for example:
(fancyhdr)                \setlength{\headheight}{14.49998pt}.
(fancyhdr)                You might also make \topmargin smaller:
(fancyhdr)                \addtolength{\topmargin}{-2.49998pt}.

[87 <./images/gail_results/Policy_Entropy_agents.png>]
<images/gail_results/Policy_Entropy_mean_sd.png, id=1068, 860.013pt x 425.1885p
t>
File: images/gail_results/Policy_Entropy_mean_sd.png Graphic file (type png)
<use images/gail_results/Policy_Entropy_mean_sd.png>
Package pdftex.def Info: images/gail_results/Policy_Entropy_mean_sd.png  used o
n input line 569.
(pdftex.def)             Requested size: 455.24411pt x 225.06984pt.


Package fancyhdr Warning: \headheight is too small (12.0pt): 
(fancyhdr)                Make it at least 14.49998pt, for example:
(fancyhdr)                \setlength{\headheight}{14.49998pt}.
(fancyhdr)                You might also make \topmargin smaller:
(fancyhdr)                \addtolength{\topmargin}{-2.49998pt}.

[88 <./images/gail_results/Policy_Entropy_mean_sd.png>]
Overfull \hbox (5.86494pt too wide) in paragraph at lines 659--660
\T1/lmr/m/n/12 pleted this level re-l-at-ively quickly, after 210,000 steps. In
 con-trast, agents \T1/lmr/m/it/12 PPO_GAIL_no1\T1/lmr/m/n/12 ,
 []


Package fancyhdr Warning: \headheight is too small (12.0pt): 
(fancyhdr)                Make it at least 14.49998pt, for example:
(fancyhdr)                \setlength{\headheight}{14.49998pt}.
(fancyhdr)                You might also make \topmargin smaller:
(fancyhdr)                \addtolength{\topmargin}{-2.49998pt}.

[89]

Package fancyhdr Warning: \headheight is too small (12.0pt): 
(fancyhdr)                Make it at least 14.49998pt, for example:
(fancyhdr)                \setlength{\headheight}{14.49998pt}.
(fancyhdr)                You might also make \topmargin smaller:
(fancyhdr)                \addtolength{\topmargin}{-2.49998pt}.

[90]

Package fancyhdr Warning: \headheight is too small (12.0pt): 
(fancyhdr)                Make it at least 14.49998pt, for example:
(fancyhdr)                \setlength{\headheight}{14.49998pt}.
(fancyhdr)                You might also make \topmargin smaller:
(fancyhdr)                \addtolength{\topmargin}{-2.49998pt}.

[91]
LaTeX Font Info:    External font `lmex10' loaded for size
(Font)              <5> on input line 798.


Package fancyhdr Warning: \headheight is too small (12.0pt): 
(fancyhdr)                Make it at least 14.49998pt, for example:
(fancyhdr)                \setlength{\headheight}{14.49998pt}.
(fancyhdr)                You might also make \topmargin smaller:
(fancyhdr)                \addtolength{\topmargin}{-2.49998pt}.

[92]

Package fancyhdr Warning: \headheight is too small (12.0pt): 
(fancyhdr)                Make it at least 14.49998pt, for example:
(fancyhdr)                \setlength{\headheight}{14.49998pt}.
(fancyhdr)                You might also make \topmargin smaller:
(fancyhdr)                \addtolength{\topmargin}{-2.49998pt}.

[93]

Package fancyhdr Warning: \headheight is too small (12.0pt): 
(fancyhdr)                Make it at least 14.49998pt, for example:
(fancyhdr)                \setlength{\headheight}{14.49998pt}.
(fancyhdr)                You might also make \topmargin smaller:
(fancyhdr)                \addtolength{\topmargin}{-2.49998pt}.

[94]

Package fancyhdr Warning: \headheight is too small (12.0pt): 
(fancyhdr)                Make it at least 14.49998pt, for example:
(fancyhdr)                \setlength{\headheight}{14.49998pt}.
(fancyhdr)                You might also make \topmargin smaller:
(fancyhdr)                \addtolength{\topmargin}{-2.49998pt}.

[95]

Package fancyhdr Warning: \headheight is too small (12.0pt): 
(fancyhdr)                Make it at least 14.49998pt, for example:
(fancyhdr)                \setlength{\headheight}{14.49998pt}.
(fancyhdr)                You might also make \topmargin smaller:
(fancyhdr)                \addtolength{\topmargin}{-2.49998pt}.

[96]) (chapters/05.tex

Package fancyhdr Warning: \headheight is too small (12.0pt): 
(fancyhdr)                Make it at least 14.49998pt, for example:
(fancyhdr)                \setlength{\headheight}{14.49998pt}.
(fancyhdr)                You might also make \topmargin smaller:
(fancyhdr)                \addtolength{\topmargin}{-2.49998pt}.

[97]

Package fancyhdr Warning: \headheight is too small (12.0pt): 
(fancyhdr)                Make it at least 14.49998pt, for example:
(fancyhdr)                \setlength{\headheight}{14.49998pt}.
(fancyhdr)                You might also make \topmargin smaller:
(fancyhdr)                \addtolength{\topmargin}{-2.49998pt}.

[98

]
Chapter 5.
[99])

Package fancyhdr Warning: \headheight is too small (12.0pt): 
(fancyhdr)                Make it at least 14.49998pt, for example:
(fancyhdr)                \setlength{\headheight}{14.49998pt}.
(fancyhdr)                You might also make \topmargin smaller:
(fancyhdr)                \addtolength{\topmargin}{-2.49998pt}.

[100]
Overfull \hbox (0.60425pt too wide) in paragraph at lines 172--172
\T1/lmr/m/n/12 ing Al-gorithms for Bi-pedal Ro-bot Lo-co-motion'. In: \T1/lmr/m
/it/12 IEEE Ac-cess \T1/lmr/m/n/12 12 (2024), pp. 7490^^U
 []

[101


]
Overfull \hbox (2.25829pt too wide) in paragraph at lines 172--172
\T1/lmr/m/n/12 36.7 (2025), pp. 11917^^U11927. \T1/lmr/m/sc/12 issn\T1/lmr/m/n/
12 : 2162-237X. \T1/lmr/m/sc/12 doi\T1/lmr/m/n/12 : []$\T1/lmtt/m/n/12 10 . 110
9 / TNNLS . 2024 . 3493113$[]\T1/lmr/m/n/12 . 
 []


Package fancyhdr Warning: \headheight is too small (12.0pt): 
(fancyhdr)                Make it at least 14.49998pt, for example:
(fancyhdr)                \setlength{\headheight}{14.49998pt}.
(fancyhdr)                You might also make \topmargin smaller:
(fancyhdr)                \addtolength{\topmargin}{-2.49998pt}.

[102]

Package fancyhdr Warning: \headheight is too small (12.0pt): 
(fancyhdr)                Make it at least 14.49998pt, for example:
(fancyhdr)                \setlength{\headheight}{14.49998pt}.
(fancyhdr)                You might also make \topmargin smaller:
(fancyhdr)                \addtolength{\topmargin}{-2.49998pt}.

[103]
Overfull \hbox (8.31355pt too wide) in paragraph at lines 172--172
[]\T1/lmr/m/n/12 Unity Tech-no-lo-gies. \T1/lmr/m/it/12 Unity ML-Agents Toolkit
: Learn-ing En-vir-on-ment Design - Agents\T1/lmr/m/n/12 .
 []


Overfull \hbox (18.87553pt too wide) in paragraph at lines 172--172
[]\T1/lmr/m/n/12 Unity Tech-no-lo-gies. \T1/lmr/m/it/12 Unity ML-Agents Toolkit
: Over-view\T1/lmr/m/n/12 . On-line ac-cess for com.unity.ml-
 []


Overfull \hbox (15.17805pt too wide) in paragraph at lines 172--172
\T1/lmr/m/n/12 for com.unity.ml-agents@4.0. 2024. \T1/lmr/m/sc/12 url\T1/lmr/m/
n/12 : []$\T1/lmtt/m/n/12 https : / / github . com / Unity -[] Technologies /
 []


Package fancyhdr Warning: \headheight is too small (12.0pt): 
(fancyhdr)                Make it at least 14.49998pt, for example:
(fancyhdr)                \setlength{\headheight}{14.49998pt}.
(fancyhdr)                You might also make \topmargin smaller:
(fancyhdr)                \addtolength{\topmargin}{-2.49998pt}.

[104] [105

] [106] (chapters/06.tex) (chapters/07.tex [107

]) (chapters/08.tex

Package fancyhdr Warning: \headheight is too small (12.0pt): 
(fancyhdr)                Make it at least 14.49998pt, for example:
(fancyhdr)                \setlength{\headheight}{14.49998pt}.
(fancyhdr)                You might also make \topmargin smaller:
(fancyhdr)                \addtolength{\topmargin}{-2.49998pt}.

[108]) [109

]

Package fancyhdr Warning: \headheight is too small (12.0pt): 
(fancyhdr)                Make it at least 14.49998pt, for example:
(fancyhdr)                \setlength{\headheight}{14.49998pt}.
(fancyhdr)                You might also make \topmargin smaller:
(fancyhdr)                \addtolength{\topmargin}{-2.49998pt}.

[110

] (main.lof)
\tf@lof=\write7
\openout7 = `main.lof'.

 [111]

Package fancyhdr Warning: \headheight is too small (12.0pt): 
(fancyhdr)                Make it at least 14.49998pt, for example:
(fancyhdr)                \setlength{\headheight}{14.49998pt}.
(fancyhdr)                You might also make \topmargin smaller:
(fancyhdr)                \addtolength{\topmargin}{-2.49998pt}.

[112

] (main.lot)
\tf@lot=\write8
\openout8 = `main.lot'.



Package caption Warning: Unused \captionsetup[sub] on input line 26.
See the caption package documentation for explanation.

[113] (main.aux)
 ***********
LaTeX2e <2025-11-01>
L3 programming layer <2025-12-24>
 ***********
Package rerunfilecheck Info: File `main.out' has not changed.
(rerunfilecheck)             Checksum: 6F3A9AFD0A17EA6E1FE9DBC1CEE75159;10852.
Package logreq Info: Writing requests to 'main.run.xml'.
\openout1 = `main.run.xml'.

 ) 
Here is how much of TeX's memory you used:
 48181 strings out of 467871
 1073407 string characters out of 5417893
 1909209 words of memory out of 5000000
 75883 multiletter control sequences out of 15000+600000
 715534 words of font info for 103 fonts, out of 8000000 for 9000
 1141 hyphenation exceptions out of 8191
 89i,16n,107p,1925b,2367s stack positions out of 10000i,1000n,20000p,200000b,200000s
<C:/Users/Lenovo/AppData/Local/Programs/MiKTeX/fonts/type1/public/lm/lmbx12.p
fb><C:/Users/Lenovo/AppData/Local/Programs/MiKTeX/fonts/type1/public/lm/lmcsc10
.pfb><C:/Users/Lenovo/AppData/Local/Programs/MiKTeX/fonts/type1/public/lm/lmex1
0.pfb><C:/Users/Lenovo/AppData/Local/Programs/MiKTeX/fonts/type1/public/lm/lmmi
12.pfb><C:/Users/Lenovo/AppData/Local/Programs/MiKTeX/fonts/type1/public/lm/lmm
i8.pfb><C:/Users/Lenovo/AppData/Local/Programs/MiKTeX/fonts/type1/public/lm/lmr
10.pfb><C:/Users/Lenovo/AppData/Local/Programs/MiKTeX/fonts/type1/public/lm/lmr
12.pfb><C:/Users/Lenovo/AppData/Local/Programs/MiKTeX/fonts/type1/public/lm/lmr
17.pfb><C:/Users/Lenovo/AppData/Local/Programs/MiKTeX/fonts/type1/public/lm/lmr
6.pfb><C:/Users/Lenovo/AppData/Local/Programs/MiKTeX/fonts/type1/public/lm/lmr8
.pfb><C:/Users/Lenovo/AppData/Local/Programs/MiKTeX/fonts/type1/public/lm/lmri1
2.pfb><C:/Users/Lenovo/AppData/Local/Programs/MiKTeX/fonts/type1/public/lm/lmss
12.pfb><C:/Users/Lenovo/AppData/Local/Programs/MiKTeX/fonts/type1/public/lm/lms
sbx10.pfb><C:/Users/Lenovo/AppData/Local/Programs/MiKTeX/fonts/type1/public/lm/
lmsy10.pfb><C:/Users/Lenovo/AppData/Local/Programs/MiKTeX/fonts/type1/public/lm
/lmsy8.pfb><C:/Users/Lenovo/AppData/Local/Programs/MiKTeX/fonts/type1/public/lm
/lmtt12.pfb>
Output written on main.pdf (119 pages, 5623997 bytes).
PDF statistics:
 1448 PDF objects out of 1728 (max. 8388607)
 400 named destinations out of 1000 (max. 500000)
 547 words of extra memory for PDF output out of 10000 (max. 10000000)

