Using pre-set license
Built from '2022.3/release' branch; Version is '2022.3.48f1 (8bf49c377ebf) revision 9172124'; Using compiler version '192829333'; Build Type 'Release'
OS: 'Windows 11  (10.0.22631) 64bit Core' Language: 'pl' Physical Memory: 15569 MB
BatchMode: 1, IsHumanControllingUs: 0, StartBugReporterOnCrash: 0, Is64bit: 1, IsPro: 1

COMMAND LINE ARGUMENTS:
C:\Program Files\Unity\Hub\Editor\2022.3.48f1\Editor\Unity.exe
-adb2
-batchMode
-noUpm
-name
AssetImportWorker5
-projectPath
C:/Users/jwiec/Desktop/Rummikub-with-ai/RummiAI
-logFile
Logs/AssetImportWorker5.log
-srvPort
53640
Successfully changed project path to: C:/Users/jwiec/Desktop/Rummikub-with-ai/RummiAI
C:/Users/jwiec/Desktop/Rummikub-with-ai/RummiAI
[UnityMemory] Configuration Parameters - Can be set up in boot.config
    "memorysetup-bucket-allocator-granularity=16"
    "memorysetup-bucket-allocator-bucket-count=8"
    "memorysetup-bucket-allocator-block-size=33554432"
    "memorysetup-bucket-allocator-block-count=8"
    "memorysetup-main-allocator-block-size=16777216"
    "memorysetup-thread-allocator-block-size=16777216"
    "memorysetup-gfx-main-allocator-block-size=16777216"
    "memorysetup-gfx-thread-allocator-block-size=16777216"
    "memorysetup-cache-allocator-block-size=4194304"
    "memorysetup-typetree-allocator-block-size=2097152"
    "memorysetup-profiler-bucket-allocator-granularity=16"
    "memorysetup-profiler-bucket-allocator-bucket-count=8"
    "memorysetup-profiler-bucket-allocator-block-size=33554432"
    "memorysetup-profiler-bucket-allocator-block-count=8"
    "memorysetup-profiler-allocator-block-size=16777216"
    "memorysetup-profiler-editor-allocator-block-size=1048576"
    "memorysetup-temp-allocator-size-main=16777216"
    "memorysetup-job-temp-allocator-block-size=2097152"
    "memorysetup-job-temp-allocator-block-size-background=1048576"
    "memorysetup-job-temp-allocator-reduction-small-platforms=262144"
    "memorysetup-allocator-temp-initial-block-size-main=262144"
    "memorysetup-allocator-temp-initial-block-size-worker=262144"
    "memorysetup-temp-allocator-size-background-worker=32768"
    "memorysetup-temp-allocator-size-job-worker=262144"
    "memorysetup-temp-allocator-size-preload-manager=33554432"
    "memorysetup-temp-allocator-size-nav-mesh-worker=65536"
    "memorysetup-temp-allocator-size-audio-worker=65536"
    "memorysetup-temp-allocator-size-cloud-worker=32768"
    "memorysetup-temp-allocator-size-gi-baking-worker=262144"
    "memorysetup-temp-allocator-size-gfx=262144"
Player connection [38452]  Target information:

Player connection [38452]  * "[IP] 192.168.0.24 [Port] 0 [Flags] 2 [Guid] 2826825992 [EditorId] 2826825992 [Version] 1048832 [Id] WindowsEditor(7,Fresemy) [Debug] 1 [PackageName] WindowsEditor [ProjectName] Editor" 

Player connection [38452] Host joined multi-casting on [225.0.0.222:54997]...
Player connection [38452] Host joined alternative multi-casting on [225.0.0.222:34997]...
[PhysX] Initialized MultithreadedTaskDispatcher with 16 workers.
Refreshing native plugins compatible for Editor in 10.01 ms, found 3 plugins.
Preloading 0 native plugins for Editor in 0.00 ms.
Initialize engine version: 2022.3.48f1 (8bf49c377ebf)
[Subsystems] Discovering subsystems at path C:/Program Files/Unity/Hub/Editor/2022.3.48f1/Editor/Data/Resources/UnitySubsystems
[Subsystems] Discovering subsystems at path C:/Users/jwiec/Desktop/Rummikub-with-ai/RummiAI/Assets
GfxDevice: creating device client; threaded=0; jobified=0
Direct3D:
    Version:  Direct3D 11.0 [level 11.1]
    Renderer: NVIDIA GeForce RTX 4050 Laptop GPU (ID=0x28e1)
    Vendor:   NVIDIA
    VRAM:     5921 MB
    Driver:   32.0.15.6070
Initialize mono
Mono path[0] = 'C:/Program Files/Unity/Hub/Editor/2022.3.48f1/Editor/Data/Managed'
Mono path[1] = 'C:/Program Files/Unity/Hub/Editor/2022.3.48f1/Editor/Data/MonoBleedingEdge/lib/mono/unityjit-win32'
Mono config path = 'C:/Program Files/Unity/Hub/Editor/2022.3.48f1/Editor/Data/MonoBleedingEdge/etc'
Using monoOptions --debugger-agent=transport=dt_socket,embedding=1,server=y,suspend=n,address=127.0.0.1:56744
Begin MonoManager ReloadAssembly
Registering precompiled unity dll's ...
Register platform support module: C:/Program Files/Unity/Hub/Editor/2022.3.48f1/Editor/Data/PlaybackEngines/WebGLSupport/UnityEditor.WebGL.Extensions.dll
Register platform support module: C:/Program Files/Unity/Hub/Editor/2022.3.48f1/Editor/Data/PlaybackEngines/WindowsStandaloneSupport/UnityEditor.WindowsStandalone.Extensions.dll
Register platform support module: C:/Program Files/Unity/Hub/Editor/2022.3.48f1/Editor/Data/PlaybackEngines/MetroSupport/UnityEditor.UWP.Extensions.dll
Registered in 0.008709 seconds.
- Loaded All Assemblies, in  0.365 seconds
Native extension for UWP target not found
Native extension for WindowsStandalone target not found
Native extension for WebGL target not found
Mono: successfully reloaded assembly
- Finished resetting the current domain, in  0.212 seconds
Domain Reload Profiling: 575ms
	BeginReloadAssembly (131ms)
		ExecutionOrderSort (0ms)
		DisableScriptedObjects (0ms)
		BackupInstance (0ms)
		ReleaseScriptingObjects (0ms)
		CreateAndSetChildDomain (1ms)
	RebuildCommonClasses (29ms)
	RebuildNativeTypeToScriptingClass (8ms)
	initialDomainReloadingComplete (55ms)
	LoadAllAssembliesAndSetupDomain (141ms)
		LoadAssemblies (129ms)
		RebuildTransferFunctionScriptingTraits (0ms)
		AnalyzeDomain (138ms)
			TypeCache.Refresh (137ms)
				TypeCache.ScanAssembly (125ms)
			ScanForSourceGeneratedMonoScriptInfo (0ms)
			ResolveRequiredComponents (0ms)
	FinalizeReload (212ms)
		ReleaseScriptCaches (0ms)
		RebuildScriptCaches (0ms)
		SetupLoadedEditorAssemblies (178ms)
			LogAssemblyErrors (0ms)
			InitializePlatformSupportModulesInManaged (10ms)
			SetLoadedEditorAssemblies (5ms)
			RefreshPlugins (0ms)
			BeforeProcessingInitializeOnLoad (2ms)
			ProcessInitializeOnLoadAttributes (127ms)
			ProcessInitializeOnLoadMethodAttributes (35ms)
			AfterProcessingInitializeOnLoad (0ms)
			EditorAssembliesLoaded (0ms)
		ExecutionOrderSort2 (0ms)
		AwakeInstancesAfterBackupRestoration (0ms)
========================================================================
Worker process is ready to serve import requests
Caller must complete domain reload
Begin MonoManager ReloadAssembly
- Loaded All Assemblies, in  0.498 seconds
Native extension for UWP target not found
Native extension for WindowsStandalone target not found
Native extension for WebGL target not found
Package Manager log level set to [2]
[Package Manager] Server::EnsureServerProcessIsRunning -- launch failed, reason: Unity was launched with the -noUpm command-line argument
[Package Manager] UpmClient::Send -- Unable to send message (not connected to UPM process).
[Package Manager] Cannot connect to Unity Package Manager local server
Mono: successfully reloaded assembly
- Finished resetting the current domain, in  0.451 seconds
Domain Reload Profiling: 946ms
	BeginReloadAssembly (121ms)
		ExecutionOrderSort (0ms)
		DisableScriptedObjects (3ms)
		BackupInstance (0ms)
		ReleaseScriptingObjects (0ms)
		CreateAndSetChildDomain (23ms)
	RebuildCommonClasses (23ms)
	RebuildNativeTypeToScriptingClass (7ms)
	initialDomainReloadingComplete (32ms)
	LoadAllAssembliesAndSetupDomain (312ms)
		LoadAssemblies (254ms)
		RebuildTransferFunctionScriptingTraits (0ms)
		AnalyzeDomain (127ms)
			TypeCache.Refresh (112ms)
				TypeCache.ScanAssembly (101ms)
			ScanForSourceGeneratedMonoScriptInfo (11ms)
			ResolveRequiredComponents (3ms)
	FinalizeReload (452ms)
		ReleaseScriptCaches (0ms)
		RebuildScriptCaches (0ms)
		SetupLoadedEditorAssemblies (351ms)
			LogAssemblyErrors (0ms)
			InitializePlatformSupportModulesInManaged (7ms)
			SetLoadedEditorAssemblies (2ms)
			RefreshPlugins (0ms)
			BeforeProcessingInitializeOnLoad (46ms)
			ProcessInitializeOnLoadAttributes (274ms)
			ProcessInitializeOnLoadMethodAttributes (15ms)
			AfterProcessingInitializeOnLoad (6ms)
			EditorAssembliesLoaded (1ms)
		ExecutionOrderSort2 (0ms)
		AwakeInstancesAfterBackupRestoration (6ms)
Launched and connected shader compiler UnityShaderCompiler.exe after 0.08 seconds
Refreshing native plugins compatible for Editor in 4.90 ms, found 3 plugins.
Preloading 0 native plugins for Editor in 0.00 ms.
Unloading 3137 Unused Serialized files (Serialized files now loaded: 0)
Unloading 19 unused Assets / (55.0 KB). Loaded Objects now: 3623.
Memory consumption went from 133.1 MB to 133.1 MB.
Total: 2.984300 ms (FindLiveObjects: 0.281400 ms CreateObjectMapping: 0.099900 ms MarkObjects: 2.498700 ms  DeleteObjects: 0.103400 ms)

AssetImportParameters requested are different than current active one (requested -> active):
  custom:container-demuxer-ogg: 62fdf1f143b41e24485cea50d1cbac27 -> 
  custom:video-codec-MediaFoundation-h265: 746d11721c4dcdbdad8f713fa42b33f4 -> 
  custom:video-decoder-ogg-theora: a1e56fd34408186e4bbccfd4996cb3dc -> 
  custom:framework-win-MediaFoundation: 216162199b28c13a410421893ffa2e32 -> 
  custom:CustomObjectIndexerAttribute: 9a22284fe3817be447336de3de66b15e -> 
  custom:container-demuxer-webm: 4f35f7cbe854078d1ac9338744f61a02 -> 
  custom:container-muxer-webm: aa71ff27fc2769a1b78a27578f13a17b -> 
  custom:video-decoder-webm-vp8: 9c59270c3fd7afecdb556c50c9e8de78 -> 
  custom:SearchIndexIgnoredProperties: e643bd26f0fe6173181afceb89e7c659 -> 
  custom:AudioImporter_EditorPlatform: d09bf68614088b80899f8185d706f6e7 -> 
  custom:video-encoder-webm-vp8: eb34c28f22e8b96e1ab97ce403110664 -> 
  custom:audio-decoder-ogg-vorbis: bf7c407c2cedff20999df2af8eb42d56 -> 
  custom:audio-encoder-webm-vorbis: bf7c407c2cedff20999df2af8eb42d56 -> 
========================================================================
Received Prepare
Caller must complete domain reload
Begin MonoManager ReloadAssembly
- Loaded All Assemblies, in  0.524 seconds
Native extension for UWP target not found
Native extension for WindowsStandalone target not found
Native extension for WebGL target not found
[Package Manager] Server::EnsureServerProcessIsRunning -- launch failed, reason: Unity was launched with the -noUpm command-line argument
[Package Manager] UpmClient::Send -- Unable to send message (not connected to UPM process).
[Package Manager] Cannot connect to Unity Package Manager local server
Mono: successfully reloaded assembly
- Finished resetting the current domain, in  0.879 seconds
Domain Reload Profiling: 1400ms
	BeginReloadAssembly (158ms)
		ExecutionOrderSort (0ms)
		DisableScriptedObjects (4ms)
		BackupInstance (0ms)
		ReleaseScriptingObjects (0ms)
		CreateAndSetChildDomain (44ms)
	RebuildCommonClasses (29ms)
	RebuildNativeTypeToScriptingClass (8ms)
	initialDomainReloadingComplete (27ms)
	LoadAllAssembliesAndSetupDomain (300ms)
		LoadAssemblies (368ms)
		RebuildTransferFunctionScriptingTraits (0ms)
		AnalyzeDomain (12ms)
			TypeCache.Refresh (4ms)
				TypeCache.ScanAssembly (0ms)
			ScanForSourceGeneratedMonoScriptInfo (0ms)
			ResolveRequiredComponents (6ms)
	FinalizeReload (879ms)
		ReleaseScriptCaches (0ms)
		RebuildScriptCaches (0ms)
		SetupLoadedEditorAssemblies (422ms)
			LogAssemblyErrors (0ms)
			InitializePlatformSupportModulesInManaged (9ms)
			SetLoadedEditorAssemblies (4ms)
			RefreshPlugins (0ms)
			BeforeProcessingInitializeOnLoad (57ms)
			ProcessInitializeOnLoadAttributes (321ms)
			ProcessInitializeOnLoadMethodAttributes (23ms)
			AfterProcessingInitializeOnLoad (8ms)
			EditorAssembliesLoaded (0ms)
		ExecutionOrderSort2 (0ms)
		AwakeInstancesAfterBackupRestoration (6ms)
Refreshing native plugins compatible for Editor in 3.93 ms, found 3 plugins.
Preloading 0 native plugins for Editor in 0.00 ms.
Unloading 3117 Unused Serialized files (Serialized files now loaded: 0)
Unloading 14 unused Assets / (28.5 KB). Loaded Objects now: 3626.
Memory consumption went from 129.2 MB to 129.2 MB.
Total: 3.180900 ms (FindLiveObjects: 0.489500 ms CreateObjectMapping: 0.259900 ms MarkObjects: 2.377700 ms  DeleteObjects: 0.052500 ms)

Prepare: number of updated asset objects reloaded= 0
AssetImportParameters requested are different than current active one (requested -> active):
  custom:container-demuxer-ogg: 62fdf1f143b41e24485cea50d1cbac27 -> 
  custom:video-codec-MediaFoundation-h265: 746d11721c4dcdbdad8f713fa42b33f4 -> 
  custom:video-decoder-ogg-theora: a1e56fd34408186e4bbccfd4996cb3dc -> 
  custom:framework-win-MediaFoundation: 216162199b28c13a410421893ffa2e32 -> 
  custom:CustomObjectIndexerAttribute: 9a22284fe3817be447336de3de66b15e -> 
  custom:container-demuxer-webm: 4f35f7cbe854078d1ac9338744f61a02 -> 
  custom:container-muxer-webm: aa71ff27fc2769a1b78a27578f13a17b -> 
  custom:video-decoder-webm-vp8: 9c59270c3fd7afecdb556c50c9e8de78 -> 
  custom:SearchIndexIgnoredProperties: e643bd26f0fe6173181afceb89e7c659 -> 
  custom:AudioImporter_EditorPlatform: d09bf68614088b80899f8185d706f6e7 -> 
  custom:video-encoder-webm-vp8: eb34c28f22e8b96e1ab97ce403110664 -> 
  custom:audio-decoder-ogg-vorbis: bf7c407c2cedff20999df2af8eb42d56 -> 
  custom:audio-encoder-webm-vorbis: bf7c407c2cedff20999df2af8eb42d56 -> 
========================================================================
Received Import Request.
  Time since last request: 267624.312326 seconds.
  path: Assets/colors/Red/Red_2.png
  artifactKey: Guid(9b7ac1758b345284e99aaf9de0e43f07) Importer(2089858483,0ecaa5967403d082aa24f35e1b516d23)
Start importing Assets/colors/Red/Red_2.png using Guid(9b7ac1758b345284e99aaf9de0e43f07) Importer(2089858483,0ecaa5967403d082aa24f35e1b516d23) [PhysX] Initialized MultithreadedTaskDispatcher with 16 workers.
 -> (artifact id: '8d8af4c2845daea4617ffdca298c6df5') in 0.108626 seconds
Number of updated asset objects reloaded before import = 0
Number of asset objects unloaded after import = 1
========================================================================
Received Import Request.
  Time since last request: 0.000023 seconds.
  path: Assets/colors/Blue/Blue_Material_2.mat
  artifactKey: Guid(e9fe55ef0a42e464593535daa5827b05) Importer(2089858483,0ecaa5967403d082aa24f35e1b516d23)
Start importing Assets/colors/Blue/Blue_Material_2.mat using Guid(e9fe55ef0a42e464593535daa5827b05) Importer(2089858483,0ecaa5967403d082aa24f35e1b516d23) [PhysX] Initialized MultithreadedTaskDispatcher with 16 workers.
 -> (artifact id: '47870225c40c754bea81169e194cfea0') in 0.024168 seconds
Number of updated asset objects reloaded before import = 0
Number of asset objects unloaded after import = 2
========================================================================
Received Import Request.
  Time since last request: 0.000024 seconds.
  path: Assets/colors/Red/Red_8_material.mat
  artifactKey: Guid(776395fff31c8534fac4cca04f78fdbd) Importer(2089858483,0ecaa5967403d082aa24f35e1b516d23)
Start importing Assets/colors/Red/Red_8_material.mat using Guid(776395fff31c8534fac4cca04f78fdbd) Importer(2089858483,0ecaa5967403d082aa24f35e1b516d23) [PhysX] Initialized MultithreadedTaskDispatcher with 16 workers.
 -> (artifact id: '653ad2c6b2404782c11d3c2452d6d20a') in 0.006426 seconds
Number of updated asset objects reloaded before import = 0
Number of asset objects unloaded after import = 2
========================================================================
Received Import Request.
  Time since last request: 0.000032 seconds.
  path: Assets/colors/Blue/Blue_Material_7.mat
  artifactKey: Guid(5625f4630222fe947ba2a30b62ac625a) Importer(2089858483,0ecaa5967403d082aa24f35e1b516d23)
Start importing Assets/colors/Blue/Blue_Material_7.mat using Guid(5625f4630222fe947ba2a30b62ac625a) Importer(2089858483,0ecaa5967403d082aa24f35e1b516d23) [PhysX] Initialized MultithreadedTaskDispatcher with 16 workers.
 -> (artifact id: '4a99fe3bdabafbf8ac5d35b81090ed51') in 0.008214 seconds
Number of updated asset objects reloaded before import = 0
Number of asset objects unloaded after import = 2
========================================================================
Received Import Request.
  Time since last request: 0.000023 seconds.
  path: Assets/colors/Blue/Blue_10.png
  artifactKey: Guid(adb4cc8cf504d5c4d850da58f664b8ca) Importer(2089858483,0ecaa5967403d082aa24f35e1b516d23)
Start importing Assets/colors/Blue/Blue_10.png using Guid(adb4cc8cf504d5c4d850da58f664b8ca) Importer(2089858483,0ecaa5967403d082aa24f35e1b516d23) [PhysX] Initialized MultithreadedTaskDispatcher with 16 workers.
 -> (artifact id: '204cb8028b4ac6e436db982b53e5a08d') in 0.010475 seconds
Number of updated asset objects reloaded before import = 0
Number of asset objects unloaded after import = 1
========================================================================
Received Import Request.
  Time since last request: 0.000021 seconds.
  path: Assets/colors/Blue/Blue_Material_10.mat
  artifactKey: Guid(257ad66a619576a45b14043827823cc6) Importer(2089858483,0ecaa5967403d082aa24f35e1b516d23)
Start importing Assets/colors/Blue/Blue_Material_10.mat using Guid(257ad66a619576a45b14043827823cc6) Importer(2089858483,0ecaa5967403d082aa24f35e1b516d23) [PhysX] Initialized MultithreadedTaskDispatcher with 16 workers.
 -> (artifact id: '504219a6af3545acddffa7fd39de7cf4') in 0.006738 seconds
Number of updated asset objects reloaded before import = 0
Number of asset objects unloaded after import = 2
========================================================================
Received Import Request.
  Time since last request: 0.000023 seconds.
  path: Assets/colors/Red/Red_6_material.mat
  artifactKey: Guid(1892419e219165e45b88724dfd5a58bd) Importer(2089858483,0ecaa5967403d082aa24f35e1b516d23)
Start importing Assets/colors/Red/Red_6_material.mat using Guid(1892419e219165e45b88724dfd5a58bd) Importer(2089858483,0ecaa5967403d082aa24f35e1b516d23) [PhysX] Initialized MultithreadedTaskDispatcher with 16 workers.
 -> (artifact id: '0a70ff2a264b5f7526f121f33ef96eec') in 0.007846 seconds
Number of updated asset objects reloaded before import = 0
Number of asset objects unloaded after import = 2
========================================================================
Received Import Request.
  Time since last request: 0.000040 seconds.
  path: Assets/colors/Orange/Orange_10.png
  artifactKey: Guid(2ef20ac0d5dbfd0479d3f4bea1b83f83) Importer(2089858483,0ecaa5967403d082aa24f35e1b516d23)
Start importing Assets/colors/Orange/Orange_10.png using Guid(2ef20ac0d5dbfd0479d3f4bea1b83f83) Importer(2089858483,0ecaa5967403d082aa24f35e1b516d23) [PhysX] Initialized MultithreadedTaskDispatcher with 16 workers.
 -> (artifact id: 'ed4be23f9e7a7eef4d0614fc822f113a') in 0.012946 seconds
Number of updated asset objects reloaded before import = 0
Number of asset objects unloaded after import = 1
========================================================================
Received Import Request.
  Time since last request: 0.000031 seconds.
  path: Assets/colors/Red/Red_1_material.mat
  artifactKey: Guid(dc189b5253b9e4545aa95725cbae7e25) Importer(2089858483,0ecaa5967403d082aa24f35e1b516d23)
Start importing Assets/colors/Red/Red_1_material.mat using Guid(dc189b5253b9e4545aa95725cbae7e25) Importer(2089858483,0ecaa5967403d082aa24f35e1b516d23) [PhysX] Initialized MultithreadedTaskDispatcher with 16 workers.
 -> (artifact id: 'd0494d4f2aa147174d67f2468ce923cb') in 0.007983 seconds
Number of updated asset objects reloaded before import = 0
Number of asset objects unloaded after import = 2
========================================================================
Received Import Request.
  Time since last request: 0.000021 seconds.
  path: Assets/colors/Blue/Blue_2.png
  artifactKey: Guid(53304b666cfda554686a07f51ad00b10) Importer(2089858483,0ecaa5967403d082aa24f35e1b516d23)
Start importing Assets/colors/Blue/Blue_2.png using Guid(53304b666cfda554686a07f51ad00b10) Importer(2089858483,0ecaa5967403d082aa24f35e1b516d23) [PhysX] Initialized MultithreadedTaskDispatcher with 16 workers.
 -> (artifact id: '49687793752e5d7103ec6cff34cae54f') in 0.013922 seconds
Number of updated asset objects reloaded before import = 0
Number of asset objects unloaded after import = 1
========================================================================
Received Import Request.
  Time since last request: 0.000038 seconds.
  path: Assets/colors/Red/Red_5_material.mat
  artifactKey: Guid(7dfece91a6387a741a0ca2c6bb9e1a44) Importer(2089858483,0ecaa5967403d082aa24f35e1b516d23)
Start importing Assets/colors/Red/Red_5_material.mat using Guid(7dfece91a6387a741a0ca2c6bb9e1a44) Importer(2089858483,0ecaa5967403d082aa24f35e1b516d23) [PhysX] Initialized MultithreadedTaskDispatcher with 16 workers.
 -> (artifact id: '8cde1a7c03fc83dd8ddfab2de1e3a734') in 0.007320 seconds
Number of updated asset objects reloaded before import = 0
Number of asset objects unloaded after import = 2
========================================================================
Received Import Request.
  Time since last request: 0.000028 seconds.
  path: Assets/colors/Black/Black_Material_11.mat
  artifactKey: Guid(55ea42dda7a1b014c83c3ec315084d61) Importer(2089858483,0ecaa5967403d082aa24f35e1b516d23)
Start importing Assets/colors/Black/Black_Material_11.mat using Guid(55ea42dda7a1b014c83c3ec315084d61) Importer(2089858483,0ecaa5967403d082aa24f35e1b516d23) [PhysX] Initialized MultithreadedTaskDispatcher with 16 workers.
 -> (artifact id: '27466db2bb9dd6df9b81335c27388e4f') in 0.006749 seconds
Number of updated asset objects reloaded before import = 0
Number of asset objects unloaded after import = 2
========================================================================
Received Import Request.
  Time since last request: 0.000023 seconds.
  path: Assets/colors/Blue/Blue_9.png
  artifactKey: Guid(9b49f7caaaf8ae34282cda71956e98d8) Importer(2089858483,0ecaa5967403d082aa24f35e1b516d23)
Start importing Assets/colors/Blue/Blue_9.png using Guid(9b49f7caaaf8ae34282cda71956e98d8) Importer(2089858483,0ecaa5967403d082aa24f35e1b516d23) [PhysX] Initialized MultithreadedTaskDispatcher with 16 workers.
 -> (artifact id: 'd923f98ccd7110101694f2996d8bd0b1') in 0.019050 seconds
Number of updated asset objects reloaded before import = 0
Number of asset objects unloaded after import = 1
========================================================================
Received Import Request.
  Time since last request: 0.000057 seconds.
  path: Assets/colors/Red/Red_1.png
  artifactKey: Guid(947b4da585ad9e244839e392ec482803) Importer(2089858483,0ecaa5967403d082aa24f35e1b516d23)
Start importing Assets/colors/Red/Red_1.png using Guid(947b4da585ad9e244839e392ec482803) Importer(2089858483,0ecaa5967403d082aa24f35e1b516d23) [PhysX] Initialized MultithreadedTaskDispatcher with 16 workers.
 -> (artifact id: '308faa660e3bd3f9bee1faccb20712a2') in 0.014681 seconds
Number of updated asset objects reloaded before import = 0
Number of asset objects unloaded after import = 1
========================================================================
Received Import Request.
  Time since last request: 0.000028 seconds.
  path: Assets/colors/Red/Red_4.png
  artifactKey: Guid(ae361a965f829ec43a7006a20d4b5d2e) Importer(2089858483,0ecaa5967403d082aa24f35e1b516d23)
Start importing Assets/colors/Red/Red_4.png using Guid(ae361a965f829ec43a7006a20d4b5d2e) Importer(2089858483,0ecaa5967403d082aa24f35e1b516d23) [PhysX] Initialized MultithreadedTaskDispatcher with 16 workers.
 -> (artifact id: 'fc5608bd1f0e2e94f5720bfb7c3eb384') in 0.014807 seconds
Number of updated asset objects reloaded before import = 0
Number of asset objects unloaded after import = 1
========================================================================
Received Import Request.
  Time since last request: 0.000030 seconds.
  path: Assets/colors/Red/Red_7.png
  artifactKey: Guid(10d27bd0b2ecfa1418c97fb3a163ed40) Importer(2089858483,0ecaa5967403d082aa24f35e1b516d23)
Start importing Assets/colors/Red/Red_7.png using Guid(10d27bd0b2ecfa1418c97fb3a163ed40) Importer(2089858483,0ecaa5967403d082aa24f35e1b516d23) [PhysX] Initialized MultithreadedTaskDispatcher with 16 workers.
 -> (artifact id: 'dec0069f995a004b4cea5a9274863378') in 0.014145 seconds
Number of updated asset objects reloaded before import = 0
Number of asset objects unloaded after import = 1
========================================================================
Received Import Request.
  Time since last request: 0.000037 seconds.
  path: Assets/colors/Blue/Blue_Material_3.mat
  artifactKey: Guid(f8db653013a067d44a7b3e60f8597dae) Importer(2089858483,0ecaa5967403d082aa24f35e1b516d23)
Start importing Assets/colors/Blue/Blue_Material_3.mat using Guid(f8db653013a067d44a7b3e60f8597dae) Importer(2089858483,0ecaa5967403d082aa24f35e1b516d23) [PhysX] Initialized MultithreadedTaskDispatcher with 16 workers.
 -> (artifact id: '842855a89f92d89d9b5db8599d2e39b4') in 0.007375 seconds
Number of updated asset objects reloaded before import = 0
Number of asset objects unloaded after import = 2
========================================================================
Received Import Request.
  Time since last request: 0.000019 seconds.
  path: Assets/colors/Red/Red_13.png
  artifactKey: Guid(6ffc487a004790847bd681e893642340) Importer(2089858483,0ecaa5967403d082aa24f35e1b516d23)
Start importing Assets/colors/Red/Red_13.png using Guid(6ffc487a004790847bd681e893642340) Importer(2089858483,0ecaa5967403d082aa24f35e1b516d23) [PhysX] Initialized MultithreadedTaskDispatcher with 16 workers.
 -> (artifact id: 'c5ce9df2c10a2a981a3795c888631ccc') in 0.008769 seconds
Number of updated asset objects reloaded before import = 0
Number of asset objects unloaded after import = 1
========================================================================
Received Import Request.
  Time since last request: 0.000020 seconds.
  path: Assets/colors/Black/Black_Material_6.mat
  artifactKey: Guid(dae735064c0934844b9d5cbe85900b9d) Importer(2089858483,0ecaa5967403d082aa24f35e1b516d23)
Start importing Assets/colors/Black/Black_Material_6.mat using Guid(dae735064c0934844b9d5cbe85900b9d) Importer(2089858483,0ecaa5967403d082aa24f35e1b516d23) [PhysX] Initialized MultithreadedTaskDispatcher with 16 workers.
 -> (artifact id: '335d7b951c56def5acd49e995881791f') in 0.007603 seconds
Number of updated asset objects reloaded before import = 0
Number of asset objects unloaded after import = 2
========================================================================
Received Import Request.
  Time since last request: 0.000032 seconds.
  path: Assets/colors/Black/Black_Material_1.mat
  artifactKey: Guid(1aa9b1732effe4547895e799d77ac18c) Importer(2089858483,0ecaa5967403d082aa24f35e1b516d23)
Start importing Assets/colors/Black/Black_Material_1.mat using Guid(1aa9b1732effe4547895e799d77ac18c) Importer(2089858483,0ecaa5967403d082aa24f35e1b516d23) [PhysX] Initialized MultithreadedTaskDispatcher with 16 workers.
 -> (artifact id: 'ad852df763bb899c2c211d45a3595c40') in 0.006042 seconds
Number of updated asset objects reloaded before import = 0
Number of asset objects unloaded after import = 2
========================================================================
Received Import Request.
  Time since last request: 0.000043 seconds.
  path: Assets/colors/Black/Black_10.png
  artifactKey: Guid(4fc1dc775d2485942a5b55269d09aca9) Importer(2089858483,0ecaa5967403d082aa24f35e1b516d23)
Start importing Assets/colors/Black/Black_10.png using Guid(4fc1dc775d2485942a5b55269d09aca9) Importer(2089858483,0ecaa5967403d082aa24f35e1b516d23) [PhysX] Initialized MultithreadedTaskDispatcher with 16 workers.
 -> (artifact id: '6b5d7023d777e21c351b1dcb20feeff5') in 0.014132 seconds
Number of updated asset objects reloaded before import = 0
Number of asset objects unloaded after import = 1
========================================================================
Received Import Request.
  Time since last request: 0.000029 seconds.
  path: Assets/colors/Red/Red_13_material.mat
  artifactKey: Guid(78123b339a01b714a98081c655033938) Importer(2089858483,0ecaa5967403d082aa24f35e1b516d23)
Start importing Assets/colors/Red/Red_13_material.mat using Guid(78123b339a01b714a98081c655033938) Importer(2089858483,0ecaa5967403d082aa24f35e1b516d23) [PhysX] Initialized MultithreadedTaskDispatcher with 16 workers.
 -> (artifact id: 'f38c4639028929a748be01a8056594b9') in 0.006317 seconds
Number of updated asset objects reloaded before import = 0
Number of asset objects unloaded after import = 2
========================================================================
Received Import Request.
  Time since last request: 0.000036 seconds.
  path: Assets/colors/Blue/Blue_12.png
  artifactKey: Guid(573b41c04cbeff8438cf9bb310f510f0) Importer(2089858483,0ecaa5967403d082aa24f35e1b516d23)
Start importing Assets/colors/Blue/Blue_12.png using Guid(573b41c04cbeff8438cf9bb310f510f0) Importer(2089858483,0ecaa5967403d082aa24f35e1b516d23) [PhysX] Initialized MultithreadedTaskDispatcher with 16 workers.
 -> (artifact id: 'a7620d55a551638d32652acbdb72d51f') in 0.010318 seconds
Number of updated asset objects reloaded before import = 0
Number of asset objects unloaded after import = 1
========================================================================
Received Import Request.
  Time since last request: 0.000022 seconds.
  path: Assets/colors/Blue/Blue_6.png
  artifactKey: Guid(9c25b658af7b98a41bca684e632b6936) Importer(2089858483,0ecaa5967403d082aa24f35e1b516d23)
Start importing Assets/colors/Blue/Blue_6.png using Guid(9c25b658af7b98a41bca684e632b6936) Importer(2089858483,0ecaa5967403d082aa24f35e1b516d23) [PhysX] Initialized MultithreadedTaskDispatcher with 16 workers.
 -> (artifact id: 'd7238f5b4dff98a22ea65f195ef05b31') in 0.011618 seconds
Number of updated asset objects reloaded before import = 0
Number of asset objects unloaded after import = 1
========================================================================
Received Import Request.
  Time since last request: 0.000034 seconds.
  path: Assets/colors/Blue/Blue_8.png
  artifactKey: Guid(4326d0b35c7d19b438ba7159f03a1530) Importer(2089858483,0ecaa5967403d082aa24f35e1b516d23)
Start importing Assets/colors/Blue/Blue_8.png using Guid(4326d0b35c7d19b438ba7159f03a1530) Importer(2089858483,0ecaa5967403d082aa24f35e1b516d23) [PhysX] Initialized MultithreadedTaskDispatcher with 16 workers.
 -> (artifact id: '9203d345d22a0e4f6ea706d2272e4c31') in 0.009650 seconds
Number of updated asset objects reloaded before import = 0
Number of asset objects unloaded after import = 1
========================================================================
Received Import Request.
  Time since last request: 0.000035 seconds.
  path: Assets/colors/Black/Black_Material_2.mat
  artifactKey: Guid(c9a102b9f7c62c04eab3e8bb64da9a4a) Importer(2089858483,0ecaa5967403d082aa24f35e1b516d23)
Start importing Assets/colors/Black/Black_Material_2.mat using Guid(c9a102b9f7c62c04eab3e8bb64da9a4a) Importer(2089858483,0ecaa5967403d082aa24f35e1b516d23) [PhysX] Initialized MultithreadedTaskDispatcher with 16 workers.
 -> (artifact id: '849294609ce5b0b4c36832bf62fdf560') in 0.009144 seconds
Number of updated asset objects reloaded before import = 0
Number of asset objects unloaded after import = 2
========================================================================
Received Import Request.
  Time since last request: 0.000025 seconds.
  path: Assets/colors/Black/Black_Material_3.mat
  artifactKey: Guid(dafe3dbf810ee304c852e8140bb6a975) Importer(2089858483,0ecaa5967403d082aa24f35e1b516d23)
Start importing Assets/colors/Black/Black_Material_3.mat using Guid(dafe3dbf810ee304c852e8140bb6a975) Importer(2089858483,0ecaa5967403d082aa24f35e1b516d23) [PhysX] Initialized MultithreadedTaskDispatcher with 16 workers.
 -> (artifact id: '92f01b021524f4d751832b2cfc71e8c3') in 0.007861 seconds
Number of updated asset objects reloaded before import = 0
Number of asset objects unloaded after import = 2
========================================================================
Received Import Request.
  Time since last request: 0.000027 seconds.
  path: Assets/colors/Blue
  artifactKey: Guid(6599be608a60c0a489d66076bd758342) Importer(2089858483,0ecaa5967403d082aa24f35e1b516d23)
Start importing Assets/colors/Blue using Guid(6599be608a60c0a489d66076bd758342) Importer(2089858483,0ecaa5967403d082aa24f35e1b516d23) [PhysX] Initialized MultithreadedTaskDispatcher with 16 workers.
 -> (artifact id: '9e30f2ef7e44a84a96da4abe2f360ba9') in 0.004208 seconds
Number of updated asset objects reloaded before import = 0
Number of asset objects unloaded after import = 1
========================================================================
Received Import Request.
  Time since last request: 0.000026 seconds.
  path: Assets/colors/Blue/Blue_Material_13.mat
  artifactKey: Guid(c5570ed11d38dc24aa13aadad09494e9) Importer(2089858483,0ecaa5967403d082aa24f35e1b516d23)
Start importing Assets/colors/Blue/Blue_Material_13.mat using Guid(c5570ed11d38dc24aa13aadad09494e9) Importer(2089858483,0ecaa5967403d082aa24f35e1b516d23) [PhysX] Initialized MultithreadedTaskDispatcher with 16 workers.
 -> (artifact id: 'b66c6e2e13ce65e337c694ae78dbf019') in 0.007402 seconds
Number of updated asset objects reloaded before import = 0
Number of asset objects unloaded after import = 2
========================================================================
Received Import Request.
  Time since last request: 0.000038 seconds.
  path: Assets/colors/Red/Red_10_material.mat
  artifactKey: Guid(963956d174a5fde4c9d54d3c92571b43) Importer(2089858483,0ecaa5967403d082aa24f35e1b516d23)
Start importing Assets/colors/Red/Red_10_material.mat using Guid(963956d174a5fde4c9d54d3c92571b43) Importer(2089858483,0ecaa5967403d082aa24f35e1b516d23) [PhysX] Initialized MultithreadedTaskDispatcher with 16 workers.
 -> (artifact id: '4b5c865c8820ab1f5c0d2f32b060c8c2') in 0.006635 seconds
Number of updated asset objects reloaded before import = 0
Number of asset objects unloaded after import = 2
========================================================================
Received Import Request.
  Time since last request: 0.000024 seconds.
  path: Assets/colors/Blue/Blue_4.png
  artifactKey: Guid(9a9accfc044c21f4ab7d6a0a2a3ff468) Importer(2089858483,0ecaa5967403d082aa24f35e1b516d23)
Start importing Assets/colors/Blue/Blue_4.png using Guid(9a9accfc044c21f4ab7d6a0a2a3ff468) Importer(2089858483,0ecaa5967403d082aa24f35e1b516d23) [PhysX] Initialized MultithreadedTaskDispatcher with 16 workers.
 -> (artifact id: '07e659f30d6af30153cd7b937b2d8af6') in 0.011253 seconds
Number of updated asset objects reloaded before import = 0
Number of asset objects unloaded after import = 1
========================================================================
Received Import Request.
  Time since last request: 0.000035 seconds.
  path: Assets/colors/Red/Red_9.png
  artifactKey: Guid(5fac846fd681aa542b51999077afd86b) Importer(2089858483,0ecaa5967403d082aa24f35e1b516d23)
Start importing Assets/colors/Red/Red_9.png using Guid(5fac846fd681aa542b51999077afd86b) Importer(2089858483,0ecaa5967403d082aa24f35e1b516d23) [PhysX] Initialized MultithreadedTaskDispatcher with 16 workers.
 -> (artifact id: 'aa7a0a9197fb4ac61d4b5ab80411bf31') in 0.011227 seconds
Number of updated asset objects reloaded before import = 0
Number of asset objects unloaded after import = 1
========================================================================
Received Import Request.
  Time since last request: 0.000033 seconds.
  path: Assets/colors/Black/Black_Material_4.mat
  artifactKey: Guid(a08643417ac189b4595c482c750a4529) Importer(2089858483,0ecaa5967403d082aa24f35e1b516d23)
Start importing Assets/colors/Black/Black_Material_4.mat using Guid(a08643417ac189b4595c482c750a4529) Importer(2089858483,0ecaa5967403d082aa24f35e1b516d23) [PhysX] Initialized MultithreadedTaskDispatcher with 16 workers.
 -> (artifact id: '9ca05906e4fc7221cee9fa8af8bcf7ad') in 0.006998 seconds
Number of updated asset objects reloaded before import = 0
Number of asset objects unloaded after import = 2
========================================================================
Received Import Request.
  Time since last request: 0.000020 seconds.
  path: Assets/colors/Black/Black_Material_10.mat
  artifactKey: Guid(f86f48aef6173124bb73ccaf81258646) Importer(2089858483,0ecaa5967403d082aa24f35e1b516d23)
Start importing Assets/colors/Black/Black_Material_10.mat using Guid(f86f48aef6173124bb73ccaf81258646) Importer(2089858483,0ecaa5967403d082aa24f35e1b516d23) [PhysX] Initialized MultithreadedTaskDispatcher with 16 workers.
 -> (artifact id: '8a1ec228620cfdc0673619fc2e74a417') in 0.007458 seconds
Number of updated asset objects reloaded before import = 0
Number of asset objects unloaded after import = 2
========================================================================
Received Import Request.
  Time since last request: 0.000020 seconds.
  path: Assets/colors/Red/Red_8.png
  artifactKey: Guid(3dec50d852bff0443bb818eda5663e97) Importer(2089858483,0ecaa5967403d082aa24f35e1b516d23)
Start importing Assets/colors/Red/Red_8.png using Guid(3dec50d852bff0443bb818eda5663e97) Importer(2089858483,0ecaa5967403d082aa24f35e1b516d23) [PhysX] Initialized MultithreadedTaskDispatcher with 16 workers.
 -> (artifact id: 'a99bfb41feac0c045a448d271ae2677e') in 0.010863 seconds
Number of updated asset objects reloaded before import = 0
Number of asset objects unloaded after import = 1
========================================================================
Received Import Request.
  Time since last request: 0.000025 seconds.
  path: Assets/colors/Orange/Orange_4.png
  artifactKey: Guid(a6cdefb1c020fab4cbf34211d5344f44) Importer(2089858483,0ecaa5967403d082aa24f35e1b516d23)
Start importing Assets/colors/Orange/Orange_4.png using Guid(a6cdefb1c020fab4cbf34211d5344f44) Importer(2089858483,0ecaa5967403d082aa24f35e1b516d23) [PhysX] Initialized MultithreadedTaskDispatcher with 16 workers.
 -> (artifact id: '5effc56d32a669afd5a207dbaca161dc') in 0.011142 seconds
Number of updated asset objects reloaded before import = 0
Number of asset objects unloaded after import = 1
========================================================================
Received Import Request.
  Time since last request: 0.000035 seconds.
  path: Assets/colors/Black/Black_7.png
  artifactKey: Guid(701066e0c9cff0046ba4f72e7d931c99) Importer(2089858483,0ecaa5967403d082aa24f35e1b516d23)
Start importing Assets/colors/Black/Black_7.png using Guid(701066e0c9cff0046ba4f72e7d931c99) Importer(2089858483,0ecaa5967403d082aa24f35e1b516d23) [PhysX] Initialized MultithreadedTaskDispatcher with 16 workers.
 -> (artifact id: 'b84c60735b618c40c1764240057d80fd') in 0.013763 seconds
Number of updated asset objects reloaded before import = 0
Number of asset objects unloaded after import = 1
========================================================================
Received Import Request.
  Time since last request: 0.000028 seconds.
  path: Assets/colors/Orange/Orange_Material_1.mat
  artifactKey: Guid(a5d4800ed8e600c46bcd3de15205cf2b) Importer(2089858483,0ecaa5967403d082aa24f35e1b516d23)
Start importing Assets/colors/Orange/Orange_Material_1.mat using Guid(a5d4800ed8e600c46bcd3de15205cf2b) Importer(2089858483,0ecaa5967403d082aa24f35e1b516d23) [PhysX] Initialized MultithreadedTaskDispatcher with 16 workers.
 -> (artifact id: 'dfa8e49fb37b29c8fc683f1c0fe21667') in 0.006720 seconds
Number of updated asset objects reloaded before import = 0
Number of asset objects unloaded after import = 2
========================================================================
Received Import Request.
  Time since last request: 0.000037 seconds.
  path: Assets/colors/Red/Red_9_material.mat
  artifactKey: Guid(63e867bc2b9d4414fbe574e1697502d3) Importer(2089858483,0ecaa5967403d082aa24f35e1b516d23)
Start importing Assets/colors/Red/Red_9_material.mat using Guid(63e867bc2b9d4414fbe574e1697502d3) Importer(2089858483,0ecaa5967403d082aa24f35e1b516d23) [PhysX] Initialized MultithreadedTaskDispatcher with 16 workers.
 -> (artifact id: '9b38c3b53f17d98518377cc73f3b08cf') in 0.008499 seconds
Number of updated asset objects reloaded before import = 0
Number of asset objects unloaded after import = 2
========================================================================
Received Import Request.
  Time since last request: 0.000028 seconds.
  path: Assets/colors/Blue/Blue_Material_8.mat
  artifactKey: Guid(b641b14086403d7478076b24a07c88a2) Importer(2089858483,0ecaa5967403d082aa24f35e1b516d23)
Start importing Assets/colors/Blue/Blue_Material_8.mat using Guid(b641b14086403d7478076b24a07c88a2) Importer(2089858483,0ecaa5967403d082aa24f35e1b516d23) [PhysX] Initialized MultithreadedTaskDispatcher with 16 workers.
 -> (artifact id: 'ff10a0f5abf410ba934d38c3dce7dd98') in 0.008372 seconds
Number of updated asset objects reloaded before import = 0
Number of asset objects unloaded after import = 2
========================================================================
Received Import Request.
  Time since last request: 0.000028 seconds.
  path: Assets/colors/Black/Black_6.png
  artifactKey: Guid(998443af8dcf5f84d9165c6e4131f805) Importer(2089858483,0ecaa5967403d082aa24f35e1b516d23)
Start importing Assets/colors/Black/Black_6.png using Guid(998443af8dcf5f84d9165c6e4131f805) Importer(2089858483,0ecaa5967403d082aa24f35e1b516d23) [PhysX] Initialized MultithreadedTaskDispatcher with 16 workers.
 -> (artifact id: '50050dccbe633c36b90b4644226671f1') in 0.013658 seconds
Number of updated asset objects reloaded before import = 0
Number of asset objects unloaded after import = 1
========================================================================
Received Import Request.
  Time since last request: 0.000019 seconds.
  path: Assets/colors/Blue/Blue_1.png
  artifactKey: Guid(0923e016d26fa3247b34aa8d6eb0fa59) Importer(2089858483,0ecaa5967403d082aa24f35e1b516d23)
Start importing Assets/colors/Blue/Blue_1.png using Guid(0923e016d26fa3247b34aa8d6eb0fa59) Importer(2089858483,0ecaa5967403d082aa24f35e1b516d23) [PhysX] Initialized MultithreadedTaskDispatcher with 16 workers.
 -> (artifact id: 'a72ab62f847c22cb8b51267f2db63336') in 0.011901 seconds
Number of updated asset objects reloaded before import = 0
Number of asset objects unloaded after import = 1
========================================================================
Received Import Request.
  Time since last request: 0.000032 seconds.
  path: Assets/colors/Black/Black_13.png
  artifactKey: Guid(e99514e2999147543813b9c0118c4b52) Importer(2089858483,0ecaa5967403d082aa24f35e1b516d23)
Start importing Assets/colors/Black/Black_13.png using Guid(e99514e2999147543813b9c0118c4b52) Importer(2089858483,0ecaa5967403d082aa24f35e1b516d23) [PhysX] Initialized MultithreadedTaskDispatcher with 16 workers.
 -> (artifact id: '6c636c17a49e7acbf18cdc16a8e66027') in 0.020042 seconds
Number of updated asset objects reloaded before import = 0
Number of asset objects unloaded after import = 1
========================================================================
Received Import Request.
  Time since last request: 0.000032 seconds.
  path: Assets/colors/Black
  artifactKey: Guid(65a0d906c16aa5743a5d073db3d9f0f0) Importer(2089858483,0ecaa5967403d082aa24f35e1b516d23)
Start importing Assets/colors/Black using Guid(65a0d906c16aa5743a5d073db3d9f0f0) Importer(2089858483,0ecaa5967403d082aa24f35e1b516d23) [PhysX] Initialized MultithreadedTaskDispatcher with 16 workers.
 -> (artifact id: '1a091ea28848adf87233a25426b01109') in 0.005117 seconds
Number of updated asset objects reloaded before import = 0
Number of asset objects unloaded after import = 1
========================================================================
Received Import Request.
  Time since last request: 0.000034 seconds.
  path: Assets/colors/Black/Black_Material_5.mat
  artifactKey: Guid(e2b5e7d017df4074bbc11a2c60de1477) Importer(2089858483,0ecaa5967403d082aa24f35e1b516d23)
Start importing Assets/colors/Black/Black_Material_5.mat using Guid(e2b5e7d017df4074bbc11a2c60de1477) Importer(2089858483,0ecaa5967403d082aa24f35e1b516d23) [PhysX] Initialized MultithreadedTaskDispatcher with 16 workers.
 -> (artifact id: '7bd6a4b7ff8d1a508b88801a93c1976c') in 0.009874 seconds
Number of updated asset objects reloaded before import = 0
Number of asset objects unloaded after import = 2
========================================================================
Received Import Request.
  Time since last request: 0.000051 seconds.
  path: Assets/TextMesh Pro/Resources/Fonts & Materials/LiberationSans SDF - Drop Shadow.mat
  artifactKey: Guid(e73a58f6e2794ae7b1b7e50b7fb811b0) Importer(2089858483,0ecaa5967403d082aa24f35e1b516d23)
Start importing Assets/TextMesh Pro/Resources/Fonts & Materials/LiberationSans SDF - Drop Shadow.mat using Guid(e73a58f6e2794ae7b1b7e50b7fb811b0) Importer(2089858483,0ecaa5967403d082aa24f35e1b516d23) [PhysX] Initialized MultithreadedTaskDispatcher with 16 workers.
 -> (artifact id: '5b8859c4a23f7206cda37b99f1b28a24') in 0.022662 seconds
Number of updated asset objects reloaded before import = 0
Number of asset objects unloaded after import = 2
========================================================================
Received Import Request.
  Time since last request: 0.000021 seconds.
  path: Assets/tile_prefab/Tile_orange_5.prefab
  artifactKey: Guid(666ce052191bac24aa8bf872f6faaf38) Importer(2089858483,0ecaa5967403d082aa24f35e1b516d23)
Start importing Assets/tile_prefab/Tile_orange_5.prefab using Guid(666ce052191bac24aa8bf872f6faaf38) Importer(2089858483,0ecaa5967403d082aa24f35e1b516d23) [PhysX] Initialized MultithreadedTaskDispatcher with 16 workers.
 -> (artifact id: 'a5030da118025fdd89066d9e82892bb8') in 0.032580 seconds
Number of updated asset objects reloaded before import = 0
Number of asset objects unloaded after import = 12
========================================================================
Received Import Request.
  Time since last request: 0.000033 seconds.
  path: Assets/colors/Spec_2.png
  artifactKey: Guid(c3b5cff8bc0a99c49afb585a68d8bc54) Importer(2089858483,0ecaa5967403d082aa24f35e1b516d23)
Start importing Assets/colors/Spec_2.png using Guid(c3b5cff8bc0a99c49afb585a68d8bc54) Importer(2089858483,0ecaa5967403d082aa24f35e1b516d23) [PhysX] Initialized MultithreadedTaskDispatcher with 16 workers.
 -> (artifact id: '997722ffcabb7e96ff8834180c4c3fe5') in 0.010619 seconds
Number of updated asset objects reloaded before import = 0
Number of asset objects unloaded after import = 1
========================================================================
Received Import Request.
  Time since last request: 0.000028 seconds.
  path: Assets/tile_prefab/Tile_black_11.prefab
  artifactKey: Guid(37fc00f23b1e5144d836c410ef53ffc1) Importer(2089858483,0ecaa5967403d082aa24f35e1b516d23)
Start importing Assets/tile_prefab/Tile_black_11.prefab using Guid(37fc00f23b1e5144d836c410ef53ffc1) Importer(2089858483,0ecaa5967403d082aa24f35e1b516d23) [PhysX] Initialized MultithreadedTaskDispatcher with 16 workers.
 -> (artifact id: '1690a5107d3cb7550faca05effd87c48') in 0.006515 seconds
Number of updated asset objects reloaded before import = 0
Number of asset objects unloaded after import = 12
========================================================================
Received Import Request.
  Time since last request: 0.000019 seconds.
  path: Assets/colors/Orange/Orange_Material_9.mat
  artifactKey: Guid(97b09941c1174de448d64be7b1b12ce6) Importer(2089858483,0ecaa5967403d082aa24f35e1b516d23)
Start importing Assets/colors/Orange/Orange_Material_9.mat using Guid(97b09941c1174de448d64be7b1b12ce6) Importer(2089858483,0ecaa5967403d082aa24f35e1b516d23) [PhysX] Initialized MultithreadedTaskDispatcher with 16 workers.
 -> (artifact id: '71504adba5423e578a696aaf3773050c') in 0.005464 seconds
Number of updated asset objects reloaded before import = 0
Number of asset objects unloaded after import = 2
========================================================================
Received Import Request.
  Time since last request: 0.000020 seconds.
  path: Assets/tile_prefab/Tile_black_13.prefab
  artifactKey: Guid(bfb6393daf13e2c4aa425246340454ef) Importer(2089858483,0ecaa5967403d082aa24f35e1b516d23)
Start importing Assets/tile_prefab/Tile_black_13.prefab using Guid(bfb6393daf13e2c4aa425246340454ef) Importer(2089858483,0ecaa5967403d082aa24f35e1b516d23) [PhysX] Initialized MultithreadedTaskDispatcher with 16 workers.
 -> (artifact id: '4e8a8505195b3c75e43a994222d84053') in 0.006294 seconds
Number of updated asset objects reloaded before import = 0
Number of asset objects unloaded after import = 12
========================================================================
Received Import Request.
  Time since last request: 0.000043 seconds.
  path: Assets/colors/Orange/Orange_Material_11.mat
  artifactKey: Guid(158ec413975486a499eb1ceab8f745c7) Importer(2089858483,0ecaa5967403d082aa24f35e1b516d23)
Start importing Assets/colors/Orange/Orange_Material_11.mat using Guid(158ec413975486a499eb1ceab8f745c7) Importer(2089858483,0ecaa5967403d082aa24f35e1b516d23) [PhysX] Initialized MultithreadedTaskDispatcher with 16 workers.
 -> (artifact id: 'cd5164fb38edd0a633dc7355c0acc275') in 0.007251 seconds
Number of updated asset objects reloaded before import = 0
Number of asset objects unloaded after import = 2
========================================================================
Received Import Request.
  Time since last request: 0.000021 seconds.
  path: Assets/tile_prefab/Tile_red_4.prefab
  artifactKey: Guid(c6d038eed4697804d9e468777ebe25e2) Importer(2089858483,0ecaa5967403d082aa24f35e1b516d23)
Start importing Assets/tile_prefab/Tile_red_4.prefab using Guid(c6d038eed4697804d9e468777ebe25e2) Importer(2089858483,0ecaa5967403d082aa24f35e1b516d23) [PhysX] Initialized MultithreadedTaskDispatcher with 16 workers.
 -> (artifact id: '5e270b75fed6442cb1123501265da71a') in 0.006758 seconds
Number of updated asset objects reloaded before import = 0
Number of asset objects unloaded after import = 12
========================================================================
Received Import Request.
  Time since last request: 0.000024 seconds.
  path: Assets/TextMesh Pro/Sprites/EmojiOne.png
  artifactKey: Guid(dffef66376be4fa480fb02b19edbe903) Importer(2089858483,0ecaa5967403d082aa24f35e1b516d23)
Start importing Assets/TextMesh Pro/Sprites/EmojiOne.png using Guid(dffef66376be4fa480fb02b19edbe903) Importer(2089858483,0ecaa5967403d082aa24f35e1b516d23) [PhysX] Initialized MultithreadedTaskDispatcher with 16 workers.
 -> (artifact id: '979ff512061f8e28bc152b4aace59aad') in 0.013619 seconds
Number of updated asset objects reloaded before import = 0
Number of asset objects unloaded after import = 1
========================================================================
Received Import Request.
  Time since last request: 0.000024 seconds.
  path: Assets/tile_prefab/Tile_black_10.prefab
  artifactKey: Guid(409c655bc03ac68488a95a316b5f1592) Importer(2089858483,0ecaa5967403d082aa24f35e1b516d23)
Start importing Assets/tile_prefab/Tile_black_10.prefab using Guid(409c655bc03ac68488a95a316b5f1592) Importer(2089858483,0ecaa5967403d082aa24f35e1b516d23) [PhysX] Initialized MultithreadedTaskDispatcher with 16 workers.
 -> (artifact id: '8466c101facc6893524bddffe65fb14f') in 0.004607 seconds
Number of updated asset objects reloaded before import = 0
Number of asset objects unloaded after import = 12
========================================================================
Received Import Request.
  Time since last request: 0.000019 seconds.
  path: Assets/TextMesh Pro/Documentation
  artifactKey: Guid(8e7e8f5a82a3a134e91c54efd2274ea9) Importer(2089858483,0ecaa5967403d082aa24f35e1b516d23)
Start importing Assets/TextMesh Pro/Documentation using Guid(8e7e8f5a82a3a134e91c54efd2274ea9) Importer(2089858483,0ecaa5967403d082aa24f35e1b516d23) [PhysX] Initialized MultithreadedTaskDispatcher with 16 workers.
 -> (artifact id: 'dd94a0a041ebbab55c0df4af7b0d1a2f') in 0.003643 seconds
Number of updated asset objects reloaded before import = 0
Number of asset objects unloaded after import = 1
========================================================================
Received Import Request.
  Time since last request: 0.000021 seconds.
  path: Assets/colors/Orange/Orange_Material_3.mat
  artifactKey: Guid(9d2b0ff3f88bd0440bbc8e9e18029a90) Importer(2089858483,0ecaa5967403d082aa24f35e1b516d23)
Start importing Assets/colors/Orange/Orange_Material_3.mat using Guid(9d2b0ff3f88bd0440bbc8e9e18029a90) Importer(2089858483,0ecaa5967403d082aa24f35e1b516d23) [PhysX] Initialized MultithreadedTaskDispatcher with 16 workers.
 -> (artifact id: 'e40942fcb8845550c9a8232bbccd5f95') in 0.006125 seconds
Number of updated asset objects reloaded before import = 0
Number of asset objects unloaded after import = 2
========================================================================
Received Import Request.
  Time since last request: 0.000025 seconds.
  path: Assets/tile_prefab/Tile_blue_11.prefab
  artifactKey: Guid(5939f5bd9963ff94aa6963e6ea71c391) Importer(2089858483,0ecaa5967403d082aa24f35e1b516d23)
Start importing Assets/tile_prefab/Tile_blue_11.prefab using Guid(5939f5bd9963ff94aa6963e6ea71c391) Importer(2089858483,0ecaa5967403d082aa24f35e1b516d23) [PhysX] Initialized MultithreadedTaskDispatcher with 16 workers.
 -> (artifact id: 'd48ec5a5da5e41025cad263f9e752396') in 0.007541 seconds
Number of updated asset objects reloaded before import = 0
Number of asset objects unloaded after import = 12
========================================================================
Received Import Request.
  Time since last request: 0.000029 seconds.
  path: Assets/tile_prefab/Tile_red_1.prefab
  artifactKey: Guid(f56f6b66b39083044ac8ef7efb2cd04c) Importer(2089858483,0ecaa5967403d082aa24f35e1b516d23)
Start importing Assets/tile_prefab/Tile_red_1.prefab using Guid(f56f6b66b39083044ac8ef7efb2cd04c) Importer(2089858483,0ecaa5967403d082aa24f35e1b516d23) [PhysX] Initialized MultithreadedTaskDispatcher with 16 workers.
 -> (artifact id: '38be32712b189634bdc21141bfae759c') in 0.005148 seconds
Number of updated asset objects reloaded before import = 0
Number of asset objects unloaded after import = 12
========================================================================
Received Import Request.
  Time since last request: 0.000017 seconds.
  path: Assets/tile_prefab/Tile_blue_1.prefab
  artifactKey: Guid(704c3285b57254349a5c3283f0109b5a) Importer(2089858483,0ecaa5967403d082aa24f35e1b516d23)
Start importing Assets/tile_prefab/Tile_blue_1.prefab using Guid(704c3285b57254349a5c3283f0109b5a) Importer(2089858483,0ecaa5967403d082aa24f35e1b516d23) [PhysX] Initialized MultithreadedTaskDispatcher with 16 workers.
 -> (artifact id: 'a4453298ffc884c23810a3518d5729f9') in 0.005666 seconds
Number of updated asset objects reloaded before import = 0
Number of asset objects unloaded after import = 12
========================================================================
Received Import Request.
  Time since last request: 0.000015 seconds.
  path: Assets/colors/Orange/Orange_Material_6.mat
  artifactKey: Guid(c025578f9d1699b44a0ef24035fb8835) Importer(2089858483,0ecaa5967403d082aa24f35e1b516d23)
Start importing Assets/colors/Orange/Orange_Material_6.mat using Guid(c025578f9d1699b44a0ef24035fb8835) Importer(2089858483,0ecaa5967403d082aa24f35e1b516d23) [PhysX] Initialized MultithreadedTaskDispatcher with 16 workers.
 -> (artifact id: '859ea541abfe7f56bf34b146cf703a20') in 0.006148 seconds
Number of updated asset objects reloaded before import = 0
Number of asset objects unloaded after import = 2
========================================================================
Received Import Request.
  Time since last request: 0.000019 seconds.
  path: Assets/tile_prefab/Tile_blue_9.prefab
  artifactKey: Guid(a5ef68adf3db09844bb59603020f35c7) Importer(2089858483,0ecaa5967403d082aa24f35e1b516d23)
Start importing Assets/tile_prefab/Tile_blue_9.prefab using Guid(a5ef68adf3db09844bb59603020f35c7) Importer(2089858483,0ecaa5967403d082aa24f35e1b516d23) [PhysX] Initialized MultithreadedTaskDispatcher with 16 workers.
 -> (artifact id: '50c20a6a315323bdd99409fd8c28a4d3') in 0.006843 seconds
Number of updated asset objects reloaded before import = 0
Number of asset objects unloaded after import = 12
========================================================================
Received Import Request.
  Time since last request: 0.000017 seconds.
  path: Assets/tile_prefab/Tile_orange_2.prefab
  artifactKey: Guid(89884833bc9d77046aad4274ada04c81) Importer(2089858483,0ecaa5967403d082aa24f35e1b516d23)
Start importing Assets/tile_prefab/Tile_orange_2.prefab using Guid(89884833bc9d77046aad4274ada04c81) Importer(2089858483,0ecaa5967403d082aa24f35e1b516d23) [PhysX] Initialized MultithreadedTaskDispatcher with 16 workers.
 -> (artifact id: '36773d82b486ec6764e251603ed66983') in 0.006615 seconds
Number of updated asset objects reloaded before import = 0
Number of asset objects unloaded after import = 12
========================================================================
Received Import Request.
  Time since last request: 0.000019 seconds.
  path: Assets/tile_prefab/Tile_red_11.prefab
  artifactKey: Guid(0dcc5340af90a694a9bb12046715ced5) Importer(2089858483,0ecaa5967403d082aa24f35e1b516d23)
Start importing Assets/tile_prefab/Tile_red_11.prefab using Guid(0dcc5340af90a694a9bb12046715ced5) Importer(2089858483,0ecaa5967403d082aa24f35e1b516d23) [PhysX] Initialized MultithreadedTaskDispatcher with 16 workers.
 -> (artifact id: '95eee7b6cbd9bea78edb9b88c77dee92') in 0.006188 seconds
Number of updated asset objects reloaded before import = 0
Number of asset objects unloaded after import = 12
========================================================================
Received Import Request.
  Time since last request: 0.000021 seconds.
  path: Assets/tile_prefab/Tile_blue_13.prefab
  artifactKey: Guid(cab672b709ad1984682c2cbae3243e54) Importer(2089858483,0ecaa5967403d082aa24f35e1b516d23)
Start importing Assets/tile_prefab/Tile_blue_13.prefab using Guid(cab672b709ad1984682c2cbae3243e54) Importer(2089858483,0ecaa5967403d082aa24f35e1b516d23) [PhysX] Initialized MultithreadedTaskDispatcher with 16 workers.
 -> (artifact id: '190889cff6e46657b05b55e8a47ca9ff') in 0.005754 seconds
Number of updated asset objects reloaded before import = 0
Number of asset objects unloaded after import = 12
========================================================================
Received Import Request.
  Time since last request: 0.000024 seconds.
  path: Assets/colors/Specjal_Material_2.mat
  artifactKey: Guid(0af43998b63218c43aa6c99e335d4c8d) Importer(2089858483,0ecaa5967403d082aa24f35e1b516d23)
Start importing Assets/colors/Specjal_Material_2.mat using Guid(0af43998b63218c43aa6c99e335d4c8d) Importer(2089858483,0ecaa5967403d082aa24f35e1b516d23) [PhysX] Initialized MultithreadedTaskDispatcher with 16 workers.
 -> (artifact id: '7daf1ec214eee87adacb00f5402dd281') in 0.005409 seconds
Number of updated asset objects reloaded before import = 0
Number of asset objects unloaded after import = 2
========================================================================
Received Import Request.
  Time since last request: 0.000018 seconds.
  path: Assets/tile_prefab/Tile_orange_9.prefab
  artifactKey: Guid(92b7b312bef027e4dabb1dd499b43e6b) Importer(2089858483,0ecaa5967403d082aa24f35e1b516d23)
Start importing Assets/tile_prefab/Tile_orange_9.prefab using Guid(92b7b312bef027e4dabb1dd499b43e6b) Importer(2089858483,0ecaa5967403d082aa24f35e1b516d23) [PhysX] Initialized MultithreadedTaskDispatcher with 16 workers.
 -> (artifact id: '1a843003417e2fb4408f50a2720a62ea') in 0.006199 seconds
Number of updated asset objects reloaded before import = 0
Number of asset objects unloaded after import = 12
========================================================================
Received Import Request.
  Time since last request: 0.000017 seconds.
  path: Assets/tile_prefab/Tile_special_2.prefab
  artifactKey: Guid(f5692fce97e29024886ccadc0c8ecf8a) Importer(2089858483,0ecaa5967403d082aa24f35e1b516d23)
Start importing Assets/tile_prefab/Tile_special_2.prefab using Guid(f5692fce97e29024886ccadc0c8ecf8a) Importer(2089858483,0ecaa5967403d082aa24f35e1b516d23) [PhysX] Initialized MultithreadedTaskDispatcher with 16 workers.
 -> (artifact id: 'c5045bdb73c22ff2c245dd3b086237bc') in 0.007217 seconds
Number of updated asset objects reloaded before import = 0
Number of asset objects unloaded after import = 12
========================================================================
Received Import Request.
  Time since last request: 0.000026 seconds.
  path: Assets/colors/Orange/Orange_Material_4.mat
  artifactKey: Guid(bca1e9f247eb4fe4589f3b5c81a8916a) Importer(2089858483,0ecaa5967403d082aa24f35e1b516d23)
Start importing Assets/colors/Orange/Orange_Material_4.mat using Guid(bca1e9f247eb4fe4589f3b5c81a8916a) Importer(2089858483,0ecaa5967403d082aa24f35e1b516d23) [PhysX] Initialized MultithreadedTaskDispatcher with 16 workers.
 -> (artifact id: 'ebc3dc0723606ef02b631100c3f75e7a') in 0.005727 seconds
Number of updated asset objects reloaded before import = 0
Number of asset objects unloaded after import = 2
========================================================================
Received Import Request.
  Time since last request: 0.000025 seconds.
  path: Assets/tile_prefab/Tile_blue_7.prefab
  artifactKey: Guid(1912ee123a7be0840af7988c45512f03) Importer(2089858483,0ecaa5967403d082aa24f35e1b516d23)
Start importing Assets/tile_prefab/Tile_blue_7.prefab using Guid(1912ee123a7be0840af7988c45512f03) Importer(2089858483,0ecaa5967403d082aa24f35e1b516d23) [PhysX] Initialized MultithreadedTaskDispatcher with 16 workers.
 -> (artifact id: 'dd97c1e922131c88ec8211b8ed1e0ea6') in 0.007404 seconds
Number of updated asset objects reloaded before import = 0
Number of asset objects unloaded after import = 12
========================================================================
Received Import Request.
  Time since last request: 0.000017 seconds.
  path: Assets/tile_prefab/Tile_orange_10.prefab
  artifactKey: Guid(bc1e8d7db8bc38b41a0e9357607aa569) Importer(2089858483,0ecaa5967403d082aa24f35e1b516d23)
Start importing Assets/tile_prefab/Tile_orange_10.prefab using Guid(bc1e8d7db8bc38b41a0e9357607aa569) Importer(2089858483,0ecaa5967403d082aa24f35e1b516d23) [PhysX] Initialized MultithreadedTaskDispatcher with 16 workers.
 -> (artifact id: '3b7a4d65c493a5fd99a565606687546b') in 0.005484 seconds
Number of updated asset objects reloaded before import = 0
Number of asset objects unloaded after import = 12
========================================================================
Received Import Request.
  Time since last request: 0.000020 seconds.
  path: Assets/TextMesh Pro/Shaders/TMP_SDF Overlay.shader
  artifactKey: Guid(dd89cf5b9246416f84610a006f916af7) Importer(2089858483,0ecaa5967403d082aa24f35e1b516d23)
Start importing Assets/TextMesh Pro/Shaders/TMP_SDF Overlay.shader using Guid(dd89cf5b9246416f84610a006f916af7) Importer(2089858483,0ecaa5967403d082aa24f35e1b516d23) [PhysX] Initialized MultithreadedTaskDispatcher with 16 workers.
 -> (artifact id: '82e720086ed4a71211205348c83cc03d') in 0.007291 seconds
Number of updated asset objects reloaded before import = 0
Number of asset objects unloaded after import = 1
========================================================================
Received Import Request.
  Time since last request: 0.000017 seconds.
  path: Assets/colors/Orange/Orange_Material_10.mat
  artifactKey: Guid(ad239c85116e5e043bcdffda67a63647) Importer(2089858483,0ecaa5967403d082aa24f35e1b516d23)
Start importing Assets/colors/Orange/Orange_Material_10.mat using Guid(ad239c85116e5e043bcdffda67a63647) Importer(2089858483,0ecaa5967403d082aa24f35e1b516d23) [PhysX] Initialized MultithreadedTaskDispatcher with 16 workers.
 -> (artifact id: '02b1dd757a7b9baa48e16300a68eb3dc') in 0.004413 seconds
Number of updated asset objects reloaded before import = 0
Number of asset objects unloaded after import = 2
========================================================================
Received Import Request.
  Time since last request: 0.000019 seconds.
  path: Assets/TextMesh Pro/Shaders/TMP_SDF SSD.shader
  artifactKey: Guid(14eb328de4b8eb245bb7cea29e4ac00b) Importer(2089858483,0ecaa5967403d082aa24f35e1b516d23)
Start importing Assets/TextMesh Pro/Shaders/TMP_SDF SSD.shader using Guid(14eb328de4b8eb245bb7cea29e4ac00b) Importer(2089858483,0ecaa5967403d082aa24f35e1b516d23) [PhysX] Initialized MultithreadedTaskDispatcher with 16 workers.
 -> (artifact id: '856397fffa3f1c198f63511948079d36') in 0.005249 seconds
Number of updated asset objects reloaded before import = 0
Number of asset objects unloaded after import = 1
========================================================================
Received Import Request.
  Time since last request: 0.000017 seconds.
  path: Assets/tile_prefab/Tile_orange_8.prefab
  artifactKey: Guid(b38000641de553341864711188f2394b) Importer(2089858483,0ecaa5967403d082aa24f35e1b516d23)
Start importing Assets/tile_prefab/Tile_orange_8.prefab using Guid(b38000641de553341864711188f2394b) Importer(2089858483,0ecaa5967403d082aa24f35e1b516d23) [PhysX] Initialized MultithreadedTaskDispatcher with 16 workers.
 -> (artifact id: '71beef5204de17779b380b47e8c8e8a3') in 0.005698 seconds
Number of updated asset objects reloaded before import = 0
Number of asset objects unloaded after import = 12
========================================================================
Received Import Request.
  Time since last request: 0.000018 seconds.
  path: Assets/tile_prefab
  artifactKey: Guid(9dc445f6cc99cff42b5c987737d66be9) Importer(2089858483,0ecaa5967403d082aa24f35e1b516d23)
Start importing Assets/tile_prefab using Guid(9dc445f6cc99cff42b5c987737d66be9) Importer(2089858483,0ecaa5967403d082aa24f35e1b516d23) [PhysX] Initialized MultithreadedTaskDispatcher with 16 workers.
 -> (artifact id: '710edc4db8a78fbd61a9b232474400e5') in 0.002900 seconds
Number of updated asset objects reloaded before import = 0
Number of asset objects unloaded after import = 1
========================================================================
Received Import Request.
  Time since last request: 0.000021 seconds.
  path: Assets/tile_prefab/Tile_blue_5.prefab
  artifactKey: Guid(2099c46e7e690a547857719eff1c1ce8) Importer(2089858483,0ecaa5967403d082aa24f35e1b516d23)
Start importing Assets/tile_prefab/Tile_blue_5.prefab using Guid(2099c46e7e690a547857719eff1c1ce8) Importer(2089858483,0ecaa5967403d082aa24f35e1b516d23) [PhysX] Initialized MultithreadedTaskDispatcher with 16 workers.
 -> (artifact id: 'c134b4359600bdec1c9240bb6508d0af') in 0.006641 seconds
Number of updated asset objects reloaded before import = 0
Number of asset objects unloaded after import = 12
========================================================================
Received Import Request.
  Time since last request: 0.000017 seconds.
  path: Assets/tile_prefab/Tile_orange_1.prefab
  artifactKey: Guid(5868d5d6bc55a634295ea94c506e304c) Importer(2089858483,0ecaa5967403d082aa24f35e1b516d23)
Start importing Assets/tile_prefab/Tile_orange_1.prefab using Guid(5868d5d6bc55a634295ea94c506e304c) Importer(2089858483,0ecaa5967403d082aa24f35e1b516d23) [PhysX] Initialized MultithreadedTaskDispatcher with 16 workers.
 -> (artifact id: '07debc1fc1e8859a5ee4a90da7aeab3e') in 0.005287 seconds
Number of updated asset objects reloaded before import = 0
Number of asset objects unloaded after import = 12
========================================================================
Received Import Request.
  Time since last request: 0.000024 seconds.
  path: Assets/colors/Orange/Orange_Material_13.mat
  artifactKey: Guid(dbc158f877589414fad13848d971aa21) Importer(2089858483,0ecaa5967403d082aa24f35e1b516d23)
Start importing Assets/colors/Orange/Orange_Material_13.mat using Guid(dbc158f877589414fad13848d971aa21) Importer(2089858483,0ecaa5967403d082aa24f35e1b516d23) [PhysX] Initialized MultithreadedTaskDispatcher with 16 workers.
 -> (artifact id: '9b3808280fc91d362d2f52367823af9f') in 0.005453 seconds
Number of updated asset objects reloaded before import = 0
Number of asset objects unloaded after import = 2
========================================================================
Received Import Request.
  Time since last request: 0.000016 seconds.
  path: Assets/colors/Orange/Orange_Material_2.mat
  artifactKey: Guid(fc8ee4f31ce080849b984a226d6569cf) Importer(2089858483,0ecaa5967403d082aa24f35e1b516d23)
Start importing Assets/colors/Orange/Orange_Material_2.mat using Guid(fc8ee4f31ce080849b984a226d6569cf) Importer(2089858483,0ecaa5967403d082aa24f35e1b516d23) [PhysX] Initialized MultithreadedTaskDispatcher with 16 workers.
 -> (artifact id: '55290a5aa46187c57366d0b83a946d90') in 0.004438 seconds
Number of updated asset objects reloaded before import = 0
Number of asset objects unloaded after import = 2
========================================================================
Received Import Request.
  Time since last request: 0.000023 seconds.
  path: Assets/tile_prefab/Tile_blue_2.prefab
  artifactKey: Guid(d6918a05972e81644848040749bc1a88) Importer(2089858483,0ecaa5967403d082aa24f35e1b516d23)
Start importing Assets/tile_prefab/Tile_blue_2.prefab using Guid(d6918a05972e81644848040749bc1a88) Importer(2089858483,0ecaa5967403d082aa24f35e1b516d23) [PhysX] Initialized MultithreadedTaskDispatcher with 16 workers.
 -> (artifact id: '097dc755aac9942f21f85db0f6722aa5') in 0.008065 seconds
Number of updated asset objects reloaded before import = 0
Number of asset objects unloaded after import = 12
========================================================================
Received Import Request.
  Time since last request: 0.000019 seconds.
  path: Assets/colors/Red
  artifactKey: Guid(faa42436263ea9344a421f2ca1f0547f) Importer(2089858483,0ecaa5967403d082aa24f35e1b516d23)
Start importing Assets/colors/Red using Guid(faa42436263ea9344a421f2ca1f0547f) Importer(2089858483,0ecaa5967403d082aa24f35e1b516d23) [PhysX] Initialized MultithreadedTaskDispatcher with 16 workers.
 -> (artifact id: 'a08aa4ad33b393e344c8c6a23da164ee') in 0.002910 seconds
Number of updated asset objects reloaded before import = 0
Number of asset objects unloaded after import = 1
========================================================================
Received Import Request.
  Time since last request: 0.000020 seconds.
  path: Assets/colors/Black/Black_Material_8.mat
  artifactKey: Guid(dfcd14acbf13892449ca33b89f844a30) Importer(2089858483,0ecaa5967403d082aa24f35e1b516d23)
Start importing Assets/colors/Black/Black_Material_8.mat using Guid(dfcd14acbf13892449ca33b89f844a30) Importer(2089858483,0ecaa5967403d082aa24f35e1b516d23) [PhysX] Initialized MultithreadedTaskDispatcher with 16 workers.
 -> (artifact id: 'f7bf46a65e8f10c5c81324d89cf3d73e') in 0.004764 seconds
Number of updated asset objects reloaded before import = 0
Number of asset objects unloaded after import = 2
========================================================================
Received Import Request.
  Time since last request: 0.000018 seconds.
  path: Assets/tile_prefab/Tile_black_2.prefab
  artifactKey: Guid(e277d8489fdf6c5438d19b35a26caa9e) Importer(2089858483,0ecaa5967403d082aa24f35e1b516d23)
Start importing Assets/tile_prefab/Tile_black_2.prefab using Guid(e277d8489fdf6c5438d19b35a26caa9e) Importer(2089858483,0ecaa5967403d082aa24f35e1b516d23) [PhysX] Initialized MultithreadedTaskDispatcher with 16 workers.
 -> (artifact id: '6f11ae574bbe69487ae5b6be77b587ee') in 0.006367 seconds
Number of updated asset objects reloaded before import = 0
Number of asset objects unloaded after import = 12
========================================================================
Received Import Request.
  Time since last request: 0.000026 seconds.
  path: Assets/colors/Black/Black_Material_7.mat
  artifactKey: Guid(caebb0bbb882ea444a3da0924afb62a2) Importer(2089858483,0ecaa5967403d082aa24f35e1b516d23)
Start importing Assets/colors/Black/Black_Material_7.mat using Guid(caebb0bbb882ea444a3da0924afb62a2) Importer(2089858483,0ecaa5967403d082aa24f35e1b516d23) [PhysX] Initialized MultithreadedTaskDispatcher with 16 workers.
 -> (artifact id: '63802614b14b118c16a9b9b8afd7840d') in 0.005667 seconds
Number of updated asset objects reloaded before import = 0
Number of asset objects unloaded after import = 2
========================================================================
Received Import Request.
  Time since last request: 0.000015 seconds.
  path: Assets/colors/Black/Black_4.png
  artifactKey: Guid(3bc9db1b76b37c54689101e795ada4a7) Importer(2089858483,0ecaa5967403d082aa24f35e1b516d23)
Start importing Assets/colors/Black/Black_4.png using Guid(3bc9db1b76b37c54689101e795ada4a7) Importer(2089858483,0ecaa5967403d082aa24f35e1b516d23) [PhysX] Initialized MultithreadedTaskDispatcher with 16 workers.
 -> (artifact id: '3e8b261d39e31704bf6813424402b178') in 0.006976 seconds
Number of updated asset objects reloaded before import = 0
Number of asset objects unloaded after import = 1
========================================================================
Received Import Request.
  Time since last request: 0.000023 seconds.
  path: Assets/colors/Black/Black_Material_9.mat
  artifactKey: Guid(02c93225d1124234488f6abd638661e2) Importer(2089858483,0ecaa5967403d082aa24f35e1b516d23)
Start importing Assets/colors/Black/Black_Material_9.mat using Guid(02c93225d1124234488f6abd638661e2) Importer(2089858483,0ecaa5967403d082aa24f35e1b516d23) [PhysX] Initialized MultithreadedTaskDispatcher with 16 workers.
 -> (artifact id: 'a7cd855537ba0033c25e18e56292870f') in 0.004583 seconds
Number of updated asset objects reloaded before import = 0
Number of asset objects unloaded after import = 2
========================================================================
Received Import Request.
  Time since last request: 0.000024 seconds.
  path: Assets/tile_prefab/Tile_red_9.prefab
  artifactKey: Guid(ff379fc503940db4ea71666e1361c2cf) Importer(2089858483,0ecaa5967403d082aa24f35e1b516d23)
Start importing Assets/tile_prefab/Tile_red_9.prefab using Guid(ff379fc503940db4ea71666e1361c2cf) Importer(2089858483,0ecaa5967403d082aa24f35e1b516d23) [PhysX] Initialized MultithreadedTaskDispatcher with 16 workers.
 -> (artifact id: '06468c5feb1b4c722fc9d2778be49080') in 0.007313 seconds
Number of updated asset objects reloaded before import = 0
Number of asset objects unloaded after import = 12
========================================================================
Received Import Request.
  Time since last request: 0.000018 seconds.
  path: Assets/colors/Red/Red_12_material.mat
  artifactKey: Guid(5382b741e2dac8e4da2a84651ae41fae) Importer(2089858483,0ecaa5967403d082aa24f35e1b516d23)
Start importing Assets/colors/Red/Red_12_material.mat using Guid(5382b741e2dac8e4da2a84651ae41fae) Importer(2089858483,0ecaa5967403d082aa24f35e1b516d23) [PhysX] Initialized MultithreadedTaskDispatcher with 16 workers.
 -> (artifact id: 'dbdc9bca081b4bb8a12cb86609c7c03b') in 0.005263 seconds
Number of updated asset objects reloaded before import = 0
Number of asset objects unloaded after import = 2
========================================================================
Received Import Request.
  Time since last request: 0.000024 seconds.
  path: Assets/colors/Blue/Blue_Material_4.mat
  artifactKey: Guid(cf8a1ca34b52674418255be7c2ff9480) Importer(2089858483,0ecaa5967403d082aa24f35e1b516d23)
Start importing Assets/colors/Blue/Blue_Material_4.mat using Guid(cf8a1ca34b52674418255be7c2ff9480) Importer(2089858483,0ecaa5967403d082aa24f35e1b516d23) [PhysX] Initialized MultithreadedTaskDispatcher with 16 workers.
 -> (artifact id: '56fdbafb1ed9120ef669a6925669479a') in 0.005094 seconds
Number of updated asset objects reloaded before import = 0
Number of asset objects unloaded after import = 2
========================================================================
Received Import Request.
  Time since last request: 0.000025 seconds.
  path: Assets/tile_prefab/Tile_black_7.prefab
  artifactKey: Guid(70f41e6668d34e343a8462a927ee7896) Importer(2089858483,0ecaa5967403d082aa24f35e1b516d23)
Start importing Assets/tile_prefab/Tile_black_7.prefab using Guid(70f41e6668d34e343a8462a927ee7896) Importer(2089858483,0ecaa5967403d082aa24f35e1b516d23) [PhysX] Initialized MultithreadedTaskDispatcher with 16 workers.
 -> (artifact id: 'ff5d53816f0fa814768a82a9d7ae0c28') in 0.007683 seconds
Number of updated asset objects reloaded before import = 0
Number of asset objects unloaded after import = 12
========================================================================
Received Import Request.
  Time since last request: 0.000019 seconds.
  path: Assets/tile_prefab/Tile_black_6.prefab
  artifactKey: Guid(db7614e857e0cc3459f2c652239519db) Importer(2089858483,0ecaa5967403d082aa24f35e1b516d23)
Start importing Assets/tile_prefab/Tile_black_6.prefab using Guid(db7614e857e0cc3459f2c652239519db) Importer(2089858483,0ecaa5967403d082aa24f35e1b516d23) [PhysX] Initialized MultithreadedTaskDispatcher with 16 workers.
 -> (artifact id: 'fac6b82e3fe91ecb26700fcd1baf4357') in 0.007141 seconds
Number of updated asset objects reloaded before import = 0
Number of asset objects unloaded after import = 12
========================================================================
Received Import Request.
  Time since last request: 0.000024 seconds.
  path: Assets/colors/Orange/Orange_5.png
  artifactKey: Guid(5d8828d7651ca094a8dbf0686355048f) Importer(2089858483,0ecaa5967403d082aa24f35e1b516d23)
Start importing Assets/colors/Orange/Orange_5.png using Guid(5d8828d7651ca094a8dbf0686355048f) Importer(2089858483,0ecaa5967403d082aa24f35e1b516d23) [PhysX] Initialized MultithreadedTaskDispatcher with 16 workers.
 -> (artifact id: '12117cc4e295acc39635d85a39a8c4b6') in 0.007967 seconds
Number of updated asset objects reloaded before import = 0
Number of asset objects unloaded after import = 1
========================================================================
Received Import Request.
  Time since last request: 0.000026 seconds.
  path: Assets/tile_prefab/Tile_black_9.prefab
  artifactKey: Guid(9b5606a562532b64d93b6d82e5449e0c) Importer(2089858483,0ecaa5967403d082aa24f35e1b516d23)
Start importing Assets/tile_prefab/Tile_black_9.prefab using Guid(9b5606a562532b64d93b6d82e5449e0c) Importer(2089858483,0ecaa5967403d082aa24f35e1b516d23) [PhysX] Initialized MultithreadedTaskDispatcher with 16 workers.
 -> (artifact id: 'b51182efc84cd4881eab5d3f2059688e') in 0.008582 seconds
Number of updated asset objects reloaded before import = 0
Number of asset objects unloaded after import = 12
========================================================================
Received Import Request.
  Time since last request: 0.101993 seconds.
  path: Assets/TextMesh Pro/Shaders/TMPro_Surface.cginc
  artifactKey: Guid(d930090c0cd643c7b55f19a38538c162) Importer(2089858483,0ecaa5967403d082aa24f35e1b516d23)
Start importing Assets/TextMesh Pro/Shaders/TMPro_Surface.cginc using Guid(d930090c0cd643c7b55f19a38538c162) Importer(2089858483,0ecaa5967403d082aa24f35e1b516d23) [PhysX] Initialized MultithreadedTaskDispatcher with 16 workers.
 -> (artifact id: '87b0f2c9ed8754591a76622fbbec2f54') in 0.003569 seconds
Number of updated asset objects reloaded before import = 0
Number of asset objects unloaded after import = 1
========================================================================
Received Import Request.
  Time since last request: 0.000018 seconds.
  path: Assets/TextMesh Pro/Examples & Extras/Materials/Small Crate_diffuse.mat
  artifactKey: Guid(22262639920f43d6be32430e4e58350d) Importer(2089858483,0ecaa5967403d082aa24f35e1b516d23)
Start importing Assets/TextMesh Pro/Examples & Extras/Materials/Small Crate_diffuse.mat using Guid(22262639920f43d6be32430e4e58350d) Importer(2089858483,0ecaa5967403d082aa24f35e1b516d23) [PhysX] Initialized MultithreadedTaskDispatcher with 16 workers.
 -> (artifact id: '4f719154cfaca925b94aa1cb0b3a6c88') in 0.006634 seconds
Number of updated asset objects reloaded before import = 0
Number of asset objects unloaded after import = 3
========================================================================
Received Import Request.
  Time since last request: 0.000020 seconds.
  path: Assets/TextMesh Pro/Resources/LineBreaking Leading Characters.txt
  artifactKey: Guid(d82c1b31c7e74239bff1220585707d2b) Importer(2089858483,0ecaa5967403d082aa24f35e1b516d23)
Start importing Assets/TextMesh Pro/Resources/LineBreaking Leading Characters.txt using Guid(d82c1b31c7e74239bff1220585707d2b) Importer(2089858483,0ecaa5967403d082aa24f35e1b516d23) [PhysX] Initialized MultithreadedTaskDispatcher with 16 workers.
 -> (artifact id: '59634de99bcb25fced5fc7260399c519') in 0.003810 seconds
Number of updated asset objects reloaded before import = 0
Number of asset objects unloaded after import = 1
========================================================================
Received Import Request.
  Time since last request: 0.000024 seconds.
  path: Assets/TextMesh Pro/Examples & Extras/Scenes
  artifactKey: Guid(db1090641b3241f6995b587eb21637bc) Importer(2089858483,0ecaa5967403d082aa24f35e1b516d23)
Start importing Assets/TextMesh Pro/Examples & Extras/Scenes using Guid(db1090641b3241f6995b587eb21637bc) Importer(2089858483,0ecaa5967403d082aa24f35e1b516d23) [PhysX] Initialized MultithreadedTaskDispatcher with 16 workers.
 -> (artifact id: 'c09b0a1c39bbfd8b8670ca8290f15edc') in 0.002692 seconds
Number of updated asset objects reloaded before import = 0
Number of asset objects unloaded after import = 1
========================================================================
Received Import Request.
  Time since last request: 0.000020 seconds.
  path: Assets/TextMesh Pro/Examples & Extras/Resources/Fonts & Materials/Bangers SDF - Outline.mat
  artifactKey: Guid(f629c6e43dba4bf38cb74d8860150664) Importer(2089858483,0ecaa5967403d082aa24f35e1b516d23)
Start importing Assets/TextMesh Pro/Examples & Extras/Resources/Fonts & Materials/Bangers SDF - Outline.mat using Guid(f629c6e43dba4bf38cb74d8860150664) Importer(2089858483,0ecaa5967403d082aa24f35e1b516d23) [PhysX] Initialized MultithreadedTaskDispatcher with 16 workers.
 -> (artifact id: '8d47da56bbd4da27b81c4abbf055cbfe') in 0.006137 seconds
Number of updated asset objects reloaded before import = 0
Number of asset objects unloaded after import = 2
========================================================================
Received Import Request.
  Time since last request: 0.000019 seconds.
  path: Assets/TextMesh Pro/Examples & Extras/Textures/Small Crate_normal.jpg
  artifactKey: Guid(8878a782f4334ecbbcf683b3ac780966) Importer(2089858483,0ecaa5967403d082aa24f35e1b516d23)
Start importing Assets/TextMesh Pro/Examples & Extras/Textures/Small Crate_normal.jpg using Guid(8878a782f4334ecbbcf683b3ac780966) Importer(2089858483,0ecaa5967403d082aa24f35e1b516d23) [PhysX] Initialized MultithreadedTaskDispatcher with 16 workers.
 -> (artifact id: '2ae6664548e98ab5e5fed474deccea9c') in 0.009093 seconds
Number of updated asset objects reloaded before import = 0
Number of asset objects unloaded after import = 1
========================================================================
Received Import Request.
  Time since last request: 0.000018 seconds.
  path: Assets/TextMesh Pro/Examples & Extras/Materials/Ground - Logo Scene.mat
  artifactKey: Guid(c719e38f25a9480abd2480ab621a2949) Importer(2089858483,0ecaa5967403d082aa24f35e1b516d23)
Start importing Assets/TextMesh Pro/Examples & Extras/Materials/Ground - Logo Scene.mat using Guid(c719e38f25a9480abd2480ab621a2949) Importer(2089858483,0ecaa5967403d082aa24f35e1b516d23) [PhysX] Initialized MultithreadedTaskDispatcher with 16 workers.
 -> (artifact id: '06eb0ca60bbc79d8e35bb7d7a4b20ed2') in 0.004492 seconds
Number of updated asset objects reloaded before import = 0
Number of asset objects unloaded after import = 2
========================================================================
Received Import Request.
  Time since last request: 0.000016 seconds.
  path: Assets/TextMesh Pro/Examples & Extras/Resources/Fonts & Materials/Bangers SDF Logo.mat
  artifactKey: Guid(f4e195ac1e204eff960149d1cb34e18c) Importer(2089858483,0ecaa5967403d082aa24f35e1b516d23)
Start importing Assets/TextMesh Pro/Examples & Extras/Resources/Fonts & Materials/Bangers SDF Logo.mat using Guid(f4e195ac1e204eff960149d1cb34e18c) Importer(2089858483,0ecaa5967403d082aa24f35e1b516d23) [PhysX] Initialized MultithreadedTaskDispatcher with 16 workers.
 -> (artifact id: '530e6dbdc38d1ccd7fe46184a7ebb11c') in 0.008840 seconds
Number of updated asset objects reloaded before import = 0
Number of asset objects unloaded after import = 4
========================================================================
Received Import Request.
  Time since last request: 0.000021 seconds.
  path: Assets/TextMesh Pro/Examples & Extras/Textures/Text Overflow - Linked Text Image 1.png
  artifactKey: Guid(4ccf43d26c4748c792174516f4a8fcef) Importer(2089858483,0ecaa5967403d082aa24f35e1b516d23)
Start importing Assets/TextMesh Pro/Examples & Extras/Textures/Text Overflow - Linked Text Image 1.png using Guid(4ccf43d26c4748c792174516f4a8fcef) Importer(2089858483,0ecaa5967403d082aa24f35e1b516d23) [PhysX] Initialized MultithreadedTaskDispatcher with 16 workers.
 -> (artifact id: '578ca1abe6499d0875896f9cfa80a750') in 0.007597 seconds
Number of updated asset objects reloaded before import = 0
Number of asset objects unloaded after import = 1
========================================================================
Received Import Request.
  Time since last request: 0.000023 seconds.
  path: Assets/TextMesh Pro/Examples & Extras/Scripts/TMP_ExampleScript_01.cs
  artifactKey: Guid(6f2c5b59b6874405865e2616e4ec276a) Importer(2089858483,0ecaa5967403d082aa24f35e1b516d23)
Start importing Assets/TextMesh Pro/Examples & Extras/Scripts/TMP_ExampleScript_01.cs using Guid(6f2c5b59b6874405865e2616e4ec276a) Importer(2089858483,0ecaa5967403d082aa24f35e1b516d23) [PhysX] Initialized MultithreadedTaskDispatcher with 16 workers.
 -> (artifact id: 'd80a40a59806abd7e12d0f1b61cdca27') in 0.005446 seconds
Number of updated asset objects reloaded before import = 0
Number of asset objects unloaded after import = 1
========================================================================
Received Import Request.
  Time since last request: 0.000031 seconds.
  path: Assets/TextMesh Pro/Examples & Extras/Resources/Sprite Assets/Default Sprite Asset.asset
  artifactKey: Guid(fbef3c704dce48f08a44612d6c856c8d) Importer(2089858483,0ecaa5967403d082aa24f35e1b516d23)
Start importing Assets/TextMesh Pro/Examples & Extras/Resources/Sprite Assets/Default Sprite Asset.asset using Guid(fbef3c704dce48f08a44612d6c856c8d) Importer(2089858483,0ecaa5967403d082aa24f35e1b516d23) [PhysX] Initialized MultithreadedTaskDispatcher with 16 workers.
 -> (artifact id: '747ae25ee37572cbf6ed97c44669cde7') in 0.018097 seconds
Number of updated asset objects reloaded before import = 0
Number of asset objects unloaded after import = 3
========================================================================
Received Import Request.
  Time since last request: 0.000021 seconds.
  path: Assets/TextMesh Pro/Examples & Extras/Materials/Crate - Surface Shader Scene.mat
  artifactKey: Guid(e6b9b44320f4448d9d5e0ee634259966) Importer(2089858483,0ecaa5967403d082aa24f35e1b516d23)
Start importing Assets/TextMesh Pro/Examples & Extras/Materials/Crate - Surface Shader Scene.mat using Guid(e6b9b44320f4448d9d5e0ee634259966) Importer(2089858483,0ecaa5967403d082aa24f35e1b516d23) [PhysX] Initialized MultithreadedTaskDispatcher with 16 workers.
 -> (artifact id: '52fdaae164b95ec4d9868c9002df1fda') in 0.006083 seconds
Number of updated asset objects reloaded before import = 0
Number of asset objects unloaded after import = 3
========================================================================
Received Import Request.
  Time since last request: 0.000019 seconds.
  path: Assets/TextMesh Pro/Examples & Extras/Sprites
  artifactKey: Guid(701e577af2ba48b689972d42efb95456) Importer(2089858483,0ecaa5967403d082aa24f35e1b516d23)
Start importing Assets/TextMesh Pro/Examples & Extras/Sprites using Guid(701e577af2ba48b689972d42efb95456) Importer(2089858483,0ecaa5967403d082aa24f35e1b516d23) [PhysX] Initialized MultithreadedTaskDispatcher with 16 workers.
 -> (artifact id: '4b1337918e0c0bbbcc9afa3d47a2d3f4') in 0.003413 seconds
Number of updated asset objects reloaded before import = 0
Number of asset objects unloaded after import = 1
========================================================================
Received Import Request.
  Time since last request: 0.000021 seconds.
  path: Assets/TextMesh Pro/Examples & Extras/Scenes/22 - Basic Scripting Example.unity
  artifactKey: Guid(6250f98e58fe4abbaada5d84b7ca846d) Importer(2089858483,0ecaa5967403d082aa24f35e1b516d23)
Start importing Assets/TextMesh Pro/Examples & Extras/Scenes/22 - Basic Scripting Example.unity using Guid(6250f98e58fe4abbaada5d84b7ca846d) Importer(2089858483,0ecaa5967403d082aa24f35e1b516d23) [PhysX] Initialized MultithreadedTaskDispatcher with 16 workers.
 -> (artifact id: '4f5ece5146742cd5a8e0e96abac5f627') in 0.002574 seconds
Number of updated asset objects reloaded before import = 0
Number of asset objects unloaded after import = 1
========================================================================
Received Import Request.
  Time since last request: 0.000015 seconds.
  path: Assets/TextMesh Pro/Examples & Extras/Textures/Wipe Pattern - Circle.psd
  artifactKey: Guid(10c49fcd9c64421db7c0133e61e55f97) Importer(2089858483,0ecaa5967403d082aa24f35e1b516d23)
Start importing Assets/TextMesh Pro/Examples & Extras/Textures/Wipe Pattern - Circle.psd using Guid(10c49fcd9c64421db7c0133e61e55f97) Importer(2089858483,0ecaa5967403d082aa24f35e1b516d23) [PhysX] Initialized MultithreadedTaskDispatcher with 16 workers.
 -> (artifact id: '93ad2838deb71323f68e6556c5c8b577') in 0.008486 seconds
Number of updated asset objects reloaded before import = 0
Number of asset objects unloaded after import = 1
========================================================================
Received Import Request.
  Time since last request: 0.000047 seconds.
  path: Assets/TextMesh Pro/Examples & Extras/Resources/Fonts & Materials/Bangers SDF Glow.mat
  artifactKey: Guid(d75b8f41e959450c84ac6e967084d3e1) Importer(2089858483,0ecaa5967403d082aa24f35e1b516d23)
Start importing Assets/TextMesh Pro/Examples & Extras/Resources/Fonts & Materials/Bangers SDF Glow.mat using Guid(d75b8f41e959450c84ac6e967084d3e1) Importer(2089858483,0ecaa5967403d082aa24f35e1b516d23) [PhysX] Initialized MultithreadedTaskDispatcher with 16 workers.
 -> (artifact id: 'b9f6afa1f7bb2df76eb1c9ad3a8f31ea') in 0.008710 seconds
Number of updated asset objects reloaded before import = 0
Number of asset objects unloaded after import = 3
========================================================================
Received Import Request.
  Time since last request: 0.000025 seconds.
  path: Assets/TextMesh Pro/Examples & Extras/Resources/Fonts & Materials/Roboto-Bold SDF - Surface.mat
  artifactKey: Guid(e6b276ec991f467aa14ef1f3cc665993) Importer(2089858483,0ecaa5967403d082aa24f35e1b516d23)
Start importing Assets/TextMesh Pro/Examples & Extras/Resources/Fonts & Materials/Roboto-Bold SDF - Surface.mat using Guid(e6b276ec991f467aa14ef1f3cc665993) Importer(2089858483,0ecaa5967403d082aa24f35e1b516d23) [PhysX] Initialized MultithreadedTaskDispatcher with 16 workers.
 -> (artifact id: '3921860269364a8e1e8ab2d29f2abd08') in 0.006073 seconds
Number of updated asset objects reloaded before import = 0
Number of asset objects unloaded after import = 2
========================================================================
Received Import Request.
  Time since last request: 0.000020 seconds.
  path: Assets/TextMesh Pro/Examples & Extras/Resources/Fonts & Materials/Anton SDF - Sunny Days.mat
  artifactKey: Guid(6522f30e342599e4e9dd4cc2cc03c830) Importer(2089858483,0ecaa5967403d082aa24f35e1b516d23)
Start importing Assets/TextMesh Pro/Examples & Extras/Resources/Fonts & Materials/Anton SDF - Sunny Days.mat using Guid(6522f30e342599e4e9dd4cc2cc03c830) Importer(2089858483,0ecaa5967403d082aa24f35e1b516d23) [PhysX] Initialized MultithreadedTaskDispatcher with 16 workers.
 -> (artifact id: '43c988cb4ab4b01215de39cc434cbf10') in 0.008422 seconds
Number of updated asset objects reloaded before import = 0
Number of asset objects unloaded after import = 4
========================================================================
Received Import Request.
  Time since last request: 0.000033 seconds.
  path: Assets/TextMesh Pro/Resources/Fonts & Materials/LiberationSans SDF - Outline.mat
  artifactKey: Guid(79459efec17a4d00a321bdcc27bbc385) Importer(2089858483,0ecaa5967403d082aa24f35e1b516d23)
Start importing Assets/TextMesh Pro/Resources/Fonts & Materials/LiberationSans SDF - Outline.mat using Guid(79459efec17a4d00a321bdcc27bbc385) Importer(2089858483,0ecaa5967403d082aa24f35e1b516d23) [PhysX] Initialized MultithreadedTaskDispatcher with 16 workers.
 -> (artifact id: '5032558ed12d6e11482cb473829c5c0e') in 0.014983 seconds
Number of updated asset objects reloaded before import = 0
Number of asset objects unloaded after import = 2
========================================================================
Received Import Request.
  Time since last request: 0.000019 seconds.
  path: Assets/TextMesh Pro/Shaders/TMP_Bitmap.shader
  artifactKey: Guid(128e987d567d4e2c824d754223b3f3b0) Importer(2089858483,0ecaa5967403d082aa24f35e1b516d23)
Start importing Assets/TextMesh Pro/Shaders/TMP_Bitmap.shader using Guid(128e987d567d4e2c824d754223b3f3b0) Importer(2089858483,0ecaa5967403d082aa24f35e1b516d23) [PhysX] Initialized MultithreadedTaskDispatcher with 16 workers.
 -> (artifact id: '196201d3a8a123bb920d2fa0dceb57fe') in 0.004175 seconds
Number of updated asset objects reloaded before import = 0
Number of asset objects unloaded after import = 1
========================================================================
Received Import Request.
  Time since last request: 0.000018 seconds.
  path: Assets/TextMesh Pro/Examples & Extras/Scenes/23 - Animating Vertex Attributes.unity
  artifactKey: Guid(54e994244b4b467e8583cf2da6dcc716) Importer(2089858483,0ecaa5967403d082aa24f35e1b516d23)
Start importing Assets/TextMesh Pro/Examples & Extras/Scenes/23 - Animating Vertex Attributes.unity using Guid(54e994244b4b467e8583cf2da6dcc716) Importer(2089858483,0ecaa5967403d082aa24f35e1b516d23) [PhysX] Initialized MultithreadedTaskDispatcher with 16 workers.
 -> (artifact id: '58302189718c4e145de9f446a100e73f') in 0.002981 seconds
Number of updated asset objects reloaded before import = 0
Number of asset objects unloaded after import = 1
========================================================================
Received Import Request.
  Time since last request: 0.000016 seconds.
  path: Assets/TextMesh Pro/Examples & Extras/Resources/Fonts & Materials
  artifactKey: Guid(4f1e85c79acf49968737939ce8b445c7) Importer(2089858483,0ecaa5967403d082aa24f35e1b516d23)
Start importing Assets/TextMesh Pro/Examples & Extras/Resources/Fonts & Materials using Guid(4f1e85c79acf49968737939ce8b445c7) Importer(2089858483,0ecaa5967403d082aa24f35e1b516d23) [PhysX] Initialized MultithreadedTaskDispatcher with 16 workers.
 -> (artifact id: '30d7fdff41460ae3087946b27f27d661') in 0.002725 seconds
Number of updated asset objects reloaded before import = 0
Number of asset objects unloaded after import = 1
========================================================================
Received Import Request.
  Time since last request: 0.000033 seconds.
  path: Assets/TextMesh Pro/Examples & Extras/Scripts/WarpTextExample.cs
  artifactKey: Guid(790744c462254b7ba8038e6ed28b3db2) Importer(2089858483,0ecaa5967403d082aa24f35e1b516d23)
Start importing Assets/TextMesh Pro/Examples & Extras/Scripts/WarpTextExample.cs using Guid(790744c462254b7ba8038e6ed28b3db2) Importer(2089858483,0ecaa5967403d082aa24f35e1b516d23) [PhysX] Initialized MultithreadedTaskDispatcher with 16 workers.
 -> (artifact id: '3e11ab726f84c2b6eaa7c59305114954') in 0.003609 seconds
Number of updated asset objects reloaded before import = 0
Number of asset objects unloaded after import = 1
========================================================================
Received Import Request.
  Time since last request: 0.000021 seconds.
  path: Assets/TextMesh Pro/Shaders/TMP_SDF-Mobile SSD.shader
  artifactKey: Guid(c8d12adcee749c344b8117cf7c7eb912) Importer(2089858483,0ecaa5967403d082aa24f35e1b516d23)
Start importing Assets/TextMesh Pro/Shaders/TMP_SDF-Mobile SSD.shader using Guid(c8d12adcee749c344b8117cf7c7eb912) Importer(2089858483,0ecaa5967403d082aa24f35e1b516d23) [PhysX] Initialized MultithreadedTaskDispatcher with 16 workers.
 -> (artifact id: '766520f480108944dc24558410806a5f') in 0.005231 seconds
Number of updated asset objects reloaded before import = 0
Number of asset objects unloaded after import = 1
========================================================================
Received Import Request.
  Time since last request: 0.000031 seconds.
  path: Assets/TextMesh Pro/Examples & Extras/Resources/Sprite Assets
  artifactKey: Guid(3ac6db30e75b49b282a3564110579f27) Importer(2089858483,0ecaa5967403d082aa24f35e1b516d23)
Start importing Assets/TextMesh Pro/Examples & Extras/Resources/Sprite Assets using Guid(3ac6db30e75b49b282a3564110579f27) Importer(2089858483,0ecaa5967403d082aa24f35e1b516d23) [PhysX] Initialized MultithreadedTaskDispatcher with 16 workers.
 -> (artifact id: 'f736f6951e422185af7ada3e330953aa') in 0.002702 seconds
Number of updated asset objects reloaded before import = 0
Number of asset objects unloaded after import = 1
========================================================================
Received Import Request.
  Time since last request: 0.000019 seconds.
  path: Assets/TextMesh Pro/Examples & Extras/Sprites/Default Sprites.png
  artifactKey: Guid(a0fc465d6cf04254a2938578735e2383) Importer(2089858483,0ecaa5967403d082aa24f35e1b516d23)
Start importing Assets/TextMesh Pro/Examples & Extras/Sprites/Default Sprites.png using Guid(a0fc465d6cf04254a2938578735e2383) Importer(2089858483,0ecaa5967403d082aa24f35e1b516d23) [PhysX] Initialized MultithreadedTaskDispatcher with 16 workers.
 -> (artifact id: '50fc689c29499519e7b35cbec3f16b8e') in 0.009567 seconds
Number of updated asset objects reloaded before import = 0
Number of asset objects unloaded after import = 1
========================================================================
Received Import Request.
  Time since last request: 0.000020 seconds.
  path: Assets/TextMesh Pro/Resources/LineBreaking Following Characters.txt
  artifactKey: Guid(fade42e8bc714b018fac513c043d323b) Importer(2089858483,0ecaa5967403d082aa24f35e1b516d23)
Start importing Assets/TextMesh Pro/Resources/LineBreaking Following Characters.txt using Guid(fade42e8bc714b018fac513c043d323b) Importer(2089858483,0ecaa5967403d082aa24f35e1b516d23) [PhysX] Initialized MultithreadedTaskDispatcher with 16 workers.
 -> (artifact id: 'b00e2f59a708fb2a2b8478d338a89cea') in 0.003428 seconds
Number of updated asset objects reloaded before import = 0
Number of asset objects unloaded after import = 1
========================================================================
Received Import Request.
  Time since last request: 0.000018 seconds.
  path: Assets/TextMesh Pro/Examples & Extras/Fonts/Bangers - OFL.txt
  artifactKey: Guid(efe0bf4ac872451e91612d1ae593f480) Importer(2089858483,0ecaa5967403d082aa24f35e1b516d23)
Start importing Assets/TextMesh Pro/Examples & Extras/Fonts/Bangers - OFL.txt using Guid(efe0bf4ac872451e91612d1ae593f480) Importer(2089858483,0ecaa5967403d082aa24f35e1b516d23) [PhysX] Initialized MultithreadedTaskDispatcher with 16 workers.
 -> (artifact id: '771fc432142d51b6cce629fb09652743') in 0.003055 seconds
Number of updated asset objects reloaded before import = 0
Number of asset objects unloaded after import = 1
========================================================================
Received Import Request.
  Time since last request: 0.000021 seconds.
  path: Assets/TextMesh Pro/Examples & Extras/Scenes/18 - ScrollRect & Masking & Layout.unity
  artifactKey: Guid(03f9d74cec8e4b94a29d2dfd177c821b) Importer(2089858483,0ecaa5967403d082aa24f35e1b516d23)
Start importing Assets/TextMesh Pro/Examples & Extras/Scenes/18 - ScrollRect & Masking & Layout.unity using Guid(03f9d74cec8e4b94a29d2dfd177c821b) Importer(2089858483,0ecaa5967403d082aa24f35e1b516d23) [PhysX] Initialized MultithreadedTaskDispatcher with 16 workers.
 -> (artifact id: 'bd49eddbafb0f02e38421544d861f399') in 0.005496 seconds
Number of updated asset objects reloaded before import = 0
Number of asset objects unloaded after import = 1
========================================================================
Received Import Request.
  Time since last request: 0.000023 seconds.
  path: Assets/TextMesh Pro/Examples & Extras/Scripts/EnvMapAnimator.cs
  artifactKey: Guid(a4b6f99e8bc54541bbd149b014ff441c) Importer(2089858483,0ecaa5967403d082aa24f35e1b516d23)
Start importing Assets/TextMesh Pro/Examples & Extras/Scripts/EnvMapAnimator.cs using Guid(a4b6f99e8bc54541bbd149b014ff441c) Importer(2089858483,0ecaa5967403d082aa24f35e1b516d23) [PhysX] Initialized MultithreadedTaskDispatcher with 16 workers.
 -> (artifact id: 'd709e0f919f84a49b40d5273d27a08e5') in 0.003779 seconds
Number of updated asset objects reloaded before import = 0
Number of asset objects unloaded after import = 1
========================================================================
Received Import Request.
  Time since last request: 0.000021 seconds.
  path: Assets/TextMesh Pro/Examples & Extras/Scripts/TMP_FrameRateCounter.cs
  artifactKey: Guid(686ec78b56aa445795335fbadafcfaa4) Importer(2089858483,0ecaa5967403d082aa24f35e1b516d23)
Start importing Assets/TextMesh Pro/Examples & Extras/Scripts/TMP_FrameRateCounter.cs using Guid(686ec78b56aa445795335fbadafcfaa4) Importer(2089858483,0ecaa5967403d082aa24f35e1b516d23) [PhysX] Initialized MultithreadedTaskDispatcher with 16 workers.
 -> (artifact id: '6441a70139d5b68a55c3f4cfe5b5f3aa') in 0.004973 seconds
Number of updated asset objects reloaded before import = 0
Number of asset objects unloaded after import = 1
========================================================================
Received Import Request.
  Time since last request: 0.000022 seconds.
  path: Assets/TextMesh Pro/Examples & Extras/Scenes/25 - Sunny Days Example.unity
  artifactKey: Guid(f9b4c22e15cff344ba9fc6542a58dd07) Importer(2089858483,0ecaa5967403d082aa24f35e1b516d23)
Start importing Assets/TextMesh Pro/Examples & Extras/Scenes/25 - Sunny Days Example.unity using Guid(f9b4c22e15cff344ba9fc6542a58dd07) Importer(2089858483,0ecaa5967403d082aa24f35e1b516d23) [PhysX] Initialized MultithreadedTaskDispatcher with 16 workers.
 -> (artifact id: 'be1d841f8f2b57c06aab424916d09a82') in 0.003663 seconds
Number of updated asset objects reloaded before import = 0
Number of asset objects unloaded after import = 1
========================================================================
Received Import Request.
  Time since last request: 0.000015 seconds.
  path: Assets/TextMesh Pro/Sprites
  artifactKey: Guid(d0603b6d5186471b96c778c3949c7ce2) Importer(2089858483,0ecaa5967403d082aa24f35e1b516d23)
Start importing Assets/TextMesh Pro/Sprites using Guid(d0603b6d5186471b96c778c3949c7ce2) Importer(2089858483,0ecaa5967403d082aa24f35e1b516d23) [PhysX] Initialized MultithreadedTaskDispatcher with 16 workers.
 -> (artifact id: '99c3371e82eb33e9ae55c5285bfbeb17') in 0.002294 seconds
Number of updated asset objects reloaded before import = 0
Number of asset objects unloaded after import = 1
========================================================================
Received Import Request.
  Time since last request: 0.000023 seconds.
  path: Assets/TextMesh Pro/Resources/Style Sheets/Default Style Sheet.asset
  artifactKey: Guid(f952c082cb03451daed3ee968ac6c63e) Importer(2089858483,0ecaa5967403d082aa24f35e1b516d23)
Start importing Assets/TextMesh Pro/Resources/Style Sheets/Default Style Sheet.asset using Guid(f952c082cb03451daed3ee968ac6c63e) Importer(2089858483,0ecaa5967403d082aa24f35e1b516d23) [PhysX] Initialized MultithreadedTaskDispatcher with 16 workers.
 -> (artifact id: '4abf3d3767b8645cbaeaf4958725a313') in 0.004310 seconds
Number of updated asset objects reloaded before import = 0
Number of asset objects unloaded after import = 1
========================================================================
Received Import Request.
  Time since last request: 0.000019 seconds.
  path: Assets/TextMesh Pro/Resources/Fonts & Materials/LiberationSans SDF.asset
  artifactKey: Guid(8f586378b4e144a9851e7b34d9b748ee) Importer(2089858483,0ecaa5967403d082aa24f35e1b516d23)
Start importing Assets/TextMesh Pro/Resources/Fonts & Materials/LiberationSans SDF.asset using Guid(8f586378b4e144a9851e7b34d9b748ee) Importer(2089858483,0ecaa5967403d082aa24f35e1b516d23) [PhysX] Initialized MultithreadedTaskDispatcher with 16 workers.
 -> (artifact id: '9a042934be114395b9898bb4f5db9ae4') in 0.051760 seconds
Number of updated asset objects reloaded before import = 0
Number of asset objects unloaded after import = 8
========================================================================
Received Import Request.
  Time since last request: 0.000026 seconds.
  path: Assets/TextMesh Pro/Examples & Extras/Prefabs/Text Popup.prefab
  artifactKey: Guid(b06f0e6c1dfa4356ac918da1bb32c603) Importer(2089858483,0ecaa5967403d082aa24f35e1b516d23)
Start importing Assets/TextMesh Pro/Examples & Extras/Prefabs/Text Popup.prefab using Guid(b06f0e6c1dfa4356ac918da1bb32c603) Importer(2089858483,0ecaa5967403d082aa24f35e1b516d23) [PhysX] Initialized MultithreadedTaskDispatcher with 16 workers.
 -> (artifact id: 'aabc159129176d5065efd9532db80b4b') in 0.003267 seconds
Number of updated asset objects reloaded before import = 0
Number of asset objects unloaded after import = 0
========================================================================
Received Import Request.
  Time since last request: 0.000114 seconds.
  path: Assets/TextMesh Pro/Resources
  artifactKey: Guid(243e06394e614e5d99fab26083b707fa) Importer(2089858483,0ecaa5967403d082aa24f35e1b516d23)
Start importing Assets/TextMesh Pro/Resources using Guid(243e06394e614e5d99fab26083b707fa) Importer(2089858483,0ecaa5967403d082aa24f35e1b516d23) [PhysX] Initialized MultithreadedTaskDispatcher with 16 workers.
 -> (artifact id: '6069ccad5ce984541713ddeff09fef9f') in 0.006803 seconds
Number of updated asset objects reloaded before import = 0
Number of asset objects unloaded after import = 1
========================================================================
Received Import Request.
  Time since last request: 0.013171 seconds.
  path: Assets/TextMesh Pro/Examples & Extras/Resources/Fonts & Materials/LiberationSans SDF - Overlay.mat
  artifactKey: Guid(9ad269c99dcf42b7aedefd83dd5a7b9d) Importer(2089858483,0ecaa5967403d082aa24f35e1b516d23)
Start importing Assets/TextMesh Pro/Examples & Extras/Resources/Fonts & Materials/LiberationSans SDF - Overlay.mat using Guid(9ad269c99dcf42b7aedefd83dd5a7b9d) Importer(2089858483,0ecaa5967403d082aa24f35e1b516d23) [PhysX] Initialized MultithreadedTaskDispatcher with 16 workers.
 -> (artifact id: 'd22db37b9d45318f1d55eca98f21e011') in 0.016668 seconds
Number of updated asset objects reloaded before import = 0
Number of asset objects unloaded after import = 2
========================================================================
Received Import Request.
  Time since last request: 0.007267 seconds.
  path: Assets/TextMesh Pro/Examples & Extras/Resources/Fonts & Materials/Anton SDF - Outline.mat
  artifactKey: Guid(a00013af81304728b2be1f4309ee2433) Importer(2089858483,0ecaa5967403d082aa24f35e1b516d23)
Start importing Assets/TextMesh Pro/Examples & Extras/Resources/Fonts & Materials/Anton SDF - Outline.mat using Guid(a00013af81304728b2be1f4309ee2433) Importer(2089858483,0ecaa5967403d082aa24f35e1b516d23) [PhysX] Initialized MultithreadedTaskDispatcher with 16 workers.
 -> (artifact id: 'ca58a19176c33d27bc197047a044fe0b') in 0.007450 seconds
Number of updated asset objects reloaded before import = 0
Number of asset objects unloaded after import = 2
========================================================================
Received Import Request.
  Time since last request: 0.000018 seconds.
  path: Assets/TextMesh Pro/Shaders/TMP_SDF-Surface.shader
  artifactKey: Guid(f7ada0af4f174f0694ca6a487b8f543d) Importer(2089858483,0ecaa5967403d082aa24f35e1b516d23)
Start importing Assets/TextMesh Pro/Shaders/TMP_SDF-Surface.shader using Guid(f7ada0af4f174f0694ca6a487b8f543d) Importer(2089858483,0ecaa5967403d082aa24f35e1b516d23) [PhysX] Initialized MultithreadedTaskDispatcher with 16 workers.
 -> (artifact id: '28979b8e8a9cc988ced9073898264c1b') in 0.003822 seconds
Number of updated asset objects reloaded before import = 0
Number of asset objects unloaded after import = 1
========================================================================
Received Import Request.
  Time since last request: 0.000022 seconds.
  path: Assets/TextMesh Pro/Examples & Extras/Scenes/10 - Bullets & Numbered List Example.unity
  artifactKey: Guid(c3f814e1d12c45568daf3dd9a86a0e61) Importer(2089858483,0ecaa5967403d082aa24f35e1b516d23)
Start importing Assets/TextMesh Pro/Examples & Extras/Scenes/10 - Bullets & Numbered List Example.unity using Guid(c3f814e1d12c45568daf3dd9a86a0e61) Importer(2089858483,0ecaa5967403d082aa24f35e1b516d23) [PhysX] Initialized MultithreadedTaskDispatcher with 16 workers.
 -> (artifact id: 'b863fd0ff41616adf80183d7e98b9ac3') in 0.004176 seconds
Number of updated asset objects reloaded before import = 0
Number of asset objects unloaded after import = 1
========================================================================
Received Import Request.
  Time since last request: 0.000022 seconds.
  path: Assets/TextMesh Pro/Resources/Sprite Assets
  artifactKey: Guid(512a49d95c0c4332bdd98131869c23c9) Importer(2089858483,0ecaa5967403d082aa24f35e1b516d23)
Start importing Assets/TextMesh Pro/Resources/Sprite Assets using Guid(512a49d95c0c4332bdd98131869c23c9) Importer(2089858483,0ecaa5967403d082aa24f35e1b516d23) [PhysX] Initialized MultithreadedTaskDispatcher with 16 workers.
 -> (artifact id: 'a0cef83d6635731d8cedddbca54af813') in 0.002486 seconds
Number of updated asset objects reloaded before import = 0
Number of asset objects unloaded after import = 1
========================================================================
Received Import Request.
  Time since last request: 0.000025 seconds.
  path: Assets/TextMesh Pro/Examples & Extras/Materials
  artifactKey: Guid(5808953df7a24274a851aa6dee52d30e) Importer(2089858483,0ecaa5967403d082aa24f35e1b516d23)
Start importing Assets/TextMesh Pro/Examples & Extras/Materials using Guid(5808953df7a24274a851aa6dee52d30e) Importer(2089858483,0ecaa5967403d082aa24f35e1b516d23) [PhysX] Initialized MultithreadedTaskDispatcher with 16 workers.
 -> (artifact id: 'efd1c69868aa6b78add9fb6b6cf5a0b4') in 0.002189 seconds
Number of updated asset objects reloaded before import = 0
Number of asset objects unloaded after import = 1
========================================================================
Received Import Request.
  Time since last request: 0.000017 seconds.
  path: Assets/TextMesh Pro/Examples & Extras/Scenes/16 - Linked text overflow mode example.unity
  artifactKey: Guid(9442cda25baa4a0bb544c4d095b00caa) Importer(2089858483,0ecaa5967403d082aa24f35e1b516d23)
Start importing Assets/TextMesh Pro/Examples & Extras/Scenes/16 - Linked text overflow mode example.unity using Guid(9442cda25baa4a0bb544c4d095b00caa) Importer(2089858483,0ecaa5967403d082aa24f35e1b516d23) [PhysX] Initialized MultithreadedTaskDispatcher with 16 workers.
 -> (artifact id: 'be8f32ef43dbdd77b719692289b95c60') in 0.002987 seconds
Number of updated asset objects reloaded before import = 0
Number of asset objects unloaded after import = 1
========================================================================
Received Import Request.
  Time since last request: 0.000016 seconds.
  path: Assets/TextMesh Pro/Examples & Extras/Resources/Fonts & Materials/Roboto-Bold SDF.asset
  artifactKey: Guid(5302535af1044152a457ed104f1f4b91) Importer(2089858483,0ecaa5967403d082aa24f35e1b516d23)
Start importing Assets/TextMesh Pro/Examples & Extras/Resources/Fonts & Materials/Roboto-Bold SDF.asset using Guid(5302535af1044152a457ed104f1f4b91) Importer(2089858483,0ecaa5967403d082aa24f35e1b516d23) [PhysX] Initialized MultithreadedTaskDispatcher with 16 workers.
 -> (artifact id: '175888a64a7b96f5760b98084b6d502a') in 0.012131 seconds
Number of updated asset objects reloaded before import = 0
Number of asset objects unloaded after import = 5
========================================================================
Received Import Request.
  Time since last request: 0.000020 seconds.
  path: Assets/TextMesh Pro/Examples & Extras/Textures/Gradient Horizontal (Color).jpg
  artifactKey: Guid(6eb184de103d4b3f812b38561065192f) Importer(2089858483,0ecaa5967403d082aa24f35e1b516d23)
Start importing Assets/TextMesh Pro/Examples & Extras/Textures/Gradient Horizontal (Color).jpg using Guid(6eb184de103d4b3f812b38561065192f) Importer(2089858483,0ecaa5967403d082aa24f35e1b516d23) [PhysX] Initialized MultithreadedTaskDispatcher with 16 workers.
 -> (artifact id: 'da3a13b9cd29972a4d8d6c72d18836b7') in 0.008911 seconds
Number of updated asset objects reloaded before import = 0
Number of asset objects unloaded after import = 1
========================================================================
Received Import Request.
  Time since last request: 0.000017 seconds.
  path: Assets/TextMesh Pro/Examples & Extras/Scripts/SkewTextExample.cs
  artifactKey: Guid(d412675cfb3441efa3bf8dcd9b7624dc) Importer(2089858483,0ecaa5967403d082aa24f35e1b516d23)
Start importing Assets/TextMesh Pro/Examples & Extras/Scripts/SkewTextExample.cs using Guid(d412675cfb3441efa3bf8dcd9b7624dc) Importer(2089858483,0ecaa5967403d082aa24f35e1b516d23) [PhysX] Initialized MultithreadedTaskDispatcher with 16 workers.
 -> (artifact id: '443c48dce5c9bc3527fafeace3b3821a') in 0.004404 seconds
Number of updated asset objects reloaded before import = 0
Number of asset objects unloaded after import = 1
========================================================================
Received Import Request.
  Time since last request: 0.000020 seconds.
  path: Assets/TextMesh Pro/Examples & Extras/Fonts/Oswald-Bold - OFL.txt
  artifactKey: Guid(d2cf87a8a7a94aa8b80dff1c807c1178) Importer(2089858483,0ecaa5967403d082aa24f35e1b516d23)
Start importing Assets/TextMesh Pro/Examples & Extras/Fonts/Oswald-Bold - OFL.txt using Guid(d2cf87a8a7a94aa8b80dff1c807c1178) Importer(2089858483,0ecaa5967403d082aa24f35e1b516d23) [PhysX] Initialized MultithreadedTaskDispatcher with 16 workers.
 -> (artifact id: '011982aef400e8f42cd75ef1a2ff1f62') in 0.003082 seconds
Number of updated asset objects reloaded before import = 0
Number of asset objects unloaded after import = 1
========================================================================
Received Import Request.
  Time since last request: 0.000017 seconds.
  path: Assets/TextMesh Pro/Examples & Extras/Scripts/TMP_UiFrameRateCounter.cs
  artifactKey: Guid(24b0dc2d1d494adbbec1f4db26b4cf83) Importer(2089858483,0ecaa5967403d082aa24f35e1b516d23)
Start importing Assets/TextMesh Pro/Examples & Extras/Scripts/TMP_UiFrameRateCounter.cs using Guid(24b0dc2d1d494adbbec1f4db26b4cf83) Importer(2089858483,0ecaa5967403d082aa24f35e1b516d23) [PhysX] Initialized MultithreadedTaskDispatcher with 16 workers.
 -> (artifact id: '6434b6cdd60255aa7da00a40c4426e2b') in 0.003556 seconds
Number of updated asset objects reloaded before import = 0
Number of asset objects unloaded after import = 1
========================================================================
Received Import Request.
  Time since last request: 0.000017 seconds.
  path: Assets/TextMesh Pro/Examples & Extras/Scenes/14 - Multi Font & Sprites.unity
  artifactKey: Guid(22a2fba786ad4c40ac0ba09f0b933100) Importer(2089858483,0ecaa5967403d082aa24f35e1b516d23)
Start importing Assets/TextMesh Pro/Examples & Extras/Scenes/14 - Multi Font & Sprites.unity using Guid(22a2fba786ad4c40ac0ba09f0b933100) Importer(2089858483,0ecaa5967403d082aa24f35e1b516d23) [PhysX] Initialized MultithreadedTaskDispatcher with 16 workers.
 -> (artifact id: '47c0c7127af42d1a32dee116ff018f92') in 0.002529 seconds
Number of updated asset objects reloaded before import = 0
Number of asset objects unloaded after import = 1
========================================================================
Received Import Request.
  Time since last request: 0.000019 seconds.
  path: Assets/TextMesh Pro
  artifactKey: Guid(f54d1bd14bd3ca042bd867b519fee8cc) Importer(2089858483,0ecaa5967403d082aa24f35e1b516d23)
Start importing Assets/TextMesh Pro using Guid(f54d1bd14bd3ca042bd867b519fee8cc) Importer(2089858483,0ecaa5967403d082aa24f35e1b516d23) [PhysX] Initialized MultithreadedTaskDispatcher with 16 workers.
 -> (artifact id: '79c91df647bcdedc21f64884803d8006') in 0.003573 seconds
Number of updated asset objects reloaded before import = 0
Number of asset objects unloaded after import = 1
========================================================================
Received Import Request.
  Time since last request: 0.104376 seconds.
  path: Assets/TextMesh Pro/Examples & Extras/Resources/Color Gradient Presets/Yellow to Orange - Vertical.asset
  artifactKey: Guid(69a525efa7e6472eab268f6ea605f06e) Importer(2089858483,0ecaa5967403d082aa24f35e1b516d23)
Start importing Assets/TextMesh Pro/Examples & Extras/Resources/Color Gradient Presets/Yellow to Orange - Vertical.asset using Guid(69a525efa7e6472eab268f6ea605f06e) Importer(2089858483,0ecaa5967403d082aa24f35e1b516d23) [PhysX] Initialized MultithreadedTaskDispatcher with 16 workers.
 -> (artifact id: '0a287bee66673975a94d637f9e75c92f') in 0.005784 seconds
Number of updated asset objects reloaded before import = 0
Number of asset objects unloaded after import = 1
========================================================================
Received Import Request.
  Time since last request: 0.000019 seconds.
  path: Assets/TextMesh Pro/Examples & Extras/Resources/Color Gradient Presets/Blue to Purple - Vertical.asset
  artifactKey: Guid(479a66fa4b094512a62b0a8e553ad95a) Importer(2089858483,0ecaa5967403d082aa24f35e1b516d23)
Start importing Assets/TextMesh Pro/Examples & Extras/Resources/Color Gradient Presets/Blue to Purple - Vertical.asset using Guid(479a66fa4b094512a62b0a8e553ad95a) Importer(2089858483,0ecaa5967403d082aa24f35e1b516d23) [PhysX] Initialized MultithreadedTaskDispatcher with 16 workers.
 -> (artifact id: '78f5bd49febeb933deba1eb604f29fe8') in 0.006641 seconds
Number of updated asset objects reloaded before import = 0
Number of asset objects unloaded after import = 1
========================================================================
Received Import Request.
  Time since last request: 0.000019 seconds.
  path: Assets/TextMesh Pro/Examples & Extras/Fonts/Oswald-Bold.ttf
  artifactKey: Guid(c9f6d0e7bc8541498c9a4799ba184ede) Importer(2089858483,0ecaa5967403d082aa24f35e1b516d23)
Start importing Assets/TextMesh Pro/Examples & Extras/Fonts/Oswald-Bold.ttf using Guid(c9f6d0e7bc8541498c9a4799ba184ede) Importer(2089858483,0ecaa5967403d082aa24f35e1b516d23) [PhysX] Initialized MultithreadedTaskDispatcher with 16 workers.
 -> (artifact id: '434fe78ce1c72a8db276496dd5de9af0') in 0.009192 seconds
Number of updated asset objects reloaded before import = 0
Number of asset objects unloaded after import = 3
========================================================================
Received Import Request.
  Time since last request: 0.000029 seconds.
  path: Assets/TextMesh Pro/Examples & Extras/Scripts/VertexShakeB.cs
  artifactKey: Guid(e4e0d9ccee5f4950be8979268c9014e0) Importer(2089858483,0ecaa5967403d082aa24f35e1b516d23)
Start importing Assets/TextMesh Pro/Examples & Extras/Scripts/VertexShakeB.cs using Guid(e4e0d9ccee5f4950be8979268c9014e0) Importer(2089858483,0ecaa5967403d082aa24f35e1b516d23) [PhysX] Initialized MultithreadedTaskDispatcher with 16 workers.
 -> (artifact id: 'af874d488660c4b9c1855915eaf9d49f') in 0.005538 seconds
Number of updated asset objects reloaded before import = 0
Number of asset objects unloaded after import = 1
========================================================================
Received Import Request.
  Time since last request: 0.000020 seconds.
  path: Assets/TextMesh Pro/Examples & Extras/Scripts/TMP_PhoneNumberValidator.cs
  artifactKey: Guid(83680ab1a69f4102ac67d1459fe76e1f) Importer(2089858483,0ecaa5967403d082aa24f35e1b516d23)
Start importing Assets/TextMesh Pro/Examples & Extras/Scripts/TMP_PhoneNumberValidator.cs using Guid(83680ab1a69f4102ac67d1459fe76e1f) Importer(2089858483,0ecaa5967403d082aa24f35e1b516d23) [PhysX] Initialized MultithreadedTaskDispatcher with 16 workers.
 -> (artifact id: 'f3f510a1636e541a030b9f28dbb34492') in 0.004149 seconds
Number of updated asset objects reloaded before import = 0
Number of asset objects unloaded after import = 1
========================================================================
Received Import Request.
  Time since last request: 0.000018 seconds.
  path: Assets/TextMesh Pro/Examples & Extras/Scenes/06 - Extra Rich Text Examples.unity
  artifactKey: Guid(39a1fa96ad2a449b908fca29d4297a74) Importer(2089858483,0ecaa5967403d082aa24f35e1b516d23)
Start importing Assets/TextMesh Pro/Examples & Extras/Scenes/06 - Extra Rich Text Examples.unity using Guid(39a1fa96ad2a449b908fca29d4297a74) Importer(2089858483,0ecaa5967403d082aa24f35e1b516d23) [PhysX] Initialized MultithreadedTaskDispatcher with 16 workers.
 -> (artifact id: '3458027f471c7bb3f1e06d6714e17971') in 0.002951 seconds
Number of updated asset objects reloaded before import = 0
Number of asset objects unloaded after import = 1
========================================================================
Received Import Request.
  Time since last request: 0.000116 seconds.
  path: Assets/TextMesh Pro/Examples & Extras/Scripts/Benchmark01_UGUI.cs
  artifactKey: Guid(8ef7be1c625941f7ba8ed7cc71718c0d) Importer(2089858483,0ecaa5967403d082aa24f35e1b516d23)
Start importing Assets/TextMesh Pro/Examples & Extras/Scripts/Benchmark01_UGUI.cs using Guid(8ef7be1c625941f7ba8ed7cc71718c0d) Importer(2089858483,0ecaa5967403d082aa24f35e1b516d23) [PhysX] Initialized MultithreadedTaskDispatcher with 16 workers.
 -> (artifact id: '277bade79ba87f283b1428fc2b5c0b85') in 0.003567 seconds
Number of updated asset objects reloaded before import = 0
Number of asset objects unloaded after import = 1
========================================================================
Received Import Request.
  Time since last request: 0.000018 seconds.
  path: Assets/TextMesh Pro/Examples & Extras/Resources/Fonts & Materials/Bangers SDF - Drop Shadow.mat
  artifactKey: Guid(f2dcf029949142e28b974630369c8b4e) Importer(2089858483,0ecaa5967403d082aa24f35e1b516d23)
Start importing Assets/TextMesh Pro/Examples & Extras/Resources/Fonts & Materials/Bangers SDF - Drop Shadow.mat using Guid(f2dcf029949142e28b974630369c8b4e) Importer(2089858483,0ecaa5967403d082aa24f35e1b516d23) [PhysX] Initialized MultithreadedTaskDispatcher with 16 workers.
 -> (artifact id: '1f69717093546a6d203180e581260828') in 0.005326 seconds
Number of updated asset objects reloaded before import = 0
Number of asset objects unloaded after import = 2
========================================================================
Received Import Request.
  Time since last request: 0.000017 seconds.
  path: Assets/TextMesh Pro/Examples & Extras/Textures/Wipe Pattern - Diagonal.psd
  artifactKey: Guid(ed5290d8df18488780e2996b9b882f01) Importer(2089858483,0ecaa5967403d082aa24f35e1b516d23)
Start importing Assets/TextMesh Pro/Examples & Extras/Textures/Wipe Pattern - Diagonal.psd using Guid(ed5290d8df18488780e2996b9b882f01) Importer(2089858483,0ecaa5967403d082aa24f35e1b516d23) [PhysX] Initialized MultithreadedTaskDispatcher with 16 workers.
 -> (artifact id: 'f32c7fa3de481ad3a6b0b4e4e2df18af') in 0.010381 seconds
Number of updated asset objects reloaded before import = 0
Number of asset objects unloaded after import = 1
========================================================================
Received Import Request.
  Time since last request: 0.000020 seconds.
  path: Assets/TextMesh Pro/Examples & Extras/Scripts/TMP_TextSelector_B.cs
  artifactKey: Guid(a05dcd8be7ec4ccbb35c26219884aa37) Importer(2089858483,0ecaa5967403d082aa24f35e1b516d23)
Start importing Assets/TextMesh Pro/Examples & Extras/Scripts/TMP_TextSelector_B.cs using Guid(a05dcd8be7ec4ccbb35c26219884aa37) Importer(2089858483,0ecaa5967403d082aa24f35e1b516d23) [PhysX] Initialized MultithreadedTaskDispatcher with 16 workers.
 -> (artifact id: '15794d78fab936739a4ccc786bab8df9') in 0.003653 seconds
Number of updated asset objects reloaded before import = 0
Number of asset objects unloaded after import = 1
========================================================================
Received Import Request.
  Time since last request: 0.000030 seconds.
  path: Assets/TextMesh Pro/Examples & Extras/Scripts/TMP_TextEventCheck.cs
  artifactKey: Guid(d736ce056cf444ca96e424f4d9c42b76) Importer(2089858483,0ecaa5967403d082aa24f35e1b516d23)
Start importing Assets/TextMesh Pro/Examples & Extras/Scripts/TMP_TextEventCheck.cs using Guid(d736ce056cf444ca96e424f4d9c42b76) Importer(2089858483,0ecaa5967403d082aa24f35e1b516d23) [PhysX] Initialized MultithreadedTaskDispatcher with 16 workers.
 -> (artifact id: '66687429af7ccde1e00135a46b14d277') in 0.004706 seconds
Number of updated asset objects reloaded before import = 0
Number of asset objects unloaded after import = 1
========================================================================
Received Import Request.
  Time since last request: 0.000023 seconds.
  path: Assets/TextMesh Pro/Examples & Extras/Scenes/20 - Input Field with Scrollbar.unity
  artifactKey: Guid(337f92480dd24675aae9e79210fb1ad9) Importer(2089858483,0ecaa5967403d082aa24f35e1b516d23)
Start importing Assets/TextMesh Pro/Examples & Extras/Scenes/20 - Input Field with Scrollbar.unity using Guid(337f92480dd24675aae9e79210fb1ad9) Importer(2089858483,0ecaa5967403d082aa24f35e1b516d23) [PhysX] Initialized MultithreadedTaskDispatcher with 16 workers.
 -> (artifact id: '757ca3c24d3af77936f728a19ad858f9') in 0.003226 seconds
Number of updated asset objects reloaded before import = 0
Number of asset objects unloaded after import = 1
========================================================================
Received Import Request.
  Time since last request: 0.000017 seconds.
  path: Assets/TextMesh Pro/Examples & Extras/Resources/Color Gradient Presets
  artifactKey: Guid(7f422cd1388b01047a58cd07c7a23d9d) Importer(2089858483,0ecaa5967403d082aa24f35e1b516d23)
Start importing Assets/TextMesh Pro/Examples & Extras/Resources/Color Gradient Presets using Guid(7f422cd1388b01047a58cd07c7a23d9d) Importer(2089858483,0ecaa5967403d082aa24f35e1b516d23) [PhysX] Initialized MultithreadedTaskDispatcher with 16 workers.
 -> (artifact id: 'cdc84caae9ad3b31b50fde374f985644') in 0.003046 seconds
Number of updated asset objects reloaded before import = 0
Number of asset objects unloaded after import = 1
========================================================================
Received Import Request.
  Time since last request: 0.000023 seconds.
  path: Assets/TextMesh Pro/Examples & Extras/Scripts/Benchmark02.cs
  artifactKey: Guid(e8538afcddc14efbb5d9e94b7ae50197) Importer(2089858483,0ecaa5967403d082aa24f35e1b516d23)
Start importing Assets/TextMesh Pro/Examples & Extras/Scripts/Benchmark02.cs using Guid(e8538afcddc14efbb5d9e94b7ae50197) Importer(2089858483,0ecaa5967403d082aa24f35e1b516d23) [PhysX] Initialized MultithreadedTaskDispatcher with 16 workers.
 -> (artifact id: '505d3aa889f43e4f053a64e58900a227') in 0.005169 seconds
Number of updated asset objects reloaded before import = 0
Number of asset objects unloaded after import = 1
========================================================================
Received Import Request.
  Time since last request: 0.000019 seconds.
  path: Assets/TextMesh Pro/Examples & Extras/Scenes/08 - Improved Text Alignment.unity
  artifactKey: Guid(5fe2257128d9401fad0790f581dc8a6f) Importer(2089858483,0ecaa5967403d082aa24f35e1b516d23)
Start importing Assets/TextMesh Pro/Examples & Extras/Scenes/08 - Improved Text Alignment.unity using Guid(5fe2257128d9401fad0790f581dc8a6f) Importer(2089858483,0ecaa5967403d082aa24f35e1b516d23) [PhysX] Initialized MultithreadedTaskDispatcher with 16 workers.
 -> (artifact id: 'e28e4d4c951dd5b61111a7f9791f410f') in 0.002691 seconds
Number of updated asset objects reloaded before import = 0
Number of asset objects unloaded after import = 1
========================================================================
Received Import Request.
  Time since last request: 0.000037 seconds.
  path: Assets/TextMesh Pro/Examples & Extras/Scenes/02 - Multi-line TextMesh Pro.unity
  artifactKey: Guid(251716609f634449bfe8ce75c0ed78fe) Importer(2089858483,0ecaa5967403d082aa24f35e1b516d23)
Start importing Assets/TextMesh Pro/Examples & Extras/Scenes/02 - Multi-line TextMesh Pro.unity using Guid(251716609f634449bfe8ce75c0ed78fe) Importer(2089858483,0ecaa5967403d082aa24f35e1b516d23) [PhysX] Initialized MultithreadedTaskDispatcher with 16 workers.
 -> (artifact id: 'b42b7838bc21f0bc3b5f25333e6314a4') in 0.003223 seconds
Number of updated asset objects reloaded before import = 0
Number of asset objects unloaded after import = 1
========================================================================
Received Import Request.
  Time since last request: 0.000017 seconds.
  path: Assets/TextMesh Pro/Examples & Extras/Scenes/15 - Inline Graphics & Sprites.unity
  artifactKey: Guid(e76e6c0f81964cbda3fe0b7d26ed8060) Importer(2089858483,0ecaa5967403d082aa24f35e1b516d23)
Start importing Assets/TextMesh Pro/Examples & Extras/Scenes/15 - Inline Graphics & Sprites.unity using Guid(e76e6c0f81964cbda3fe0b7d26ed8060) Importer(2089858483,0ecaa5967403d082aa24f35e1b516d23) [PhysX] Initialized MultithreadedTaskDispatcher with 16 workers.
 -> (artifact id: '5e6ce1bc34eb3a3ea029a7fd97044be1') in 0.004418 seconds
Number of updated asset objects reloaded before import = 0
Number of asset objects unloaded after import = 1
========================================================================
Received Import Request.
  Time since last request: 0.000019 seconds.
  path: Assets/TextMesh Pro/Examples & Extras/Scenes/24 - Surface Shader Example.unity
  artifactKey: Guid(8c4969fd8ba94a68b07cf11f3e7a5137) Importer(2089858483,0ecaa5967403d082aa24f35e1b516d23)
Start importing Assets/TextMesh Pro/Examples & Extras/Scenes/24 - Surface Shader Example.unity using Guid(8c4969fd8ba94a68b07cf11f3e7a5137) Importer(2089858483,0ecaa5967403d082aa24f35e1b516d23) [PhysX] Initialized MultithreadedTaskDispatcher with 16 workers.
 -> (artifact id: '046960e6885fcf8b36048cdf9942c9ea') in 0.003959 seconds
Number of updated asset objects reloaded before import = 0
Number of asset objects unloaded after import = 1
========================================================================
Received Import Request.
  Time since last request: 0.000020 seconds.
  path: Assets/TextMesh Pro/Examples & Extras/Textures/Wipe Pattern - Radial Quad.psd
  artifactKey: Guid(2b5e9ae96c5644d8bae932f8b4ca68a2) Importer(2089858483,0ecaa5967403d082aa24f35e1b516d23)
Start importing Assets/TextMesh Pro/Examples & Extras/Textures/Wipe Pattern - Radial Quad.psd using Guid(2b5e9ae96c5644d8bae932f8b4ca68a2) Importer(2089858483,0ecaa5967403d082aa24f35e1b516d23) [PhysX] Initialized MultithreadedTaskDispatcher with 16 workers.
 -> (artifact id: '7b1eabc61e209afe73133532fd928ba3') in 0.008411 seconds
Number of updated asset objects reloaded before import = 0
Number of asset objects unloaded after import = 1
========================================================================
Received Import Request.
  Time since last request: 0.000017 seconds.
  path: Assets/TextMesh Pro/Examples & Extras/Scenes/11 - The Style Tag.unity
  artifactKey: Guid(84ed36ad77dd4956b2ffe3769f759879) Importer(2089858483,0ecaa5967403d082aa24f35e1b516d23)
Start importing Assets/TextMesh Pro/Examples & Extras/Scenes/11 - The Style Tag.unity using Guid(84ed36ad77dd4956b2ffe3769f759879) Importer(2089858483,0ecaa5967403d082aa24f35e1b516d23) [PhysX] Initialized MultithreadedTaskDispatcher with 16 workers.
 -> (artifact id: 'b11183bb2d903ce0cfa62e83d051abf9') in 0.002971 seconds
Number of updated asset objects reloaded before import = 0
Number of asset objects unloaded after import = 1
========================================================================
Received Import Request.
  Time since last request: 0.000017 seconds.
  path: Assets/TextMesh Pro/Examples & Extras/Scripts
  artifactKey: Guid(3979ce59e55144c89a2b3b3f8dcf7fd3) Importer(2089858483,0ecaa5967403d082aa24f35e1b516d23)
Start importing Assets/TextMesh Pro/Examples & Extras/Scripts using Guid(3979ce59e55144c89a2b3b3f8dcf7fd3) Importer(2089858483,0ecaa5967403d082aa24f35e1b516d23) [PhysX] Initialized MultithreadedTaskDispatcher with 16 workers.
 -> (artifact id: '890f5076137352a45d834af7d9e8e56e') in 0.003700 seconds
Number of updated asset objects reloaded before import = 0
Number of asset objects unloaded after import = 1
========================================================================
Received Import Request.
  Time since last request: 0.000023 seconds.
  path: Assets/TextMesh Pro/Examples & Extras/Resources/Fonts & Materials/Electronic Highway Sign SDF.asset
  artifactKey: Guid(dc36b3fdc14f47ebb36fd484a67e268a) Importer(2089858483,0ecaa5967403d082aa24f35e1b516d23)
Start importing Assets/TextMesh Pro/Examples & Extras/Resources/Fonts & Materials/Electronic Highway Sign SDF.asset using Guid(dc36b3fdc14f47ebb36fd484a67e268a) Importer(2089858483,0ecaa5967403d082aa24f35e1b516d23) [PhysX] Initialized MultithreadedTaskDispatcher with 16 workers.
 -> (artifact id: 'ab0318f759fceb6041ead6617603be91') in 0.009595 seconds
Number of updated asset objects reloaded before import = 0
Number of asset objects unloaded after import = 5
========================================================================
Received Import Request.
  Time since last request: 0.000020 seconds.
  path: Assets/TextMesh Pro/Examples & Extras/Fonts/Bangers.ttf
  artifactKey: Guid(5dd49b3eacc540408c98eee0de38e0f1) Importer(2089858483,0ecaa5967403d082aa24f35e1b516d23)
Start importing Assets/TextMesh Pro/Examples & Extras/Fonts/Bangers.ttf using Guid(5dd49b3eacc540408c98eee0de38e0f1) Importer(2089858483,0ecaa5967403d082aa24f35e1b516d23) [PhysX] Initialized MultithreadedTaskDispatcher with 16 workers.
 -> (artifact id: '0ebf6bbd50f98fa52645b362edea874d') in 0.007867 seconds
Number of updated asset objects reloaded before import = 0
Number of asset objects unloaded after import = 3
========================================================================
Received Import Request.
  Time since last request: 0.000020 seconds.
  path: Assets/TextMesh Pro/Examples & Extras/Textures/Mask Zig-n-Zag.psd
  artifactKey: Guid(bb8dfcd263ad4eb383a33d74a720be6f) Importer(2089858483,0ecaa5967403d082aa24f35e1b516d23)
Start importing Assets/TextMesh Pro/Examples & Extras/Textures/Mask Zig-n-Zag.psd using Guid(bb8dfcd263ad4eb383a33d74a720be6f) Importer(2089858483,0ecaa5967403d082aa24f35e1b516d23) [PhysX] Initialized MultithreadedTaskDispatcher with 16 workers.
 -> (artifact id: 'f91420d4d4e790fdfbb6e9b8cef67d60') in 0.008839 seconds
Number of updated asset objects reloaded before import = 0
Number of asset objects unloaded after import = 1
========================================================================
Received Import Request.
  Time since last request: 0.000021 seconds.
  path: Assets/TextMesh Pro/Examples & Extras/Fonts/Roboto-Bold.ttf
  artifactKey: Guid(4beb055f07aaff244873dec698d0363e) Importer(2089858483,0ecaa5967403d082aa24f35e1b516d23)
Start importing Assets/TextMesh Pro/Examples & Extras/Fonts/Roboto-Bold.ttf using Guid(4beb055f07aaff244873dec698d0363e) Importer(2089858483,0ecaa5967403d082aa24f35e1b516d23) [PhysX] Initialized MultithreadedTaskDispatcher with 16 workers.
 -> (artifact id: '4aa41f873f02a85d078f971e4934addd') in 0.005610 seconds
Number of updated asset objects reloaded before import = 0
Number of asset objects unloaded after import = 3
========================================================================
Received Import Request.
  Time since last request: 0.000017 seconds.
  path: Assets/TextMesh Pro/Examples & Extras/Resources/Fonts & Materials/LiberationSans SDF - Soft Mask.mat
  artifactKey: Guid(42df1c7856584b6b8db9a509b6b10074) Importer(2089858483,0ecaa5967403d082aa24f35e1b516d23)
Start importing Assets/TextMesh Pro/Examples & Extras/Resources/Fonts & Materials/LiberationSans SDF - Soft Mask.mat using Guid(42df1c7856584b6b8db9a509b6b10074) Importer(2089858483,0ecaa5967403d082aa24f35e1b516d23) [PhysX] Initialized MultithreadedTaskDispatcher with 16 workers.
 -> (artifact id: '1c5545d7ee7bf4de08a6cb340eba6c51') in 0.014446 seconds
Number of updated asset objects reloaded before import = 0
Number of asset objects unloaded after import = 3
========================================================================
Received Import Request.
  Time since last request: 0.000020 seconds.
  path: Assets/TextMesh Pro/Examples & Extras/Prefabs
  artifactKey: Guid(5bff2544887143f5807c7d5059d07f79) Importer(2089858483,0ecaa5967403d082aa24f35e1b516d23)
Start importing Assets/TextMesh Pro/Examples & Extras/Prefabs using Guid(5bff2544887143f5807c7d5059d07f79) Importer(2089858483,0ecaa5967403d082aa24f35e1b516d23) [PhysX] Initialized MultithreadedTaskDispatcher with 16 workers.
 -> (artifact id: '146a76d0b182104a027c3c58b1dc378b') in 0.002869 seconds
Number of updated asset objects reloaded before import = 0
Number of asset objects unloaded after import = 1
========================================================================
Received Import Request.
  Time since last request: 0.000017 seconds.
  path: Assets/TextMesh Pro/Examples & Extras/Textures/Fruit Jelly (B&W).jpg
  artifactKey: Guid(1cdc5b506b1a4a33a53c30669ced1f51) Importer(2089858483,0ecaa5967403d082aa24f35e1b516d23)
Start importing Assets/TextMesh Pro/Examples & Extras/Textures/Fruit Jelly (B&W).jpg using Guid(1cdc5b506b1a4a33a53c30669ced1f51) Importer(2089858483,0ecaa5967403d082aa24f35e1b516d23) [PhysX] Initialized MultithreadedTaskDispatcher with 16 workers.
 -> (artifact id: '69c87fb5ba12e5c20c1e859575ed59a8') in 0.009452 seconds
Number of updated asset objects reloaded before import = 0
Number of asset objects unloaded after import = 1
========================================================================
Received Import Request.
  Time since last request: 0.000024 seconds.
  path: Assets/TextMesh Pro/Examples & Extras/Scenes/01-  Single Line TextMesh Pro.unity
  artifactKey: Guid(2ac8cf212df6445e8aebbe3cb832e993) Importer(2089858483,0ecaa5967403d082aa24f35e1b516d23)
Start importing Assets/TextMesh Pro/Examples & Extras/Scenes/01-  Single Line TextMesh Pro.unity using Guid(2ac8cf212df6445e8aebbe3cb832e993) Importer(2089858483,0ecaa5967403d082aa24f35e1b516d23) [PhysX] Initialized MultithreadedTaskDispatcher with 16 workers.
 -> (artifact id: '055db81933679e8188ee3bb65d7bd6a2') in 0.003506 seconds
Number of updated asset objects reloaded before import = 0
Number of asset objects unloaded after import = 1
========================================================================
Received Import Request.
  Time since last request: 0.000019 seconds.
  path: Assets/TextMesh Pro/Examples & Extras/Sprites/DropCap Numbers.psd
  artifactKey: Guid(fd09957580ac4326916010f1f260975b) Importer(2089858483,0ecaa5967403d082aa24f35e1b516d23)
Start importing Assets/TextMesh Pro/Examples & Extras/Sprites/DropCap Numbers.psd using Guid(fd09957580ac4326916010f1f260975b) Importer(2089858483,0ecaa5967403d082aa24f35e1b516d23) [PhysX] Initialized MultithreadedTaskDispatcher with 16 workers.
 -> (artifact id: '618a38ef4dc2e721feda1c77e7ea59dc') in 0.009050 seconds
Number of updated asset objects reloaded before import = 0
Number of asset objects unloaded after import = 1
========================================================================
Received Import Request.
  Time since last request: 0.000019 seconds.
  path: Assets/TextMesh Pro/Examples & Extras/Scripts/VertexZoom.cs
  artifactKey: Guid(52ec835d14bd486f900952b77698b7eb) Importer(2089858483,0ecaa5967403d082aa24f35e1b516d23)
Start importing Assets/TextMesh Pro/Examples & Extras/Scripts/VertexZoom.cs using Guid(52ec835d14bd486f900952b77698b7eb) Importer(2089858483,0ecaa5967403d082aa24f35e1b516d23) [PhysX] Initialized MultithreadedTaskDispatcher with 16 workers.
 -> (artifact id: 'ed2660ed3f05f5c0a71ac420ccf79c7b') in 0.004286 seconds
Number of updated asset objects reloaded before import = 0
Number of asset objects unloaded after import = 1
Editor requested this worker to shutdown with reason: Scaling down because of idle timeout
TcpMessagingSession - receive error: operation aborted. errorcode: 995, details: Operacja We/Wy zosta³a przerwana z powodu zakoñczenia w¹tku lub ¿¹dania aplikacji.
AssetImportWorker is now disconnected from the server
Process exiting
Exiting without the bug reporter. Application will terminate with return code 0