Using pre-set license
Built from '2022.3/release' branch; Version is '2022.3.48f1 (8bf49c377ebf) revision 9172124'; Using compiler version '192829333'; Build Type 'Release'
OS: 'Windows 11  (10.0.22631) 64bit Core' Language: 'pl' Physical Memory: 15569 MB
BatchMode: 1, IsHumanControllingUs: 0, StartBugReporterOnCrash: 0, Is64bit: 1, IsPro: 1

COMMAND LINE ARGUMENTS:
C:\Program Files\Unity\Hub\Editor\2022.3.48f1\Editor\Unity.exe
-adb2
-batchMode
-noUpm
-name
AssetImportWorker4
-projectPath
C:/Users/jwiec/Desktop/Rummikub-with-ai/RummiAI
-logFile
Logs/AssetImportWorker4.log
-srvPort
53640
Successfully changed project path to: C:/Users/jwiec/Desktop/Rummikub-with-ai/RummiAI
C:/Users/jwiec/Desktop/Rummikub-with-ai/RummiAI
[UnityMemory] Configuration Parameters - Can be set up in boot.config
    "memorysetup-bucket-allocator-granularity=16"
    "memorysetup-bucket-allocator-bucket-count=8"
    "memorysetup-bucket-allocator-block-size=33554432"
    "memorysetup-bucket-allocator-block-count=8"
    "memorysetup-main-allocator-block-size=16777216"
    "memorysetup-thread-allocator-block-size=16777216"
    "memorysetup-gfx-main-allocator-block-size=16777216"
    "memorysetup-gfx-thread-allocator-block-size=16777216"
    "memorysetup-cache-allocator-block-size=4194304"
    "memorysetup-typetree-allocator-block-size=2097152"
    "memorysetup-profiler-bucket-allocator-granularity=16"
    "memorysetup-profiler-bucket-allocator-bucket-count=8"
    "memorysetup-profiler-bucket-allocator-block-size=33554432"
    "memorysetup-profiler-bucket-allocator-block-count=8"
    "memorysetup-profiler-allocator-block-size=16777216"
    "memorysetup-profiler-editor-allocator-block-size=1048576"
    "memorysetup-temp-allocator-size-main=16777216"
    "memorysetup-job-temp-allocator-block-size=2097152"
    "memorysetup-job-temp-allocator-block-size-background=1048576"
    "memorysetup-job-temp-allocator-reduction-small-platforms=262144"
    "memorysetup-allocator-temp-initial-block-size-main=262144"
    "memorysetup-allocator-temp-initial-block-size-worker=262144"
    "memorysetup-temp-allocator-size-background-worker=32768"
    "memorysetup-temp-allocator-size-job-worker=262144"
    "memorysetup-temp-allocator-size-preload-manager=33554432"
    "memorysetup-temp-allocator-size-nav-mesh-worker=65536"
    "memorysetup-temp-allocator-size-audio-worker=65536"
    "memorysetup-temp-allocator-size-cloud-worker=32768"
    "memorysetup-temp-allocator-size-gi-baking-worker=262144"
    "memorysetup-temp-allocator-size-gfx=262144"
Player connection [35328]  Target information:

Player connection [35328]  * "[IP] 192.168.0.24 [Port] 0 [Flags] 2 [Guid] 2398824031 [EditorId] 2398824031 [Version] 1048832 [Id] WindowsEditor(7,Fresemy) [Debug] 1 [PackageName] WindowsEditor [ProjectName] Editor" 

Player connection [35328] Host joined multi-casting on [225.0.0.222:54997]...
Player connection [35328] Host joined alternative multi-casting on [225.0.0.222:34997]...
[PhysX] Initialized MultithreadedTaskDispatcher with 16 workers.
Refreshing native plugins compatible for Editor in 14.22 ms, found 3 plugins.
Preloading 0 native plugins for Editor in 0.00 ms.
Initialize engine version: 2022.3.48f1 (8bf49c377ebf)
[Subsystems] Discovering subsystems at path C:/Program Files/Unity/Hub/Editor/2022.3.48f1/Editor/Data/Resources/UnitySubsystems
[Subsystems] Discovering subsystems at path C:/Users/jwiec/Desktop/Rummikub-with-ai/RummiAI/Assets
GfxDevice: creating device client; threaded=0; jobified=0
Direct3D:
    Version:  Direct3D 11.0 [level 11.1]
    Renderer: NVIDIA GeForce RTX 4050 Laptop GPU (ID=0x28e1)
    Vendor:   NVIDIA
    VRAM:     5921 MB
    Driver:   32.0.15.6070
Initialize mono
Mono path[0] = 'C:/Program Files/Unity/Hub/Editor/2022.3.48f1/Editor/Data/Managed'
Mono path[1] = 'C:/Program Files/Unity/Hub/Editor/2022.3.48f1/Editor/Data/MonoBleedingEdge/lib/mono/unityjit-win32'
Mono config path = 'C:/Program Files/Unity/Hub/Editor/2022.3.48f1/Editor/Data/MonoBleedingEdge/etc'
Using monoOptions --debugger-agent=transport=dt_socket,embedding=1,server=y,suspend=n,address=127.0.0.1:56632
Begin MonoManager ReloadAssembly
Registering precompiled unity dll's ...
Register platform support module: C:/Program Files/Unity/Hub/Editor/2022.3.48f1/Editor/Data/PlaybackEngines/WebGLSupport/UnityEditor.WebGL.Extensions.dll
Register platform support module: C:/Program Files/Unity/Hub/Editor/2022.3.48f1/Editor/Data/PlaybackEngines/WindowsStandaloneSupport/UnityEditor.WindowsStandalone.Extensions.dll
Register platform support module: C:/Program Files/Unity/Hub/Editor/2022.3.48f1/Editor/Data/PlaybackEngines/MetroSupport/UnityEditor.UWP.Extensions.dll
Registered in 0.008647 seconds.
- Loaded All Assemblies, in  0.362 seconds
Native extension for UWP target not found
Native extension for WindowsStandalone target not found
Native extension for WebGL target not found
Mono: successfully reloaded assembly
- Finished resetting the current domain, in  0.211 seconds
Domain Reload Profiling: 571ms
	BeginReloadAssembly (127ms)
		ExecutionOrderSort (0ms)
		DisableScriptedObjects (0ms)
		BackupInstance (0ms)
		ReleaseScriptingObjects (0ms)
		CreateAndSetChildDomain (1ms)
	RebuildCommonClasses (28ms)
	RebuildNativeTypeToScriptingClass (8ms)
	initialDomainReloadingComplete (56ms)
	LoadAllAssembliesAndSetupDomain (140ms)
		LoadAssemblies (125ms)
		RebuildTransferFunctionScriptingTraits (0ms)
		AnalyzeDomain (138ms)
			TypeCache.Refresh (136ms)
				TypeCache.ScanAssembly (123ms)
			ScanForSourceGeneratedMonoScriptInfo (0ms)
			ResolveRequiredComponents (1ms)
	FinalizeReload (211ms)
		ReleaseScriptCaches (0ms)
		RebuildScriptCaches (0ms)
		SetupLoadedEditorAssemblies (175ms)
			LogAssemblyErrors (0ms)
			InitializePlatformSupportModulesInManaged (10ms)
			SetLoadedEditorAssemblies (5ms)
			RefreshPlugins (0ms)
			BeforeProcessingInitializeOnLoad (2ms)
			ProcessInitializeOnLoadAttributes (125ms)
			ProcessInitializeOnLoadMethodAttributes (34ms)
			AfterProcessingInitializeOnLoad (0ms)
			EditorAssembliesLoaded (0ms)
		ExecutionOrderSort2 (0ms)
		AwakeInstancesAfterBackupRestoration (0ms)
========================================================================
Worker process is ready to serve import requests
Caller must complete domain reload
Begin MonoManager ReloadAssembly
- Loaded All Assemblies, in  0.496 seconds
Native extension for UWP target not found
Native extension for WindowsStandalone target not found
Native extension for WebGL target not found
Package Manager log level set to [2]
[Package Manager] Server::EnsureServerProcessIsRunning -- launch failed, reason: Unity was launched with the -noUpm command-line argument
[Package Manager] UpmClient::Send -- Unable to send message (not connected to UPM process).
[Package Manager] Cannot connect to Unity Package Manager local server
Mono: successfully reloaded assembly
- Finished resetting the current domain, in  0.454 seconds
Domain Reload Profiling: 946ms
	BeginReloadAssembly (121ms)
		ExecutionOrderSort (0ms)
		DisableScriptedObjects (3ms)
		BackupInstance (0ms)
		ReleaseScriptingObjects (0ms)
		CreateAndSetChildDomain (23ms)
	RebuildCommonClasses (24ms)
	RebuildNativeTypeToScriptingClass (7ms)
	initialDomainReloadingComplete (32ms)
	LoadAllAssembliesAndSetupDomain (309ms)
		LoadAssemblies (254ms)
		RebuildTransferFunctionScriptingTraits (0ms)
		AnalyzeDomain (124ms)
			TypeCache.Refresh (110ms)
				TypeCache.ScanAssembly (99ms)
			ScanForSourceGeneratedMonoScriptInfo (10ms)
			ResolveRequiredComponents (3ms)
	FinalizeReload (454ms)
		ReleaseScriptCaches (0ms)
		RebuildScriptCaches (0ms)
		SetupLoadedEditorAssemblies (352ms)
			LogAssemblyErrors (0ms)
			InitializePlatformSupportModulesInManaged (7ms)
			SetLoadedEditorAssemblies (2ms)
			RefreshPlugins (0ms)
			BeforeProcessingInitializeOnLoad (47ms)
			ProcessInitializeOnLoadAttributes (274ms)
			ProcessInitializeOnLoadMethodAttributes (15ms)
			AfterProcessingInitializeOnLoad (6ms)
			EditorAssembliesLoaded (1ms)
		ExecutionOrderSort2 (0ms)
		AwakeInstancesAfterBackupRestoration (6ms)
Launched and connected shader compiler UnityShaderCompiler.exe after 0.08 seconds
Refreshing native plugins compatible for Editor in 5.63 ms, found 3 plugins.
Preloading 0 native plugins for Editor in 0.00 ms.
Unloading 3137 Unused Serialized files (Serialized files now loaded: 0)
Unloading 19 unused Assets / (55.2 KB). Loaded Objects now: 3623.
Memory consumption went from 133.1 MB to 133.1 MB.
Total: 3.984600 ms (FindLiveObjects: 0.309900 ms CreateObjectMapping: 0.121600 ms MarkObjects: 3.418800 ms  DeleteObjects: 0.133300 ms)

AssetImportParameters requested are different than current active one (requested -> active):
  custom:container-demuxer-ogg: 62fdf1f143b41e24485cea50d1cbac27 -> 
  custom:video-codec-MediaFoundation-h265: 746d11721c4dcdbdad8f713fa42b33f4 -> 
  custom:video-decoder-ogg-theora: a1e56fd34408186e4bbccfd4996cb3dc -> 
  custom:framework-win-MediaFoundation: 216162199b28c13a410421893ffa2e32 -> 
  custom:CustomObjectIndexerAttribute: 9a22284fe3817be447336de3de66b15e -> 
  custom:container-demuxer-webm: 4f35f7cbe854078d1ac9338744f61a02 -> 
  custom:container-muxer-webm: aa71ff27fc2769a1b78a27578f13a17b -> 
  custom:video-decoder-webm-vp8: 9c59270c3fd7afecdb556c50c9e8de78 -> 
  custom:SearchIndexIgnoredProperties: e643bd26f0fe6173181afceb89e7c659 -> 
  custom:AudioImporter_EditorPlatform: d09bf68614088b80899f8185d706f6e7 -> 
  custom:video-encoder-webm-vp8: eb34c28f22e8b96e1ab97ce403110664 -> 
  custom:audio-decoder-ogg-vorbis: bf7c407c2cedff20999df2af8eb42d56 -> 
  custom:audio-encoder-webm-vorbis: bf7c407c2cedff20999df2af8eb42d56 -> 
========================================================================
Received Prepare
Caller must complete domain reload
Begin MonoManager ReloadAssembly
- Loaded All Assemblies, in  0.529 seconds
Native extension for UWP target not found
Native extension for WindowsStandalone target not found
Native extension for WebGL target not found
[Package Manager] Server::EnsureServerProcessIsRunning -- launch failed, reason: Unity was launched with the -noUpm command-line argument
[Package Manager] UpmClient::Send -- Unable to send message (not connected to UPM process).
[Package Manager] Cannot connect to Unity Package Manager local server
Mono: successfully reloaded assembly
- Finished resetting the current domain, in  0.857 seconds
Domain Reload Profiling: 1383ms
	BeginReloadAssembly (159ms)
		ExecutionOrderSort (0ms)
		DisableScriptedObjects (3ms)
		BackupInstance (0ms)
		ReleaseScriptingObjects (0ms)
		CreateAndSetChildDomain (44ms)
	RebuildCommonClasses (32ms)
	RebuildNativeTypeToScriptingClass (8ms)
	initialDomainReloadingComplete (30ms)
	LoadAllAssembliesAndSetupDomain (296ms)
		LoadAssemblies (371ms)
		RebuildTransferFunctionScriptingTraits (0ms)
		AnalyzeDomain (9ms)
			TypeCache.Refresh (4ms)
				TypeCache.ScanAssembly (0ms)
			ScanForSourceGeneratedMonoScriptInfo (0ms)
			ResolveRequiredComponents (4ms)
	FinalizeReload (858ms)
		ReleaseScriptCaches (0ms)
		RebuildScriptCaches (0ms)
		SetupLoadedEditorAssemblies (410ms)
			LogAssemblyErrors (0ms)
			InitializePlatformSupportModulesInManaged (8ms)
			SetLoadedEditorAssemblies (3ms)
			RefreshPlugins (0ms)
			BeforeProcessingInitializeOnLoad (56ms)
			ProcessInitializeOnLoadAttributes (313ms)
			ProcessInitializeOnLoadMethodAttributes (21ms)
			AfterProcessingInitializeOnLoad (8ms)
			EditorAssembliesLoaded (0ms)
		ExecutionOrderSort2 (0ms)
		AwakeInstancesAfterBackupRestoration (7ms)
Refreshing native plugins compatible for Editor in 4.58 ms, found 3 plugins.
Preloading 0 native plugins for Editor in 0.00 ms.
Unloading 3117 Unused Serialized files (Serialized files now loaded: 0)
Unloading 14 unused Assets / (28.5 KB). Loaded Objects now: 3626.
Memory consumption went from 129.2 MB to 129.2 MB.
Total: 3.042100 ms (FindLiveObjects: 0.418100 ms CreateObjectMapping: 0.127600 ms MarkObjects: 2.449000 ms  DeleteObjects: 0.045900 ms)

Prepare: number of updated asset objects reloaded= 0
AssetImportParameters requested are different than current active one (requested -> active):
  custom:container-demuxer-ogg: 62fdf1f143b41e24485cea50d1cbac27 -> 
  custom:video-codec-MediaFoundation-h265: 746d11721c4dcdbdad8f713fa42b33f4 -> 
  custom:video-decoder-ogg-theora: a1e56fd34408186e4bbccfd4996cb3dc -> 
  custom:framework-win-MediaFoundation: 216162199b28c13a410421893ffa2e32 -> 
  custom:CustomObjectIndexerAttribute: 9a22284fe3817be447336de3de66b15e -> 
  custom:container-demuxer-webm: 4f35f7cbe854078d1ac9338744f61a02 -> 
  custom:container-muxer-webm: aa71ff27fc2769a1b78a27578f13a17b -> 
  custom:video-decoder-webm-vp8: 9c59270c3fd7afecdb556c50c9e8de78 -> 
  custom:SearchIndexIgnoredProperties: e643bd26f0fe6173181afceb89e7c659 -> 
  custom:AudioImporter_EditorPlatform: d09bf68614088b80899f8185d706f6e7 -> 
  custom:video-encoder-webm-vp8: eb34c28f22e8b96e1ab97ce403110664 -> 
  custom:audio-decoder-ogg-vorbis: bf7c407c2cedff20999df2af8eb42d56 -> 
  custom:audio-encoder-webm-vorbis: bf7c407c2cedff20999df2af8eb42d56 -> 
========================================================================
Received Import Request.
  Time since last request: 267423.196312 seconds.
  path: Assets/TextMesh Pro
  artifactKey: Guid(f54d1bd14bd3ca042bd867b519fee8cc) Importer(815301076,1909f56bfc062723c751e8b465ee728b)
Start importing Assets/TextMesh Pro using Guid(f54d1bd14bd3ca042bd867b519fee8cc) Importer(815301076,1909f56bfc062723c751e8b465ee728b) [PhysX] Initialized MultithreadedTaskDispatcher with 16 workers.
 -> (artifact id: 'dd6ad478d9966b0e483c01b5bd727387') in 0.003591 seconds
Number of updated asset objects reloaded before import = 0
Number of asset objects unloaded after import = 0
========================================================================
Received Import Request.
  Time since last request: 5.802936 seconds.
  path: Assets/TextMesh Pro/Documentation
  artifactKey: Guid(8e7e8f5a82a3a134e91c54efd2274ea9) Importer(815301076,1909f56bfc062723c751e8b465ee728b)
Start importing Assets/TextMesh Pro/Documentation using Guid(8e7e8f5a82a3a134e91c54efd2274ea9) Importer(815301076,1909f56bfc062723c751e8b465ee728b) [PhysX] Initialized MultithreadedTaskDispatcher with 16 workers.
 -> (artifact id: '097ee97484745b541abb5aabd54e2ae1') in 0.000504 seconds
Number of updated asset objects reloaded before import = 0
Number of asset objects unloaded after import = 0
========================================================================
Received Import Request.
  Time since last request: 195.306177 seconds.
  path: Assets/Scenes/SampleScene.unity
  artifactKey: Guid(9fc0d4010bbf28b4594072e72b8655ab) Importer(2089858483,0ecaa5967403d082aa24f35e1b516d23)
Start importing Assets/Scenes/SampleScene.unity using Guid(9fc0d4010bbf28b4594072e72b8655ab) Importer(2089858483,0ecaa5967403d082aa24f35e1b516d23) [PhysX] Initialized MultithreadedTaskDispatcher with 16 workers.
 -> (artifact id: 'b4b710bdec0bdb0795c6211a841e2b9e') in 0.054411 seconds
Number of updated asset objects reloaded before import = 0
Number of asset objects unloaded after import = 1
========================================================================
Received Import Request.
  Time since last request: 0.039612 seconds.
  path: Assets/colors/Red/Red_2_material.mat
  artifactKey: Guid(88ecd2a272ded3248b96c08839a88d9c) Importer(2089858483,0ecaa5967403d082aa24f35e1b516d23)
Start importing Assets/colors/Red/Red_2_material.mat using Guid(88ecd2a272ded3248b96c08839a88d9c) Importer(2089858483,0ecaa5967403d082aa24f35e1b516d23) [PhysX] Initialized MultithreadedTaskDispatcher with 16 workers.
 -> (artifact id: '36d0753cd9b49648690d7cb2ba3ae3fc') in 0.041801 seconds
Number of updated asset objects reloaded before import = 0
Number of asset objects unloaded after import = 2
========================================================================
Received Import Request.
  Time since last request: 0.000020 seconds.
  path: Assets/colors/Red/Red_5.png
  artifactKey: Guid(57636258f9e4c564f9d8713b66b5622c) Importer(2089858483,0ecaa5967403d082aa24f35e1b516d23)
Start importing Assets/colors/Red/Red_5.png using Guid(57636258f9e4c564f9d8713b66b5622c) Importer(2089858483,0ecaa5967403d082aa24f35e1b516d23) [PhysX] Initialized MultithreadedTaskDispatcher with 16 workers.
 -> (artifact id: '51098ccb8046da0adc26557f78e31a84') in 0.051297 seconds
Number of updated asset objects reloaded before import = 0
Number of asset objects unloaded after import = 1
========================================================================
Received Import Request.
  Time since last request: 0.000027 seconds.
  path: Assets/colors/Red/Red_3_material.mat
  artifactKey: Guid(bce60382df82d734eb4346551224bb8c) Importer(2089858483,0ecaa5967403d082aa24f35e1b516d23)
Start importing Assets/colors/Red/Red_3_material.mat using Guid(bce60382df82d734eb4346551224bb8c) Importer(2089858483,0ecaa5967403d082aa24f35e1b516d23) [PhysX] Initialized MultithreadedTaskDispatcher with 16 workers.
 -> (artifact id: 'c6725fb7d306958e29c6714ca957d10a') in 0.008381 seconds
Number of updated asset objects reloaded before import = 0
Number of asset objects unloaded after import = 2
========================================================================
Received Import Request.
  Time since last request: 0.000045 seconds.
  path: Assets/colors/Red/Red_11.png
  artifactKey: Guid(de8118efa82508949b531e78315b17fd) Importer(2089858483,0ecaa5967403d082aa24f35e1b516d23)
Start importing Assets/colors/Red/Red_11.png using Guid(de8118efa82508949b531e78315b17fd) Importer(2089858483,0ecaa5967403d082aa24f35e1b516d23) [PhysX] Initialized MultithreadedTaskDispatcher with 16 workers.
 -> (artifact id: '73898823326db1c1a4c5c7f4c6a95bc0') in 0.014227 seconds
Number of updated asset objects reloaded before import = 0
Number of asset objects unloaded after import = 1
========================================================================
Received Import Request.
  Time since last request: 0.000043 seconds.
  path: Assets/colors/Red/Red_6.png
  artifactKey: Guid(15b2f6cf1742f6e459b5d19d88aae76c) Importer(2089858483,0ecaa5967403d082aa24f35e1b516d23)
Start importing Assets/colors/Red/Red_6.png using Guid(15b2f6cf1742f6e459b5d19d88aae76c) Importer(2089858483,0ecaa5967403d082aa24f35e1b516d23) [PhysX] Initialized MultithreadedTaskDispatcher with 16 workers.
 -> (artifact id: '7022264933015d4cc68db97a213bdd20') in 0.013535 seconds
Number of updated asset objects reloaded before import = 0
Number of asset objects unloaded after import = 1
========================================================================
Received Import Request.
  Time since last request: 0.000025 seconds.
  path: Assets/colors/Orange/Orange_3.png
  artifactKey: Guid(b65e56da0ba0de2478c8e02c6ebfa529) Importer(2089858483,0ecaa5967403d082aa24f35e1b516d23)
Start importing Assets/colors/Orange/Orange_3.png using Guid(b65e56da0ba0de2478c8e02c6ebfa529) Importer(2089858483,0ecaa5967403d082aa24f35e1b516d23) [PhysX] Initialized MultithreadedTaskDispatcher with 16 workers.
 -> (artifact id: '2b7b02641a56e32f13feb4fd46b68da3') in 0.011449 seconds
Number of updated asset objects reloaded before import = 0
Number of asset objects unloaded after import = 1
========================================================================
Received Import Request.
  Time since last request: 0.000057 seconds.
  path: Assets/colors/Black/Black_2.png
  artifactKey: Guid(0f9648d55d6792d41af3154cb843be36) Importer(2089858483,0ecaa5967403d082aa24f35e1b516d23)
Start importing Assets/colors/Black/Black_2.png using Guid(0f9648d55d6792d41af3154cb843be36) Importer(2089858483,0ecaa5967403d082aa24f35e1b516d23) [PhysX] Initialized MultithreadedTaskDispatcher with 16 workers.
 -> (artifact id: '0485924b68469c3b9154daa9b5abc5a5') in 0.017014 seconds
Number of updated asset objects reloaded before import = 0
Number of asset objects unloaded after import = 1
========================================================================
Received Import Request.
  Time since last request: 0.000034 seconds.
  path: Assets/Board.asset
  artifactKey: Guid(515186a7e352d73469146dc1a388a7b1) Importer(2089858483,0ecaa5967403d082aa24f35e1b516d23)
Start importing Assets/Board.asset using Guid(515186a7e352d73469146dc1a388a7b1) Importer(2089858483,0ecaa5967403d082aa24f35e1b516d23) [PhysX] Initialized MultithreadedTaskDispatcher with 16 workers.
 -> (artifact id: '60a9ccabeb83bf1a0608d56e0ccd7cf1') in 0.014419 seconds
Number of updated asset objects reloaded before import = 0
Number of asset objects unloaded after import = 1
========================================================================
Received Import Request.
  Time since last request: 0.000024 seconds.
  path: Assets/colors/Black/Black_9.png
  artifactKey: Guid(b7dc7064e8cd012438ac06b16a9681a1) Importer(2089858483,0ecaa5967403d082aa24f35e1b516d23)
Start importing Assets/colors/Black/Black_9.png using Guid(b7dc7064e8cd012438ac06b16a9681a1) Importer(2089858483,0ecaa5967403d082aa24f35e1b516d23) [PhysX] Initialized MultithreadedTaskDispatcher with 16 workers.
 -> (artifact id: 'd3465a550d0ea4229135fcb87a328b6e') in 0.013131 seconds
Number of updated asset objects reloaded before import = 0
Number of asset objects unloaded after import = 1
========================================================================
Received Import Request.
  Time since last request: 0.000027 seconds.
  path: Assets/colors/Orange/Orange_7.png
  artifactKey: Guid(fd34b6562a1739243801fcb8a586104a) Importer(2089858483,0ecaa5967403d082aa24f35e1b516d23)
Start importing Assets/colors/Orange/Orange_7.png using Guid(fd34b6562a1739243801fcb8a586104a) Importer(2089858483,0ecaa5967403d082aa24f35e1b516d23) [PhysX] Initialized MultithreadedTaskDispatcher with 16 workers.
 -> (artifact id: '82938a08757b0acf178294b8014d9a04') in 0.015294 seconds
Number of updated asset objects reloaded before import = 0
Number of asset objects unloaded after import = 1
========================================================================
Received Import Request.
  Time since last request: 0.000036 seconds.
  path: Assets/colors/Blue/Blue_11.png
  artifactKey: Guid(d5dfa9e9808666b4899c129d3eb209b6) Importer(2089858483,0ecaa5967403d082aa24f35e1b516d23)
Start importing Assets/colors/Blue/Blue_11.png using Guid(d5dfa9e9808666b4899c129d3eb209b6) Importer(2089858483,0ecaa5967403d082aa24f35e1b516d23) [PhysX] Initialized MultithreadedTaskDispatcher with 16 workers.
 -> (artifact id: 'ad1bb1854842b207408b03618353fe01') in 0.011763 seconds
Number of updated asset objects reloaded before import = 0
Number of asset objects unloaded after import = 1
========================================================================
Received Import Request.
  Time since last request: 0.000019 seconds.
  path: Assets/colors/Black/Black_5.png
  artifactKey: Guid(3a448dfb71a85644c8f8fbbeef8c49a9) Importer(2089858483,0ecaa5967403d082aa24f35e1b516d23)
Start importing Assets/colors/Black/Black_5.png using Guid(3a448dfb71a85644c8f8fbbeef8c49a9) Importer(2089858483,0ecaa5967403d082aa24f35e1b516d23) [PhysX] Initialized MultithreadedTaskDispatcher with 16 workers.
 -> (artifact id: '3f73f76b9c2f768a2025f1bbc49c743f') in 0.009876 seconds
Number of updated asset objects reloaded before import = 0
Number of asset objects unloaded after import = 1
========================================================================
Received Import Request.
  Time since last request: 0.000023 seconds.
  path: Assets/colors/Orange/Orange_12.png
  artifactKey: Guid(7e6e05fdbc9256349a1f45d699092b42) Importer(2089858483,0ecaa5967403d082aa24f35e1b516d23)
Start importing Assets/colors/Orange/Orange_12.png using Guid(7e6e05fdbc9256349a1f45d699092b42) Importer(2089858483,0ecaa5967403d082aa24f35e1b516d23) [PhysX] Initialized MultithreadedTaskDispatcher with 16 workers.
 -> (artifact id: '8a378fe70059a6fd50a421c8fd7b6aba') in 0.018638 seconds
Number of updated asset objects reloaded before import = 0
Number of asset objects unloaded after import = 1
========================================================================
Received Import Request.
  Time since last request: 0.000047 seconds.
  path: Assets/colors/Blue/Blue_Material_11.mat
  artifactKey: Guid(dca2a3846c8ca4447bc10b2f7f633736) Importer(2089858483,0ecaa5967403d082aa24f35e1b516d23)
Start importing Assets/colors/Blue/Blue_Material_11.mat using Guid(dca2a3846c8ca4447bc10b2f7f633736) Importer(2089858483,0ecaa5967403d082aa24f35e1b516d23) [PhysX] Initialized MultithreadedTaskDispatcher with 16 workers.
 -> (artifact id: 'a1a323d05975761dcf28bcfe5e976c4d') in 0.007487 seconds
Number of updated asset objects reloaded before import = 0
Number of asset objects unloaded after import = 2
========================================================================
Received Import Request.
  Time since last request: 0.000024 seconds.
  path: Assets/colors/Orange/Orange_8.png
  artifactKey: Guid(993a9d18c210a9742814555c1c10b2f6) Importer(2089858483,0ecaa5967403d082aa24f35e1b516d23)
Start importing Assets/colors/Orange/Orange_8.png using Guid(993a9d18c210a9742814555c1c10b2f6) Importer(2089858483,0ecaa5967403d082aa24f35e1b516d23) [PhysX] Initialized MultithreadedTaskDispatcher with 16 workers.
 -> (artifact id: '9ad5c8b1481efd5ed7f9e94d2cbf1516') in 0.010639 seconds
Number of updated asset objects reloaded before import = 0
Number of asset objects unloaded after import = 1
========================================================================
Received Import Request.
  Time since last request: 0.000022 seconds.
  path: Assets/colors/Red/Red_10.png
  artifactKey: Guid(d1b434b06ebc8e34ba4a1dcf8b11ca7f) Importer(2089858483,0ecaa5967403d082aa24f35e1b516d23)
Start importing Assets/colors/Red/Red_10.png using Guid(d1b434b06ebc8e34ba4a1dcf8b11ca7f) Importer(2089858483,0ecaa5967403d082aa24f35e1b516d23) [PhysX] Initialized MultithreadedTaskDispatcher with 16 workers.
 -> (artifact id: '52691c076512407534c1af7db063efed') in 0.012137 seconds
Number of updated asset objects reloaded before import = 0
Number of asset objects unloaded after import = 1
========================================================================
Received Import Request.
  Time since last request: 0.000026 seconds.
  path: Assets/colors/Black/Black_Material_12.mat
  artifactKey: Guid(eb37b0660567a174d91df001f0f88c8d) Importer(2089858483,0ecaa5967403d082aa24f35e1b516d23)
Start importing Assets/colors/Black/Black_Material_12.mat using Guid(eb37b0660567a174d91df001f0f88c8d) Importer(2089858483,0ecaa5967403d082aa24f35e1b516d23) [PhysX] Initialized MultithreadedTaskDispatcher with 16 workers.
 -> (artifact id: '0da8c088d51e254a06c5b29140a5434c') in 0.006704 seconds
Number of updated asset objects reloaded before import = 0
Number of asset objects unloaded after import = 2
========================================================================
Received Import Request.
  Time since last request: 0.000029 seconds.
  path: Assets/colors/Blue/Blue_5.png
  artifactKey: Guid(1b9f99b9a562ca542a480fb36fcbfba6) Importer(2089858483,0ecaa5967403d082aa24f35e1b516d23)
Start importing Assets/colors/Blue/Blue_5.png using Guid(1b9f99b9a562ca542a480fb36fcbfba6) Importer(2089858483,0ecaa5967403d082aa24f35e1b516d23) [PhysX] Initialized MultithreadedTaskDispatcher with 16 workers.
 -> (artifact id: '61417027602be579018b84b5358f1703') in 0.012031 seconds
Number of updated asset objects reloaded before import = 0
Number of asset objects unloaded after import = 1
========================================================================
Received Import Request.
  Time since last request: 0.000028 seconds.
  path: Assets/colors/Blue/Blue_Material_1.mat
  artifactKey: Guid(c3dd0efd7670ba04287d0ddd1a3a038b) Importer(2089858483,0ecaa5967403d082aa24f35e1b516d23)
Start importing Assets/colors/Blue/Blue_Material_1.mat using Guid(c3dd0efd7670ba04287d0ddd1a3a038b) Importer(2089858483,0ecaa5967403d082aa24f35e1b516d23) [PhysX] Initialized MultithreadedTaskDispatcher with 16 workers.
 -> (artifact id: 'efe48a54bc79dca7a12c52e3e8be180c') in 0.007891 seconds
Number of updated asset objects reloaded before import = 0
Number of asset objects unloaded after import = 2
========================================================================
Received Import Request.
  Time since last request: 0.000034 seconds.
  path: Assets/colors/Tile_material.mat
  artifactKey: Guid(6a2d37e6152fbdd46ba1e060f52012d2) Importer(2089858483,0ecaa5967403d082aa24f35e1b516d23)
Start importing Assets/colors/Tile_material.mat using Guid(6a2d37e6152fbdd46ba1e060f52012d2) Importer(2089858483,0ecaa5967403d082aa24f35e1b516d23) [PhysX] Initialized MultithreadedTaskDispatcher with 16 workers.
 -> (artifact id: '4a641e9f186e7e8821119430e1fb35f4') in 0.006769 seconds
Number of updated asset objects reloaded before import = 0
Number of asset objects unloaded after import = 1
========================================================================
Received Import Request.
  Time since last request: 0.000031 seconds.
  path: Assets/colors/Orange/Orange_6.png
  artifactKey: Guid(dd87488688f67ff40b19599fa3859470) Importer(2089858483,0ecaa5967403d082aa24f35e1b516d23)
Start importing Assets/colors/Orange/Orange_6.png using Guid(dd87488688f67ff40b19599fa3859470) Importer(2089858483,0ecaa5967403d082aa24f35e1b516d23) [PhysX] Initialized MultithreadedTaskDispatcher with 16 workers.
 -> (artifact id: '39dae124a6de9dbd63e2654c2881406d') in 0.011824 seconds
Number of updated asset objects reloaded before import = 0
Number of asset objects unloaded after import = 1
========================================================================
Received Import Request.
  Time since last request: 0.000025 seconds.
  path: Assets/colors/Blue/Blue_Material_6.mat
  artifactKey: Guid(b332eacbc91f79f43b6726410eec16fd) Importer(2089858483,0ecaa5967403d082aa24f35e1b516d23)
Start importing Assets/colors/Blue/Blue_Material_6.mat using Guid(b332eacbc91f79f43b6726410eec16fd) Importer(2089858483,0ecaa5967403d082aa24f35e1b516d23) [PhysX] Initialized MultithreadedTaskDispatcher with 16 workers.
 -> (artifact id: 'd894d1549046c7aaef678b53390e271b') in 0.006958 seconds
Number of updated asset objects reloaded before import = 0
Number of asset objects unloaded after import = 2
========================================================================
Received Import Request.
  Time since last request: 0.000023 seconds.
  path: Assets/colors/Black/Black_Material_13.mat
  artifactKey: Guid(28f40c40163113b4ab8f4fb03cab3eb4) Importer(2089858483,0ecaa5967403d082aa24f35e1b516d23)
Start importing Assets/colors/Black/Black_Material_13.mat using Guid(28f40c40163113b4ab8f4fb03cab3eb4) Importer(2089858483,0ecaa5967403d082aa24f35e1b516d23) [PhysX] Initialized MultithreadedTaskDispatcher with 16 workers.
 -> (artifact id: '1001d3c82971b3a76bbf12bea15a6f52') in 0.006211 seconds
Number of updated asset objects reloaded before import = 0
Number of asset objects unloaded after import = 2
========================================================================
Received Import Request.
  Time since last request: 0.000027 seconds.
  path: Assets/colors/Orange/Orange_11.png
  artifactKey: Guid(ab38bb4addf01104c96bb626fb05231e) Importer(2089858483,0ecaa5967403d082aa24f35e1b516d23)
Start importing Assets/colors/Orange/Orange_11.png using Guid(ab38bb4addf01104c96bb626fb05231e) Importer(2089858483,0ecaa5967403d082aa24f35e1b516d23) [PhysX] Initialized MultithreadedTaskDispatcher with 16 workers.
 -> (artifact id: '755411f81f507b25444a38a49ac3b0ab') in 0.012582 seconds
Number of updated asset objects reloaded before import = 0
Number of asset objects unloaded after import = 1
========================================================================
Received Import Request.
  Time since last request: 0.000032 seconds.
  path: Assets/colors/Blue/Blue_Material_9.mat
  artifactKey: Guid(4d00fc9a588ace640a13f3c05af20a49) Importer(2089858483,0ecaa5967403d082aa24f35e1b516d23)
Start importing Assets/colors/Blue/Blue_Material_9.mat using Guid(4d00fc9a588ace640a13f3c05af20a49) Importer(2089858483,0ecaa5967403d082aa24f35e1b516d23) [PhysX] Initialized MultithreadedTaskDispatcher with 16 workers.
 -> (artifact id: '0b832ee75bdf446f597b8ad40ef1036a') in 0.007433 seconds
Number of updated asset objects reloaded before import = 0
Number of asset objects unloaded after import = 2
========================================================================
Received Import Request.
  Time since last request: 0.000029 seconds.
  path: Assets/colors/Red/Red_12.png
  artifactKey: Guid(1132a25cdc455d9419b8c3f7398ab10d) Importer(2089858483,0ecaa5967403d082aa24f35e1b516d23)
Start importing Assets/colors/Red/Red_12.png using Guid(1132a25cdc455d9419b8c3f7398ab10d) Importer(2089858483,0ecaa5967403d082aa24f35e1b516d23) [PhysX] Initialized MultithreadedTaskDispatcher with 16 workers.
 -> (artifact id: '05ef99490b6ab20c330ac0e6ed87b593') in 0.011669 seconds
Number of updated asset objects reloaded before import = 0
Number of asset objects unloaded after import = 1
========================================================================
Received Import Request.
  Time since last request: 0.000035 seconds.
  path: Assets/colors/Orange
  artifactKey: Guid(e05fabf5cf5cfce44838ed9e5fa04719) Importer(2089858483,0ecaa5967403d082aa24f35e1b516d23)
Start importing Assets/colors/Orange using Guid(e05fabf5cf5cfce44838ed9e5fa04719) Importer(2089858483,0ecaa5967403d082aa24f35e1b516d23) [PhysX] Initialized MultithreadedTaskDispatcher with 16 workers.
 -> (artifact id: '019eb2bea2f42e521bc80bf733a9a4f0') in 0.003803 seconds
Number of updated asset objects reloaded before import = 0
Number of asset objects unloaded after import = 1
========================================================================
Received Import Request.
  Time since last request: 0.000029 seconds.
  path: Assets/colors/Red/Red_7_material.mat
  artifactKey: Guid(cb099a98f8cbc97458ea02e881de91bf) Importer(2089858483,0ecaa5967403d082aa24f35e1b516d23)
Start importing Assets/colors/Red/Red_7_material.mat using Guid(cb099a98f8cbc97458ea02e881de91bf) Importer(2089858483,0ecaa5967403d082aa24f35e1b516d23) [PhysX] Initialized MultithreadedTaskDispatcher with 16 workers.
 -> (artifact id: 'e6136f2356183bd47e5d5a622b7fa4a8') in 0.005833 seconds
Number of updated asset objects reloaded before import = 0
Number of asset objects unloaded after import = 2
========================================================================
Received Import Request.
  Time since last request: 0.000021 seconds.
  path: Assets/colors/Red/Red_11_material.mat
  artifactKey: Guid(74f1bf3124264084da49e9bc57055961) Importer(2089858483,0ecaa5967403d082aa24f35e1b516d23)
Start importing Assets/colors/Red/Red_11_material.mat using Guid(74f1bf3124264084da49e9bc57055961) Importer(2089858483,0ecaa5967403d082aa24f35e1b516d23) [PhysX] Initialized MultithreadedTaskDispatcher with 16 workers.
 -> (artifact id: 'bca666b1380a39dcb867b3215f95cd22') in 0.010467 seconds
Number of updated asset objects reloaded before import = 0
Number of asset objects unloaded after import = 2
========================================================================
Received Import Request.
  Time since last request: 0.000046 seconds.
  path: Assets/colors/Orange/Orange_2.png
  artifactKey: Guid(915367e9e6e2c634688e5bccf5f7e07c) Importer(2089858483,0ecaa5967403d082aa24f35e1b516d23)
Start importing Assets/colors/Orange/Orange_2.png using Guid(915367e9e6e2c634688e5bccf5f7e07c) Importer(2089858483,0ecaa5967403d082aa24f35e1b516d23) [PhysX] Initialized MultithreadedTaskDispatcher with 16 workers.
 -> (artifact id: '1de99e93184096bd3cca8dc47b08ff3a') in 0.013316 seconds
Number of updated asset objects reloaded before import = 0
Number of asset objects unloaded after import = 1
========================================================================
Received Import Request.
  Time since last request: 0.000029 seconds.
  path: Assets/colors/Black/Black_11.png
  artifactKey: Guid(543e57bfc5a9061438a3c50c8740a9d4) Importer(2089858483,0ecaa5967403d082aa24f35e1b516d23)
Start importing Assets/colors/Black/Black_11.png using Guid(543e57bfc5a9061438a3c50c8740a9d4) Importer(2089858483,0ecaa5967403d082aa24f35e1b516d23) [PhysX] Initialized MultithreadedTaskDispatcher with 16 workers.
 -> (artifact id: '0f85ba057e62cd8ec7b681d90ac522d6') in 0.012560 seconds
Number of updated asset objects reloaded before import = 0
Number of asset objects unloaded after import = 1
========================================================================
Received Import Request.
  Time since last request: 0.000124 seconds.
  path: Assets/colors/Blue/Blue_3.png
  artifactKey: Guid(0c27b2b36238d8c4d9f4125b1e0df888) Importer(2089858483,0ecaa5967403d082aa24f35e1b516d23)
Start importing Assets/colors/Blue/Blue_3.png using Guid(0c27b2b36238d8c4d9f4125b1e0df888) Importer(2089858483,0ecaa5967403d082aa24f35e1b516d23) [PhysX] Initialized MultithreadedTaskDispatcher with 16 workers.
 -> (artifact id: '408dde9e855c21d91842e77d0b47c8c5') in 0.012745 seconds
Number of updated asset objects reloaded before import = 0
Number of asset objects unloaded after import = 1
========================================================================
Received Import Request.
  Time since last request: 0.000038 seconds.
  path: Assets/colors/Blue/Blue_13.png
  artifactKey: Guid(73a449c96f3b9d745a9344c7a9fe7348) Importer(2089858483,0ecaa5967403d082aa24f35e1b516d23)
Start importing Assets/colors/Blue/Blue_13.png using Guid(73a449c96f3b9d745a9344c7a9fe7348) Importer(2089858483,0ecaa5967403d082aa24f35e1b516d23) [PhysX] Initialized MultithreadedTaskDispatcher with 16 workers.
 -> (artifact id: 'fbb17af94f2a8d530507c0551f7c94f8') in 0.011392 seconds
Number of updated asset objects reloaded before import = 0
Number of asset objects unloaded after import = 1
========================================================================
Received Import Request.
  Time since last request: 0.000018 seconds.
  path: Assets/colors/Black/Black_12.png
  artifactKey: Guid(08659fa7d1830d54594cd284b0da763b) Importer(2089858483,0ecaa5967403d082aa24f35e1b516d23)
Start importing Assets/colors/Black/Black_12.png using Guid(08659fa7d1830d54594cd284b0da763b) Importer(2089858483,0ecaa5967403d082aa24f35e1b516d23) [PhysX] Initialized MultithreadedTaskDispatcher with 16 workers.
 -> (artifact id: 'c967e0b72363b1463159ff27fdf504ff') in 0.014656 seconds
Number of updated asset objects reloaded before import = 0
Number of asset objects unloaded after import = 1
========================================================================
Received Import Request.
  Time since last request: 0.000034 seconds.
  path: Assets/colors/Black/Black_8.png
  artifactKey: Guid(aa6c5d39de4eab94cb3dc251ba4f6a94) Importer(2089858483,0ecaa5967403d082aa24f35e1b516d23)
Start importing Assets/colors/Black/Black_8.png using Guid(aa6c5d39de4eab94cb3dc251ba4f6a94) Importer(2089858483,0ecaa5967403d082aa24f35e1b516d23) [PhysX] Initialized MultithreadedTaskDispatcher with 16 workers.
 -> (artifact id: '1ccb4baf26fc55f61fffe65d94acc438') in 0.013646 seconds
Number of updated asset objects reloaded before import = 0
Number of asset objects unloaded after import = 1
========================================================================
Received Import Request.
  Time since last request: 0.000038 seconds.
  path: Assets/colors/Black/Black_3.png
  artifactKey: Guid(4a0b5f054ceb216449b27c07f03cbc56) Importer(2089858483,0ecaa5967403d082aa24f35e1b516d23)
Start importing Assets/colors/Black/Black_3.png using Guid(4a0b5f054ceb216449b27c07f03cbc56) Importer(2089858483,0ecaa5967403d082aa24f35e1b516d23) [PhysX] Initialized MultithreadedTaskDispatcher with 16 workers.
 -> (artifact id: '44cec0523e8b2ce1035e31361bb1efe3') in 0.014541 seconds
Number of updated asset objects reloaded before import = 0
Number of asset objects unloaded after import = 1
========================================================================
Received Import Request.
  Time since last request: 0.000036 seconds.
  path: Assets/colors/Spec_1.png
  artifactKey: Guid(f006316dd8fc99441b0cdea294e4155f) Importer(2089858483,0ecaa5967403d082aa24f35e1b516d23)
Start importing Assets/colors/Spec_1.png using Guid(f006316dd8fc99441b0cdea294e4155f) Importer(2089858483,0ecaa5967403d082aa24f35e1b516d23) [PhysX] Initialized MultithreadedTaskDispatcher with 16 workers.
 -> (artifact id: 'da23b85ed5868bbf53e3e52f370f1bc5') in 0.016394 seconds
Number of updated asset objects reloaded before import = 0
Number of asset objects unloaded after import = 1
========================================================================
Received Import Request.
  Time since last request: 0.000028 seconds.
  path: Assets/tile_prefab/Tile_orange_6.prefab
  artifactKey: Guid(1f05c1cc96f486f4fa430ce19f8b1fc2) Importer(2089858483,0ecaa5967403d082aa24f35e1b516d23)
Start importing Assets/tile_prefab/Tile_orange_6.prefab using Guid(1f05c1cc96f486f4fa430ce19f8b1fc2) Importer(2089858483,0ecaa5967403d082aa24f35e1b516d23) [PhysX] Initialized MultithreadedTaskDispatcher with 16 workers.
 -> (artifact id: '6bf639bbed99bd7825d307a2d99eed30') in 0.034871 seconds
Number of updated asset objects reloaded before import = 0
Number of asset objects unloaded after import = 12
========================================================================
Received Import Request.
  Time since last request: 0.000034 seconds.
  path: Assets/TextMesh Pro/Sprites/EmojiOne.json
  artifactKey: Guid(8f05276190cf498a8153f6cbe761d4e6) Importer(2089858483,0ecaa5967403d082aa24f35e1b516d23)
Start importing Assets/TextMesh Pro/Sprites/EmojiOne.json using Guid(8f05276190cf498a8153f6cbe761d4e6) Importer(2089858483,0ecaa5967403d082aa24f35e1b516d23) [PhysX] Initialized MultithreadedTaskDispatcher with 16 workers.
 -> (artifact id: 'db250d8ec6291e7d0ce171afc0798e9b') in 0.004251 seconds
Number of updated asset objects reloaded before import = 0
Number of asset objects unloaded after import = 1
========================================================================
Received Import Request.
  Time since last request: 0.000016 seconds.
  path: Assets/TextMesh Pro/Shaders/TMPro.cginc
  artifactKey: Guid(407bc68d299748449bbf7f48ee690f8d) Importer(2089858483,0ecaa5967403d082aa24f35e1b516d23)
Start importing Assets/TextMesh Pro/Shaders/TMPro.cginc using Guid(407bc68d299748449bbf7f48ee690f8d) Importer(2089858483,0ecaa5967403d082aa24f35e1b516d23) [PhysX] Initialized MultithreadedTaskDispatcher with 16 workers.
 -> (artifact id: '1d1de943322476a749876032a4bcaef4') in 0.003407 seconds
Number of updated asset objects reloaded before import = 0
Number of asset objects unloaded after import = 1
========================================================================
Received Import Request.
  Time since last request: 0.000026 seconds.
  path: Assets/tile_prefab/Tile_orange_3.prefab
  artifactKey: Guid(d6a05e48e460c844cadcf3823b7e8ec4) Importer(2089858483,0ecaa5967403d082aa24f35e1b516d23)
Start importing Assets/tile_prefab/Tile_orange_3.prefab using Guid(d6a05e48e460c844cadcf3823b7e8ec4) Importer(2089858483,0ecaa5967403d082aa24f35e1b516d23) [PhysX] Initialized MultithreadedTaskDispatcher with 16 workers.
 -> (artifact id: 'c0273f58d3204bb7f8e0044ec8a58487') in 0.007176 seconds
Number of updated asset objects reloaded before import = 0
Number of asset objects unloaded after import = 12
========================================================================
Received Import Request.
  Time since last request: 0.000018 seconds.
  path: Assets/tile_prefab/Tile_red_6.prefab
  artifactKey: Guid(55b4e2318896e5840be91af1ef185e5c) Importer(2089858483,0ecaa5967403d082aa24f35e1b516d23)
Start importing Assets/tile_prefab/Tile_red_6.prefab using Guid(55b4e2318896e5840be91af1ef185e5c) Importer(2089858483,0ecaa5967403d082aa24f35e1b516d23) [PhysX] Initialized MultithreadedTaskDispatcher with 16 workers.
 -> (artifact id: '12f57d321062b5798a04744ad9abc42e') in 0.006365 seconds
Number of updated asset objects reloaded before import = 0
Number of asset objects unloaded after import = 12
========================================================================
Received Import Request.
  Time since last request: 0.000019 seconds.
  path: Assets/colors/Orange/Orange_Material_7.mat
  artifactKey: Guid(ab37245391186004581f2c1b68856445) Importer(2089858483,0ecaa5967403d082aa24f35e1b516d23)
Start importing Assets/colors/Orange/Orange_Material_7.mat using Guid(ab37245391186004581f2c1b68856445) Importer(2089858483,0ecaa5967403d082aa24f35e1b516d23) [PhysX] Initialized MultithreadedTaskDispatcher with 16 workers.
 -> (artifact id: '70909bfe8f65a2401a6d8f2cf9efe8b7') in 0.005100 seconds
Number of updated asset objects reloaded before import = 0
Number of asset objects unloaded after import = 2
========================================================================
Received Import Request.
  Time since last request: 0.000018 seconds.
  path: Assets/tile_prefab/Tile_red_12.prefab
  artifactKey: Guid(cd264da1a765bac48863eac9b2280f6a) Importer(2089858483,0ecaa5967403d082aa24f35e1b516d23)
Start importing Assets/tile_prefab/Tile_red_12.prefab using Guid(cd264da1a765bac48863eac9b2280f6a) Importer(2089858483,0ecaa5967403d082aa24f35e1b516d23) [PhysX] Initialized MultithreadedTaskDispatcher with 16 workers.
 -> (artifact id: '105d56a3f9d7aabf9d1c13047564e89b') in 0.006344 seconds
Number of updated asset objects reloaded before import = 0
Number of asset objects unloaded after import = 12
========================================================================
Received Import Request.
  Time since last request: 0.000022 seconds.
  path: Assets/tile_prefab/Tile_black_12.prefab
  artifactKey: Guid(d584bed04c145414497e4057d2166c26) Importer(2089858483,0ecaa5967403d082aa24f35e1b516d23)
Start importing Assets/tile_prefab/Tile_black_12.prefab using Guid(d584bed04c145414497e4057d2166c26) Importer(2089858483,0ecaa5967403d082aa24f35e1b516d23) [PhysX] Initialized MultithreadedTaskDispatcher with 16 workers.
 -> (artifact id: '7c975ad8b907f6950a825bed20ab1878') in 0.008202 seconds
Number of updated asset objects reloaded before import = 0
Number of asset objects unloaded after import = 12
========================================================================
Received Import Request.
  Time since last request: 0.000035 seconds.
  path: Assets/tile_prefab/Tile_red_5.prefab
  artifactKey: Guid(1154933e332eac24fae42711e1ef5ce4) Importer(2089858483,0ecaa5967403d082aa24f35e1b516d23)
Start importing Assets/tile_prefab/Tile_red_5.prefab using Guid(1154933e332eac24fae42711e1ef5ce4) Importer(2089858483,0ecaa5967403d082aa24f35e1b516d23) [PhysX] Initialized MultithreadedTaskDispatcher with 16 workers.
 -> (artifact id: 'db134cebd5c168fe6ed35840a152ca1b') in 0.006932 seconds
Number of updated asset objects reloaded before import = 0
Number of asset objects unloaded after import = 12
========================================================================
Received Import Request.
  Time since last request: 0.000020 seconds.
  path: Assets/colors/Specjal_Material_1.mat
  artifactKey: Guid(1c684801ca357744180706932f35e489) Importer(2089858483,0ecaa5967403d082aa24f35e1b516d23)
Start importing Assets/colors/Specjal_Material_1.mat using Guid(1c684801ca357744180706932f35e489) Importer(2089858483,0ecaa5967403d082aa24f35e1b516d23) [PhysX] Initialized MultithreadedTaskDispatcher with 16 workers.
 -> (artifact id: '1aabd9ea195f1fa64c02deaeb7519c89') in 0.006392 seconds
Number of updated asset objects reloaded before import = 0
Number of asset objects unloaded after import = 2
========================================================================
Received Import Request.
  Time since last request: 0.000026 seconds.
  path: Assets/tile_prefab/Tile_red_2.prefab
  artifactKey: Guid(e955aa896cf1a314591f4dcdd8be32b8) Importer(2089858483,0ecaa5967403d082aa24f35e1b516d23)
Start importing Assets/tile_prefab/Tile_red_2.prefab using Guid(e955aa896cf1a314591f4dcdd8be32b8) Importer(2089858483,0ecaa5967403d082aa24f35e1b516d23) [PhysX] Initialized MultithreadedTaskDispatcher with 16 workers.
 -> (artifact id: '95cf20eccdc0dda74737d7ced25be465') in 0.007283 seconds
Number of updated asset objects reloaded before import = 0
Number of asset objects unloaded after import = 12
========================================================================
Received Import Request.
  Time since last request: 0.000017 seconds.
  path: Assets/tile_prefab/Tile_orange_7.prefab
  artifactKey: Guid(d1511e2236624d643ac6d56ba94dd87f) Importer(2089858483,0ecaa5967403d082aa24f35e1b516d23)
Start importing Assets/tile_prefab/Tile_orange_7.prefab using Guid(d1511e2236624d643ac6d56ba94dd87f) Importer(2089858483,0ecaa5967403d082aa24f35e1b516d23) [PhysX] Initialized MultithreadedTaskDispatcher with 16 workers.
 -> (artifact id: 'ff299a6df00671d65ebb9ca1d32b621f') in 0.005324 seconds
Number of updated asset objects reloaded before import = 0
Number of asset objects unloaded after import = 12
========================================================================
Received Import Request.
  Time since last request: 0.000030 seconds.
  path: Assets/tile_prefab/Tile_red_3.prefab
  artifactKey: Guid(45c03a2f9092dc94f90f9afec80da139) Importer(2089858483,0ecaa5967403d082aa24f35e1b516d23)
Start importing Assets/tile_prefab/Tile_red_3.prefab using Guid(45c03a2f9092dc94f90f9afec80da139) Importer(2089858483,0ecaa5967403d082aa24f35e1b516d23) [PhysX] Initialized MultithreadedTaskDispatcher with 16 workers.
 -> (artifact id: '17e6141e12801a757cea9dfe493c05d8') in 0.008080 seconds
Number of updated asset objects reloaded before import = 0
Number of asset objects unloaded after import = 12
========================================================================
Received Import Request.
  Time since last request: 0.000018 seconds.
  path: Assets/tile_prefab/Tile_red_10.prefab
  artifactKey: Guid(e9d3a87a6bd3f7645a28ce5600b6b34a) Importer(2089858483,0ecaa5967403d082aa24f35e1b516d23)
Start importing Assets/tile_prefab/Tile_red_10.prefab using Guid(e9d3a87a6bd3f7645a28ce5600b6b34a) Importer(2089858483,0ecaa5967403d082aa24f35e1b516d23) [PhysX] Initialized MultithreadedTaskDispatcher with 16 workers.
 -> (artifact id: '523ab405bf6073246294fb3ab184e6ff') in 0.006944 seconds
Number of updated asset objects reloaded before import = 0
Number of asset objects unloaded after import = 12
========================================================================
Received Import Request.
  Time since last request: 0.000019 seconds.
  path: Assets/TextMesh Pro/Fonts
  artifactKey: Guid(6ab70aee4d56447429c680537fbf93ed) Importer(2089858483,0ecaa5967403d082aa24f35e1b516d23)
Start importing Assets/TextMesh Pro/Fonts using Guid(6ab70aee4d56447429c680537fbf93ed) Importer(2089858483,0ecaa5967403d082aa24f35e1b516d23) [PhysX] Initialized MultithreadedTaskDispatcher with 16 workers.
 -> (artifact id: '0e39ec3f8111b57d197b1b2ebff0ac66') in 0.002693 seconds
Number of updated asset objects reloaded before import = 0
Number of asset objects unloaded after import = 1
========================================================================
Received Import Request.
  Time since last request: 0.000018 seconds.
  path: Assets/tile_prefab/Tile_blue_4.prefab
  artifactKey: Guid(b01c4fb06dd7d794a8d96676926a913a) Importer(2089858483,0ecaa5967403d082aa24f35e1b516d23)
Start importing Assets/tile_prefab/Tile_blue_4.prefab using Guid(b01c4fb06dd7d794a8d96676926a913a) Importer(2089858483,0ecaa5967403d082aa24f35e1b516d23) [PhysX] Initialized MultithreadedTaskDispatcher with 16 workers.
 -> (artifact id: '8cad2b7fcfd2e55b03053fdc495beb49') in 0.008016 seconds
Number of updated asset objects reloaded before import = 0
Number of asset objects unloaded after import = 12
========================================================================
Received Import Request.
  Time since last request: 0.000018 seconds.
  path: Assets/tile_prefab/Tile_black_4.prefab
  artifactKey: Guid(420da0070a374dd40b022dcde970956e) Importer(2089858483,0ecaa5967403d082aa24f35e1b516d23)
Start importing Assets/tile_prefab/Tile_black_4.prefab using Guid(420da0070a374dd40b022dcde970956e) Importer(2089858483,0ecaa5967403d082aa24f35e1b516d23) [PhysX] Initialized MultithreadedTaskDispatcher with 16 workers.
 -> (artifact id: '740afa7d1ad61e809d0e005fc005064c') in 0.006558 seconds
Number of updated asset objects reloaded before import = 0
Number of asset objects unloaded after import = 12
========================================================================
Received Import Request.
  Time since last request: 0.000017 seconds.
  path: Assets/tile_prefab/Tile_blue_12.prefab
  artifactKey: Guid(0afe795d2e3108a418eefc1428076f37) Importer(2089858483,0ecaa5967403d082aa24f35e1b516d23)
Start importing Assets/tile_prefab/Tile_blue_12.prefab using Guid(0afe795d2e3108a418eefc1428076f37) Importer(2089858483,0ecaa5967403d082aa24f35e1b516d23) [PhysX] Initialized MultithreadedTaskDispatcher with 16 workers.
 -> (artifact id: '92ee047c8125731e742ca223cc728f4d') in 0.007122 seconds
Number of updated asset objects reloaded before import = 0
Number of asset objects unloaded after import = 12
========================================================================
Received Import Request.
  Time since last request: 0.000017 seconds.
  path: Assets/tile_prefab/Tile_orange_11.prefab
  artifactKey: Guid(d63a7061572879542ba53148dd2db59d) Importer(2089858483,0ecaa5967403d082aa24f35e1b516d23)
Start importing Assets/tile_prefab/Tile_orange_11.prefab using Guid(d63a7061572879542ba53148dd2db59d) Importer(2089858483,0ecaa5967403d082aa24f35e1b516d23) [PhysX] Initialized MultithreadedTaskDispatcher with 16 workers.
 -> (artifact id: 'ea2cdd447173d9f1106be27604445665') in 0.005568 seconds
Number of updated asset objects reloaded before import = 0
Number of asset objects unloaded after import = 12
========================================================================
Received Import Request.
  Time since last request: 0.000016 seconds.
  path: Assets/tile_prefab/Tile_orange_13.prefab
  artifactKey: Guid(6d5fb37e396ffb049bc0a2af82a23daf) Importer(2089858483,0ecaa5967403d082aa24f35e1b516d23)
Start importing Assets/tile_prefab/Tile_orange_13.prefab using Guid(6d5fb37e396ffb049bc0a2af82a23daf) Importer(2089858483,0ecaa5967403d082aa24f35e1b516d23) [PhysX] Initialized MultithreadedTaskDispatcher with 16 workers.
 -> (artifact id: '7c7b42488d67eca5683d604ced3a0655') in 0.006056 seconds
Number of updated asset objects reloaded before import = 0
Number of asset objects unloaded after import = 12
========================================================================
Received Import Request.
  Time since last request: 0.000129 seconds.
  path: Assets/tile_prefab/Tile_special_1.prefab
  artifactKey: Guid(7109e8da7c7a24f429c4c23482cfd80a) Importer(2089858483,0ecaa5967403d082aa24f35e1b516d23)
Start importing Assets/tile_prefab/Tile_special_1.prefab using Guid(7109e8da7c7a24f429c4c23482cfd80a) Importer(2089858483,0ecaa5967403d082aa24f35e1b516d23) [PhysX] Initialized MultithreadedTaskDispatcher with 16 workers.
 -> (artifact id: '70b72b5eb1c02a8ee32a7a62e43bd3b7') in 0.005898 seconds
Number of updated asset objects reloaded before import = 0
Number of asset objects unloaded after import = 12
========================================================================
Received Import Request.
  Time since last request: 0.000019 seconds.
  path: Assets/colors/Orange/Orange_Material_5.mat
  artifactKey: Guid(aff6cca983f56db45b96fb96fcfca4a0) Importer(2089858483,0ecaa5967403d082aa24f35e1b516d23)
Start importing Assets/colors/Orange/Orange_Material_5.mat using Guid(aff6cca983f56db45b96fb96fcfca4a0) Importer(2089858483,0ecaa5967403d082aa24f35e1b516d23) [PhysX] Initialized MultithreadedTaskDispatcher with 16 workers.
 -> (artifact id: '74907610de9e249cb381d263fcbc88ad') in 0.005395 seconds
Number of updated asset objects reloaded before import = 0
Number of asset objects unloaded after import = 2
========================================================================
Received Import Request.
  Time since last request: 0.000029 seconds.
  path: Assets/tile_prefab/Tile_blue_8.prefab
  artifactKey: Guid(f9def720ee402eb428aa298affebe62c) Importer(2089858483,0ecaa5967403d082aa24f35e1b516d23)
Start importing Assets/tile_prefab/Tile_blue_8.prefab using Guid(f9def720ee402eb428aa298affebe62c) Importer(2089858483,0ecaa5967403d082aa24f35e1b516d23) [PhysX] Initialized MultithreadedTaskDispatcher with 16 workers.
 -> (artifact id: '996c29758fd147dfaa455bf4caa85b18') in 0.006236 seconds
Number of updated asset objects reloaded before import = 0
Number of asset objects unloaded after import = 12
========================================================================
Received Import Request.
  Time since last request: 0.000018 seconds.
  path: Assets/tile_prefab/Tile_orange_4.prefab
  artifactKey: Guid(5aacce086b4b96d4a88af9cb2c4d9d82) Importer(2089858483,0ecaa5967403d082aa24f35e1b516d23)
Start importing Assets/tile_prefab/Tile_orange_4.prefab using Guid(5aacce086b4b96d4a88af9cb2c4d9d82) Importer(2089858483,0ecaa5967403d082aa24f35e1b516d23) [PhysX] Initialized MultithreadedTaskDispatcher with 16 workers.
 -> (artifact id: 'c3f84e449ba73265a6689339e037465b') in 0.007383 seconds
Number of updated asset objects reloaded before import = 0
Number of asset objects unloaded after import = 12
========================================================================
Received Import Request.
  Time since last request: 0.000018 seconds.
  path: Assets/tile_prefab/Tile_black_1.prefab
  artifactKey: Guid(ffde5550015c93d43acdea86dca09d51) Importer(2089858483,0ecaa5967403d082aa24f35e1b516d23)
Start importing Assets/tile_prefab/Tile_black_1.prefab using Guid(ffde5550015c93d43acdea86dca09d51) Importer(2089858483,0ecaa5967403d082aa24f35e1b516d23) [PhysX] Initialized MultithreadedTaskDispatcher with 16 workers.
 -> (artifact id: 'dbffaa55e1857b9e0ede3564a23deea8') in 0.007036 seconds
Number of updated asset objects reloaded before import = 0
Number of asset objects unloaded after import = 12
========================================================================
Received Import Request.
  Time since last request: 0.000022 seconds.
  path: Assets/tile_prefab/Tile_orange_12 .prefab
  artifactKey: Guid(89755f59fa01d0f4ba053cad2ce4dd30) Importer(2089858483,0ecaa5967403d082aa24f35e1b516d23)
Start importing Assets/tile_prefab/Tile_orange_12 .prefab using Guid(89755f59fa01d0f4ba053cad2ce4dd30) Importer(2089858483,0ecaa5967403d082aa24f35e1b516d23) [PhysX] Initialized MultithreadedTaskDispatcher with 16 workers.
 -> (artifact id: '90d6934969686f696eed9dff4c0e5bc8') in 0.006287 seconds
Number of updated asset objects reloaded before import = 0
Number of asset objects unloaded after import = 12
========================================================================
Received Import Request.
  Time since last request: 0.000022 seconds.
  path: Assets/tile_prefab/Tile_black_8.prefab
  artifactKey: Guid(e978c809b2fec884faa3ed9ef58b6d5b) Importer(2089858483,0ecaa5967403d082aa24f35e1b516d23)
Start importing Assets/tile_prefab/Tile_black_8.prefab using Guid(e978c809b2fec884faa3ed9ef58b6d5b) Importer(2089858483,0ecaa5967403d082aa24f35e1b516d23) [PhysX] Initialized MultithreadedTaskDispatcher with 16 workers.
 -> (artifact id: 'cd6e243929eba35b24f6118ad8aad99e') in 0.006999 seconds
Number of updated asset objects reloaded before import = 0
Number of asset objects unloaded after import = 12
========================================================================
Received Import Request.
  Time since last request: 0.000021 seconds.
  path: Assets/colors/Orange/Orange_Material_8.mat
  artifactKey: Guid(104260a2df5470a4b97ef69036f2fa0a) Importer(2089858483,0ecaa5967403d082aa24f35e1b516d23)
Start importing Assets/colors/Orange/Orange_Material_8.mat using Guid(104260a2df5470a4b97ef69036f2fa0a) Importer(2089858483,0ecaa5967403d082aa24f35e1b516d23) [PhysX] Initialized MultithreadedTaskDispatcher with 16 workers.
 -> (artifact id: '09a6d88a8399af069a97ead90c245732') in 0.004481 seconds
Number of updated asset objects reloaded before import = 0
Number of asset objects unloaded after import = 2
========================================================================
Received Import Request.
  Time since last request: 0.000019 seconds.
  path: Assets/tile_prefab/Tile_black_3.prefab
  artifactKey: Guid(a5a36a223a344ff4e8b6dd88fc05c5b9) Importer(2089858483,0ecaa5967403d082aa24f35e1b516d23)
Start importing Assets/tile_prefab/Tile_black_3.prefab using Guid(a5a36a223a344ff4e8b6dd88fc05c5b9) Importer(2089858483,0ecaa5967403d082aa24f35e1b516d23) [PhysX] Initialized MultithreadedTaskDispatcher with 16 workers.
 -> (artifact id: '4fece22c6fd88e1439243a73fc7748d1') in 0.006299 seconds
Number of updated asset objects reloaded before import = 0
Number of asset objects unloaded after import = 12
========================================================================
Received Import Request.
  Time since last request: 0.000019 seconds.
  path: Assets/tile_prefab/Tile_black_5.prefab
  artifactKey: Guid(0ec56b7cf64001846812146a076bca46) Importer(2089858483,0ecaa5967403d082aa24f35e1b516d23)
Start importing Assets/tile_prefab/Tile_black_5.prefab using Guid(0ec56b7cf64001846812146a076bca46) Importer(2089858483,0ecaa5967403d082aa24f35e1b516d23) [PhysX] Initialized MultithreadedTaskDispatcher with 16 workers.
 -> (artifact id: '80589263176dfbdefc404de36d45c6b9') in 0.005499 seconds
Number of updated asset objects reloaded before import = 0
Number of asset objects unloaded after import = 12
========================================================================
Received Import Request.
  Time since last request: 0.000017 seconds.
  path: Assets/tile_prefab/Tile_red_8.prefab
  artifactKey: Guid(d2616c9e86c0d584190336cde37edd22) Importer(2089858483,0ecaa5967403d082aa24f35e1b516d23)
Start importing Assets/tile_prefab/Tile_red_8.prefab using Guid(d2616c9e86c0d584190336cde37edd22) Importer(2089858483,0ecaa5967403d082aa24f35e1b516d23) [PhysX] Initialized MultithreadedTaskDispatcher with 16 workers.
 -> (artifact id: 'ffd008d20517fc5d3ae8b7c64cd2136a') in 0.008951 seconds
Number of updated asset objects reloaded before import = 0
Number of asset objects unloaded after import = 12
========================================================================
Received Import Request.
  Time since last request: 0.000023 seconds.
  path: Assets/colors/Orange/Orange_Material_12.mat
  artifactKey: Guid(eb2954adf031f9b42879061201c88650) Importer(2089858483,0ecaa5967403d082aa24f35e1b516d23)
Start importing Assets/colors/Orange/Orange_Material_12.mat using Guid(eb2954adf031f9b42879061201c88650) Importer(2089858483,0ecaa5967403d082aa24f35e1b516d23) [PhysX] Initialized MultithreadedTaskDispatcher with 16 workers.
 -> (artifact id: '45bb9867ec5d1f1084690e025764aa69') in 0.005971 seconds
Number of updated asset objects reloaded before import = 0
Number of asset objects unloaded after import = 2
========================================================================
Received Import Request.
  Time since last request: 0.000031 seconds.
  path: Assets/tile_prefab/Tile_blue_6.prefab
  artifactKey: Guid(1d01d590e2abec24ba39f95da33571ab) Importer(2089858483,0ecaa5967403d082aa24f35e1b516d23)
Start importing Assets/tile_prefab/Tile_blue_6.prefab using Guid(1d01d590e2abec24ba39f95da33571ab) Importer(2089858483,0ecaa5967403d082aa24f35e1b516d23) [PhysX] Initialized MultithreadedTaskDispatcher with 16 workers.
 -> (artifact id: '49894c530526116af0f5c8041d260371') in 0.005371 seconds
Number of updated asset objects reloaded before import = 0
Number of asset objects unloaded after import = 12
========================================================================
Received Import Request.
  Time since last request: 0.000022 seconds.
  path: Assets/colors/Tile_Material 1.mat
  artifactKey: Guid(ccb51893215788c469476d4b23e5e315) Importer(2089858483,0ecaa5967403d082aa24f35e1b516d23)
Start importing Assets/colors/Tile_Material 1.mat using Guid(ccb51893215788c469476d4b23e5e315) Importer(2089858483,0ecaa5967403d082aa24f35e1b516d23) [PhysX] Initialized MultithreadedTaskDispatcher with 16 workers.
 -> (artifact id: '83d9c4aca52b32b718df060ce5c8e30d') in 0.005166 seconds
Number of updated asset objects reloaded before import = 0
Number of asset objects unloaded after import = 1
========================================================================
Received Import Request.
  Time since last request: 0.000020 seconds.
  path: Assets/tile_prefab/Tile_blue_3.prefab
  artifactKey: Guid(be96fd2e08612dc46b1c17f938f22a78) Importer(2089858483,0ecaa5967403d082aa24f35e1b516d23)
Start importing Assets/tile_prefab/Tile_blue_3.prefab using Guid(be96fd2e08612dc46b1c17f938f22a78) Importer(2089858483,0ecaa5967403d082aa24f35e1b516d23) [PhysX] Initialized MultithreadedTaskDispatcher with 16 workers.
 -> (artifact id: 'f44ed61b72734d3d6dc9edb5069ff022') in 0.006393 seconds
Number of updated asset objects reloaded before import = 0
Number of asset objects unloaded after import = 12
========================================================================
Received Import Request.
  Time since last request: 0.000021 seconds.
  path: Assets/colors/Orange/Orange_13.png
  artifactKey: Guid(82a8da5e20d2f304ba819f8fa9d38efe) Importer(2089858483,0ecaa5967403d082aa24f35e1b516d23)
Start importing Assets/colors/Orange/Orange_13.png using Guid(82a8da5e20d2f304ba819f8fa9d38efe) Importer(2089858483,0ecaa5967403d082aa24f35e1b516d23) [PhysX] Initialized MultithreadedTaskDispatcher with 16 workers.
 -> (artifact id: 'f1a9791257e6723f803c9de84f22933d') in 0.009263 seconds
Number of updated asset objects reloaded before import = 0
Number of asset objects unloaded after import = 1
========================================================================
Received Import Request.
  Time since last request: 0.000026 seconds.
  path: Assets/colors/Orange/Orange_9.png
  artifactKey: Guid(06d71124e1a863347abb6616015e4636) Importer(2089858483,0ecaa5967403d082aa24f35e1b516d23)
Start importing Assets/colors/Orange/Orange_9.png using Guid(06d71124e1a863347abb6616015e4636) Importer(2089858483,0ecaa5967403d082aa24f35e1b516d23) [PhysX] Initialized MultithreadedTaskDispatcher with 16 workers.
 -> (artifact id: '1ba94bbf9222540ff759156cdbcd7501') in 0.008336 seconds
Number of updated asset objects reloaded before import = 0
Number of asset objects unloaded after import = 1
========================================================================
Received Import Request.
  Time since last request: 0.000020 seconds.
  path: Assets/colors/Orange/Orange_1.png
  artifactKey: Guid(32f888aa6506aad4e970e8f5eeaf4366) Importer(2089858483,0ecaa5967403d082aa24f35e1b516d23)
Start importing Assets/colors/Orange/Orange_1.png using Guid(32f888aa6506aad4e970e8f5eeaf4366) Importer(2089858483,0ecaa5967403d082aa24f35e1b516d23) [PhysX] Initialized MultithreadedTaskDispatcher with 16 workers.
 -> (artifact id: '483c588279c48e185362ff80f27ab2a5') in 0.009365 seconds
Number of updated asset objects reloaded before import = 0
Number of asset objects unloaded after import = 1
========================================================================
Received Import Request.
  Time since last request: 0.000020 seconds.
  path: Assets/colors/Red/Red_3.png
  artifactKey: Guid(393e8289366eb194a9a3d48a7108ef8f) Importer(2089858483,0ecaa5967403d082aa24f35e1b516d23)
Start importing Assets/colors/Red/Red_3.png using Guid(393e8289366eb194a9a3d48a7108ef8f) Importer(2089858483,0ecaa5967403d082aa24f35e1b516d23) [PhysX] Initialized MultithreadedTaskDispatcher with 16 workers.
 -> (artifact id: '2fde8b05bc0260cdcdec9b32566ec988') in 0.008486 seconds
Number of updated asset objects reloaded before import = 0
Number of asset objects unloaded after import = 1
========================================================================
Received Import Request.
  Time since last request: 0.000017 seconds.
  path: Assets/colors/Blue/Blue_Material_5.mat
  artifactKey: Guid(7b637b73d02a2854ab915aea32c1075e) Importer(2089858483,0ecaa5967403d082aa24f35e1b516d23)
Start importing Assets/colors/Blue/Blue_Material_5.mat using Guid(7b637b73d02a2854ab915aea32c1075e) Importer(2089858483,0ecaa5967403d082aa24f35e1b516d23) [PhysX] Initialized MultithreadedTaskDispatcher with 16 workers.
 -> (artifact id: '412bae406ee01d26b66ea9033d5c5353') in 0.004411 seconds
Number of updated asset objects reloaded before import = 0
Number of asset objects unloaded after import = 2
========================================================================
Received Import Request.
  Time since last request: 0.000035 seconds.
  path: Assets/tile_prefab/Tile_blue_10.prefab
  artifactKey: Guid(567e1ddf986ff194c8a9d61fcc62c3de) Importer(2089858483,0ecaa5967403d082aa24f35e1b516d23)
Start importing Assets/tile_prefab/Tile_blue_10.prefab using Guid(567e1ddf986ff194c8a9d61fcc62c3de) Importer(2089858483,0ecaa5967403d082aa24f35e1b516d23) [PhysX] Initialized MultithreadedTaskDispatcher with 16 workers.
 -> (artifact id: '2f54a5ec3fb2c44af28d793d7ff36af5') in 0.007108 seconds
Number of updated asset objects reloaded before import = 0
Number of asset objects unloaded after import = 12
========================================================================
Received Import Request.
  Time since last request: 0.000016 seconds.
  path: Assets/colors/Blue/Blue_7.png
  artifactKey: Guid(fa3984b22a3a8234facc105cc5558d14) Importer(2089858483,0ecaa5967403d082aa24f35e1b516d23)
Start importing Assets/colors/Blue/Blue_7.png using Guid(fa3984b22a3a8234facc105cc5558d14) Importer(2089858483,0ecaa5967403d082aa24f35e1b516d23) [PhysX] Initialized MultithreadedTaskDispatcher with 16 workers.
 -> (artifact id: '44964085e22ca60736f7a5f149fbd715') in 0.008234 seconds
Number of updated asset objects reloaded before import = 0
Number of asset objects unloaded after import = 1
========================================================================
Received Import Request.
  Time since last request: 0.000022 seconds.
  path: Assets/colors/Blue/Blue_Material_12.mat
  artifactKey: Guid(04b343f3258953245b75396f3250083e) Importer(2089858483,0ecaa5967403d082aa24f35e1b516d23)
Start importing Assets/colors/Blue/Blue_Material_12.mat using Guid(04b343f3258953245b75396f3250083e) Importer(2089858483,0ecaa5967403d082aa24f35e1b516d23) [PhysX] Initialized MultithreadedTaskDispatcher with 16 workers.
 -> (artifact id: '2b3f8217dcf64bec1605a15af5b5bb46') in 0.005608 seconds
Number of updated asset objects reloaded before import = 0
Number of asset objects unloaded after import = 2
========================================================================
Received Import Request.
  Time since last request: 0.000027 seconds.
  path: Assets/tile_prefab/Tile_red_7.prefab
  artifactKey: Guid(bef3f3c62801fd64d9dec49e33187ad9) Importer(2089858483,0ecaa5967403d082aa24f35e1b516d23)
Start importing Assets/tile_prefab/Tile_red_7.prefab using Guid(bef3f3c62801fd64d9dec49e33187ad9) Importer(2089858483,0ecaa5967403d082aa24f35e1b516d23) [PhysX] Initialized MultithreadedTaskDispatcher with 16 workers.
 -> (artifact id: 'd2de66354a5d199dca30fd5e57ef94e5') in 0.008214 seconds
Number of updated asset objects reloaded before import = 0
Number of asset objects unloaded after import = 12
========================================================================
Received Import Request.
  Time since last request: 0.000026 seconds.
  path: Assets/colors/Black/Black_1.png
  artifactKey: Guid(187a80da41c934f49800dffb4598d9eb) Importer(2089858483,0ecaa5967403d082aa24f35e1b516d23)
Start importing Assets/colors/Black/Black_1.png using Guid(187a80da41c934f49800dffb4598d9eb) Importer(2089858483,0ecaa5967403d082aa24f35e1b516d23) [PhysX] Initialized MultithreadedTaskDispatcher with 16 workers.
 -> (artifact id: '02053b0ebbb95aba2aee39c956fb85c3') in 0.011340 seconds
Number of updated asset objects reloaded before import = 0
Number of asset objects unloaded after import = 1
========================================================================
Received Import Request.
  Time since last request: 0.000028 seconds.
  path: Assets/colors/Red/Red_4_material.mat
  artifactKey: Guid(084357cf3899d5445b638d97dd27debd) Importer(2089858483,0ecaa5967403d082aa24f35e1b516d23)
Start importing Assets/colors/Red/Red_4_material.mat using Guid(084357cf3899d5445b638d97dd27debd) Importer(2089858483,0ecaa5967403d082aa24f35e1b516d23) [PhysX] Initialized MultithreadedTaskDispatcher with 16 workers.
 -> (artifact id: '36889d8df271fbe75fe137258fb2bfec') in 0.006243 seconds
Number of updated asset objects reloaded before import = 0
Number of asset objects unloaded after import = 2
========================================================================
Received Import Request.
  Time since last request: 0.000023 seconds.
  path: Assets/tile_prefab/Tile_red_13.prefab
  artifactKey: Guid(a783447da839a0442b2265616a4f6bb6) Importer(2089858483,0ecaa5967403d082aa24f35e1b516d23)
Start importing Assets/tile_prefab/Tile_red_13.prefab using Guid(a783447da839a0442b2265616a4f6bb6) Importer(2089858483,0ecaa5967403d082aa24f35e1b516d23) [PhysX] Initialized MultithreadedTaskDispatcher with 16 workers.
 -> (artifact id: '551a6f26d2e43983c7b19607e25d948b') in 0.008724 seconds
Number of updated asset objects reloaded before import = 0
Number of asset objects unloaded after import = 12
========================================================================
Received Import Request.
  Time since last request: 0.095260 seconds.
  path: Assets/TextMesh Pro/Shaders/TMP_SDF.shader
  artifactKey: Guid(68e6db2ebdc24f95958faec2be5558d6) Importer(2089858483,0ecaa5967403d082aa24f35e1b516d23)
Start importing Assets/TextMesh Pro/Shaders/TMP_SDF.shader using Guid(68e6db2ebdc24f95958faec2be5558d6) Importer(2089858483,0ecaa5967403d082aa24f35e1b516d23) [PhysX] Initialized MultithreadedTaskDispatcher with 16 workers.
 -> (artifact id: '134bc55a6376b23095b1f1ebeb7a5699') in 0.008893 seconds
Number of updated asset objects reloaded before import = 0
Number of asset objects unloaded after import = 1
========================================================================
Received Import Request.
  Time since last request: 0.000025 seconds.
  path: Assets/TextMesh Pro/Shaders/TMPro_Mobile.cginc
  artifactKey: Guid(c334973cef89a9840b0b0c507e0377ab) Importer(2089858483,0ecaa5967403d082aa24f35e1b516d23)
Start importing Assets/TextMesh Pro/Shaders/TMPro_Mobile.cginc using Guid(c334973cef89a9840b0b0c507e0377ab) Importer(2089858483,0ecaa5967403d082aa24f35e1b516d23) [PhysX] Initialized MultithreadedTaskDispatcher with 16 workers.
 -> (artifact id: 'bd47b876b9720d630f658df68d08dc6f') in 0.003631 seconds
Number of updated asset objects reloaded before import = 0
Number of asset objects unloaded after import = 1
========================================================================
Received Import Request.
  Time since last request: 0.000023 seconds.
  path: Assets/TextMesh Pro/Examples & Extras/Scripts/TextConsoleSimulator.cs
  artifactKey: Guid(43bcd35a1c0c40ccb6d472893fe2093f) Importer(2089858483,0ecaa5967403d082aa24f35e1b516d23)
Start importing Assets/TextMesh Pro/Examples & Extras/Scripts/TextConsoleSimulator.cs using Guid(43bcd35a1c0c40ccb6d472893fe2093f) Importer(2089858483,0ecaa5967403d082aa24f35e1b516d23) [PhysX] Initialized MultithreadedTaskDispatcher with 16 workers.
 -> (artifact id: '2f7ea20c3f2de3b4c47a5f04cdaca623') in 0.005854 seconds
Number of updated asset objects reloaded before import = 0
Number of asset objects unloaded after import = 1
========================================================================
Received Import Request.
  Time since last request: 0.000021 seconds.
  path: Assets/TextMesh Pro/Examples & Extras/Scripts/TMP_DigitValidator.cs
  artifactKey: Guid(1a7eb92a01ed499a987bde9def05fbce) Importer(2089858483,0ecaa5967403d082aa24f35e1b516d23)
Start importing Assets/TextMesh Pro/Examples & Extras/Scripts/TMP_DigitValidator.cs using Guid(1a7eb92a01ed499a987bde9def05fbce) Importer(2089858483,0ecaa5967403d082aa24f35e1b516d23) [PhysX] Initialized MultithreadedTaskDispatcher with 16 workers.
 -> (artifact id: 'c06df6f07f162f7ef1f3ba83aa146624') in 0.004385 seconds
Number of updated asset objects reloaded before import = 0
Number of asset objects unloaded after import = 1
========================================================================
Received Import Request.
  Time since last request: 0.000037 seconds.
  path: Assets/TextMesh Pro/Shaders/TMP_SDF-Mobile Overlay.shader
  artifactKey: Guid(a02a7d8c237544f1962732b55a9aebf1) Importer(2089858483,0ecaa5967403d082aa24f35e1b516d23)
Start importing Assets/TextMesh Pro/Shaders/TMP_SDF-Mobile Overlay.shader using Guid(a02a7d8c237544f1962732b55a9aebf1) Importer(2089858483,0ecaa5967403d082aa24f35e1b516d23) [PhysX] Initialized MultithreadedTaskDispatcher with 16 workers.
 -> (artifact id: '0f17d0cfa807b46af32ddebbb7402c82') in 0.004713 seconds
Number of updated asset objects reloaded before import = 0
Number of asset objects unloaded after import = 1
========================================================================
Received Import Request.
  Time since last request: 0.000024 seconds.
  path: Assets/TextMesh Pro/Examples & Extras/Scripts/TMP_TextInfoDebugTool.cs
  artifactKey: Guid(21256c5b62f346f18640dad779911e20) Importer(2089858483,0ecaa5967403d082aa24f35e1b516d23)
Start importing Assets/TextMesh Pro/Examples & Extras/Scripts/TMP_TextInfoDebugTool.cs using Guid(21256c5b62f346f18640dad779911e20) Importer(2089858483,0ecaa5967403d082aa24f35e1b516d23) [PhysX] Initialized MultithreadedTaskDispatcher with 16 workers.
 -> (artifact id: 'ad16cdbdae62aa5bef8a9bd9ecec8500') in 0.004927 seconds
Number of updated asset objects reloaded before import = 0
Number of asset objects unloaded after import = 1
========================================================================
Received Import Request.
  Time since last request: 0.000021 seconds.
  path: Assets/TextMesh Pro/Examples & Extras/Scripts/TMP_TextSelector_A.cs
  artifactKey: Guid(103e0a6a1d404693b9fb1a5173e0e979) Importer(2089858483,0ecaa5967403d082aa24f35e1b516d23)
Start importing Assets/TextMesh Pro/Examples & Extras/Scripts/TMP_TextSelector_A.cs using Guid(103e0a6a1d404693b9fb1a5173e0e979) Importer(2089858483,0ecaa5967403d082aa24f35e1b516d23) [PhysX] Initialized MultithreadedTaskDispatcher with 16 workers.
 -> (artifact id: 'b0c2fb2b4d092c3d5288b8985906d3fc') in 0.004814 seconds
Number of updated asset objects reloaded before import = 0
Number of asset objects unloaded after import = 1
========================================================================
Received Import Request.
  Time since last request: 0.000021 seconds.
  path: Assets/TextMesh Pro/Examples & Extras/Scripts/Benchmark04.cs
  artifactKey: Guid(dc20866c0d5e413ab7559440e15333ae) Importer(2089858483,0ecaa5967403d082aa24f35e1b516d23)
Start importing Assets/TextMesh Pro/Examples & Extras/Scripts/Benchmark04.cs using Guid(dc20866c0d5e413ab7559440e15333ae) Importer(2089858483,0ecaa5967403d082aa24f35e1b516d23) [PhysX] Initialized MultithreadedTaskDispatcher with 16 workers.
 -> (artifact id: '82fc68d6f5de4b43128a1d09935259bc') in 0.004386 seconds
Number of updated asset objects reloaded before import = 0
Number of asset objects unloaded after import = 1
========================================================================
Received Import Request.
  Time since last request: 0.000023 seconds.
  path: Assets/TextMesh Pro/Shaders/TMP_Bitmap-Custom-Atlas.shader
  artifactKey: Guid(48bb5f55d8670e349b6e614913f9d910) Importer(2089858483,0ecaa5967403d082aa24f35e1b516d23)
Start importing Assets/TextMesh Pro/Shaders/TMP_Bitmap-Custom-Atlas.shader using Guid(48bb5f55d8670e349b6e614913f9d910) Importer(2089858483,0ecaa5967403d082aa24f35e1b516d23) [PhysX] Initialized MultithreadedTaskDispatcher with 16 workers.
 -> (artifact id: '18ccf9c0ce0a16eab013f3288d5f522d') in 0.004641 seconds
Number of updated asset objects reloaded before import = 0
Number of asset objects unloaded after import = 1
========================================================================
Received Import Request.
  Time since last request: 0.000019 seconds.
  path: Assets/TextMesh Pro/Examples & Extras/Scripts/TeleType.cs
  artifactKey: Guid(e32c266ee6204b21a427753cb0694c81) Importer(2089858483,0ecaa5967403d082aa24f35e1b516d23)
Start importing Assets/TextMesh Pro/Examples & Extras/Scripts/TeleType.cs using Guid(e32c266ee6204b21a427753cb0694c81) Importer(2089858483,0ecaa5967403d082aa24f35e1b516d23) [PhysX] Initialized MultithreadedTaskDispatcher with 16 workers.
 -> (artifact id: 'baf8dc982e3774d2cbf07bfb389f4bca') in 0.003963 seconds
Number of updated asset objects reloaded before import = 0
Number of asset objects unloaded after import = 1
========================================================================
Received Import Request.
  Time since last request: 0.000020 seconds.
  path: Assets/TextMesh Pro/Examples & Extras/Scripts/VertexJitter.cs
  artifactKey: Guid(2ed57967c52645d390a89dcf8f61ba73) Importer(2089858483,0ecaa5967403d082aa24f35e1b516d23)
Start importing Assets/TextMesh Pro/Examples & Extras/Scripts/VertexJitter.cs using Guid(2ed57967c52645d390a89dcf8f61ba73) Importer(2089858483,0ecaa5967403d082aa24f35e1b516d23) [PhysX] Initialized MultithreadedTaskDispatcher with 16 workers.
 -> (artifact id: '46939f19b2fa3e8951122f0d586cb4f3') in 0.003657 seconds
Number of updated asset objects reloaded before import = 0
Number of asset objects unloaded after import = 1
========================================================================
Received Import Request.
  Time since last request: 0.000022 seconds.
  path: Assets/TextMesh Pro/Examples & Extras/Resources/Fonts & Materials/LiberationSans SDF - Metalic Green.mat
  artifactKey: Guid(8b29aaa3eec7468097ff07adfcf29ac9) Importer(2089858483,0ecaa5967403d082aa24f35e1b516d23)
Start importing Assets/TextMesh Pro/Examples & Extras/Resources/Fonts & Materials/LiberationSans SDF - Metalic Green.mat using Guid(8b29aaa3eec7468097ff07adfcf29ac9) Importer(2089858483,0ecaa5967403d082aa24f35e1b516d23) [PhysX] Initialized MultithreadedTaskDispatcher with 16 workers.
 -> (artifact id: '51c3742d845c4d93963d11ecf027b883') in 0.019404 seconds
Number of updated asset objects reloaded before import = 0
Number of asset objects unloaded after import = 4
========================================================================
Received Import Request.
  Time since last request: 0.000017 seconds.
  path: Assets/TextMesh Pro/Examples & Extras/Scenes/13 - Soft Hyphenation.unity
  artifactKey: Guid(875684baf40f4d008ce806d03e2a81b2) Importer(2089858483,0ecaa5967403d082aa24f35e1b516d23)
Start importing Assets/TextMesh Pro/Examples & Extras/Scenes/13 - Soft Hyphenation.unity using Guid(875684baf40f4d008ce806d03e2a81b2) Importer(2089858483,0ecaa5967403d082aa24f35e1b516d23) [PhysX] Initialized MultithreadedTaskDispatcher with 16 workers.
 -> (artifact id: '94b1648fbddcb6262cdc6e3e2112ee02') in 0.002309 seconds
Number of updated asset objects reloaded before import = 0
Number of asset objects unloaded after import = 1
========================================================================
Received Import Request.
  Time since last request: 0.000016 seconds.
  path: Assets/TextMesh Pro/Resources/Fonts & Materials
  artifactKey: Guid(731f1baa9d144a9897cb1d341c2092b8) Importer(2089858483,0ecaa5967403d082aa24f35e1b516d23)
Start importing Assets/TextMesh Pro/Resources/Fonts & Materials using Guid(731f1baa9d144a9897cb1d341c2092b8) Importer(2089858483,0ecaa5967403d082aa24f35e1b516d23) [PhysX] Initialized MultithreadedTaskDispatcher with 16 workers.
 -> (artifact id: '5d5501a21243edc5c8a27747668fe78d') in 0.002865 seconds
Number of updated asset objects reloaded before import = 0
Number of asset objects unloaded after import = 1
========================================================================
Received Import Request.
  Time since last request: 0.000019 seconds.
  path: Assets/TextMesh Pro/Examples & Extras/Textures/Floor Tiles 1 - diffuse.jpg
  artifactKey: Guid(85ac55597b97403c82fc6601a93cf241) Importer(2089858483,0ecaa5967403d082aa24f35e1b516d23)
Start importing Assets/TextMesh Pro/Examples & Extras/Textures/Floor Tiles 1 - diffuse.jpg using Guid(85ac55597b97403c82fc6601a93cf241) Importer(2089858483,0ecaa5967403d082aa24f35e1b516d23) [PhysX] Initialized MultithreadedTaskDispatcher with 16 workers.
 -> (artifact id: '914e03204a0a851ec545da93624a7ec7') in 0.008400 seconds
Number of updated asset objects reloaded before import = 0
Number of asset objects unloaded after import = 1
========================================================================
Received Import Request.
  Time since last request: 0.000018 seconds.
  path: Assets/TextMesh Pro/Examples & Extras/Scenes/07 - Superscript & Subscript Example.unity
  artifactKey: Guid(03ec435d4b7140e9b2d87f79136d8374) Importer(2089858483,0ecaa5967403d082aa24f35e1b516d23)
Start importing Assets/TextMesh Pro/Examples & Extras/Scenes/07 - Superscript & Subscript Example.unity using Guid(03ec435d4b7140e9b2d87f79136d8374) Importer(2089858483,0ecaa5967403d082aa24f35e1b516d23) [PhysX] Initialized MultithreadedTaskDispatcher with 16 workers.
 -> (artifact id: '09414d40f02a41139371fb9db9d7976a') in 0.004338 seconds
Number of updated asset objects reloaded before import = 0
Number of asset objects unloaded after import = 1
========================================================================
Received Import Request.
  Time since last request: 0.000019 seconds.
  path: Assets/TextMesh Pro/Examples & Extras/Textures
  artifactKey: Guid(6e5c6d5e25574122a7a12dbdbbeed156) Importer(2089858483,0ecaa5967403d082aa24f35e1b516d23)
Start importing Assets/TextMesh Pro/Examples & Extras/Textures using Guid(6e5c6d5e25574122a7a12dbdbbeed156) Importer(2089858483,0ecaa5967403d082aa24f35e1b516d23) [PhysX] Initialized MultithreadedTaskDispatcher with 16 workers.
 -> (artifact id: '093a2c74d71463cfbd1295d5ed4e6d6b') in 0.003063 seconds
Number of updated asset objects reloaded before import = 0
Number of asset objects unloaded after import = 1
========================================================================
Received Import Request.
  Time since last request: 0.000030 seconds.
  path: Assets/TextMesh Pro/Documentation/TextMesh Pro User Guide 2016.pdf
  artifactKey: Guid(1b8d251f9af63b746bf2f7ffe00ebb9b) Importer(2089858483,0ecaa5967403d082aa24f35e1b516d23)
Start importing Assets/TextMesh Pro/Documentation/TextMesh Pro User Guide 2016.pdf using Guid(1b8d251f9af63b746bf2f7ffe00ebb9b) Importer(2089858483,0ecaa5967403d082aa24f35e1b516d23) [PhysX] Initialized MultithreadedTaskDispatcher with 16 workers.
 -> (artifact id: '50480f2835fb5ec72347df2aefcae3c3') in 0.004261 seconds
Number of updated asset objects reloaded before import = 0
Number of asset objects unloaded after import = 1
========================================================================
Received Import Request.
  Time since last request: 0.000029 seconds.
  path: Assets/TextMesh Pro/Shaders/TMP_Sprite.shader
  artifactKey: Guid(cf81c85f95fe47e1a27f6ae460cf182c) Importer(2089858483,0ecaa5967403d082aa24f35e1b516d23)
Start importing Assets/TextMesh Pro/Shaders/TMP_Sprite.shader using Guid(cf81c85f95fe47e1a27f6ae460cf182c) Importer(2089858483,0ecaa5967403d082aa24f35e1b516d23) [PhysX] Initialized MultithreadedTaskDispatcher with 16 workers.
 -> (artifact id: '2f4cad1f4cac8b50c0fb59b5ee4aaa60') in 0.005469 seconds
Number of updated asset objects reloaded before import = 0
Number of asset objects unloaded after import = 1
========================================================================
Received Import Request.
  Time since last request: 0.000020 seconds.
  path: Assets/TextMesh Pro/Examples & Extras/Scripts/TextMeshProFloatingText.cs
  artifactKey: Guid(a4d4c76e63944cba8c7d00f56334b98c) Importer(2089858483,0ecaa5967403d082aa24f35e1b516d23)
Start importing Assets/TextMesh Pro/Examples & Extras/Scripts/TextMeshProFloatingText.cs using Guid(a4d4c76e63944cba8c7d00f56334b98c) Importer(2089858483,0ecaa5967403d082aa24f35e1b516d23) [PhysX] Initialized MultithreadedTaskDispatcher with 16 workers.
 -> (artifact id: '99d6b2db5aa6865d81ff393b91c50fd1') in 0.005090 seconds
Number of updated asset objects reloaded before import = 0
Number of asset objects unloaded after import = 1
========================================================================
Received Import Request.
  Time since last request: 0.000019 seconds.
  path: Assets/TextMesh Pro/Sprites/EmojiOne Attribution.txt
  artifactKey: Guid(381dcb09d5029d14897e55f98031fca5) Importer(2089858483,0ecaa5967403d082aa24f35e1b516d23)
Start importing Assets/TextMesh Pro/Sprites/EmojiOne Attribution.txt using Guid(381dcb09d5029d14897e55f98031fca5) Importer(2089858483,0ecaa5967403d082aa24f35e1b516d23) [PhysX] Initialized MultithreadedTaskDispatcher with 16 workers.
 -> (artifact id: 'ad4b69282d4f24ba02e05cfd6e8143e7') in 0.003122 seconds
Number of updated asset objects reloaded before import = 0
Number of asset objects unloaded after import = 1
========================================================================
Received Import Request.
  Time since last request: 0.000018 seconds.
  path: Assets/TextMesh Pro/Shaders/TMP_SDF-Mobile Masking.shader
  artifactKey: Guid(bc1ede39bf3643ee8e493720e4259791) Importer(2089858483,0ecaa5967403d082aa24f35e1b516d23)
Start importing Assets/TextMesh Pro/Shaders/TMP_SDF-Mobile Masking.shader using Guid(bc1ede39bf3643ee8e493720e4259791) Importer(2089858483,0ecaa5967403d082aa24f35e1b516d23) [PhysX] Initialized MultithreadedTaskDispatcher with 16 workers.
 -> (artifact id: '44639c8a75ddbdbedccb299b31164bee') in 0.005272 seconds
Number of updated asset objects reloaded before import = 0
Number of asset objects unloaded after import = 1
========================================================================
Received Import Request.
  Time since last request: 0.000029 seconds.
  path: Assets/TextMesh Pro/Examples & Extras/Prefabs/TextMeshPro - Prefab 2.prefab
  artifactKey: Guid(fdad9d952ae84cafb74c63f2e694d042) Importer(2089858483,0ecaa5967403d082aa24f35e1b516d23)
Start importing Assets/TextMesh Pro/Examples & Extras/Prefabs/TextMeshPro - Prefab 2.prefab using Guid(fdad9d952ae84cafb74c63f2e694d042) Importer(2089858483,0ecaa5967403d082aa24f35e1b516d23) [PhysX] Initialized MultithreadedTaskDispatcher with 16 workers.
 -> (artifact id: '7a0202c6e319d1f49be7f1826c3cecd3') in 0.003162 seconds
Number of updated asset objects reloaded before import = 0
Number of asset objects unloaded after import = 0
========================================================================
Received Import Request.
  Time since last request: 0.000018 seconds.
  path: Assets/TextMesh Pro/Resources/Style Sheets
  artifactKey: Guid(4aecb92fff08436c8303b10eab8da368) Importer(2089858483,0ecaa5967403d082aa24f35e1b516d23)
Start importing Assets/TextMesh Pro/Resources/Style Sheets using Guid(4aecb92fff08436c8303b10eab8da368) Importer(2089858483,0ecaa5967403d082aa24f35e1b516d23) [PhysX] Initialized MultithreadedTaskDispatcher with 16 workers.
 -> (artifact id: '89c024c0db2c6a23ca540ac452ab9149') in 0.002267 seconds
Number of updated asset objects reloaded before import = 0
Number of asset objects unloaded after import = 1
========================================================================
Received Import Request.
  Time since last request: 0.000018 seconds.
  path: Assets/TextMesh Pro/Fonts/LiberationSans.ttf
  artifactKey: Guid(e3265ab4bf004d28a9537516768c1c75) Importer(2089858483,0ecaa5967403d082aa24f35e1b516d23)
Start importing Assets/TextMesh Pro/Fonts/LiberationSans.ttf using Guid(e3265ab4bf004d28a9537516768c1c75) Importer(2089858483,0ecaa5967403d082aa24f35e1b516d23) [PhysX] Initialized MultithreadedTaskDispatcher with 16 workers.
 -> (artifact id: '602a1fd9c60942867f7867c9ce5f73a0') in 0.014045 seconds
Number of updated asset objects reloaded before import = 0
Number of asset objects unloaded after import = 3
========================================================================
Received Import Request.
  Time since last request: 0.000030 seconds.
  path: Assets/TextMesh Pro/Examples & Extras/Textures/Small Crate_diffuse.jpg
  artifactKey: Guid(602cb87b6a29443b8636370ea0751574) Importer(2089858483,0ecaa5967403d082aa24f35e1b516d23)
Start importing Assets/TextMesh Pro/Examples & Extras/Textures/Small Crate_diffuse.jpg using Guid(602cb87b6a29443b8636370ea0751574) Importer(2089858483,0ecaa5967403d082aa24f35e1b516d23) [PhysX] Initialized MultithreadedTaskDispatcher with 16 workers.
 -> (artifact id: '0402c9f3011c607146e4fc16013d38b2') in 0.008132 seconds
Number of updated asset objects reloaded before import = 0
Number of asset objects unloaded after import = 1
========================================================================
Received Import Request.
  Time since last request: 0.000022 seconds.
  path: Assets/TextMesh Pro/Shaders/TMP_SDF-Mobile.shader
  artifactKey: Guid(fe393ace9b354375a9cb14cdbbc28be4) Importer(2089858483,0ecaa5967403d082aa24f35e1b516d23)
Start importing Assets/TextMesh Pro/Shaders/TMP_SDF-Mobile.shader using Guid(fe393ace9b354375a9cb14cdbbc28be4) Importer(2089858483,0ecaa5967403d082aa24f35e1b516d23) [PhysX] Initialized MultithreadedTaskDispatcher with 16 workers.
 -> (artifact id: '13ae207db725351dc19eba569f051786') in 0.003883 seconds
Number of updated asset objects reloaded before import = 0
Number of asset objects unloaded after import = 1
========================================================================
Received Import Request.
  Time since last request: 0.000021 seconds.
  path: Assets/TextMesh Pro/Resources/TMP Settings.asset
  artifactKey: Guid(3f5b5dff67a942289a9defa416b206f3) Importer(2089858483,0ecaa5967403d082aa24f35e1b516d23)
Start importing Assets/TextMesh Pro/Resources/TMP Settings.asset using Guid(3f5b5dff67a942289a9defa416b206f3) Importer(2089858483,0ecaa5967403d082aa24f35e1b516d23) [PhysX] Initialized MultithreadedTaskDispatcher with 16 workers.
 -> (artifact id: '8e5a535f91b0ca88e6a90051e6b327fd') in 0.047005 seconds
Number of updated asset objects reloaded before import = 0
Number of asset objects unloaded after import = 15
========================================================================
Received Import Request.
  Time since last request: 0.000022 seconds.
  path: Assets/TextMesh Pro/Resources/Fonts & Materials/LiberationSans SDF - Fallback.asset
  artifactKey: Guid(2e498d1c8094910479dc3e1b768306a4) Importer(2089858483,0ecaa5967403d082aa24f35e1b516d23)
Start importing Assets/TextMesh Pro/Resources/Fonts & Materials/LiberationSans SDF - Fallback.asset using Guid(2e498d1c8094910479dc3e1b768306a4) Importer(2089858483,0ecaa5967403d082aa24f35e1b516d23) [PhysX] Initialized MultithreadedTaskDispatcher with 16 workers.
 -> (artifact id: 'e385d7beb1ee59165bb6f0802115f8c1') in 0.020037 seconds
Number of updated asset objects reloaded before import = 0
Number of asset objects unloaded after import = 5
========================================================================
Received Import Request.
  Time since last request: 0.000031 seconds.
  path: Assets/TextMesh Pro/Examples & Extras/Scripts/Benchmark03.cs
  artifactKey: Guid(a73109742c8d47ac822895a473300c29) Importer(2089858483,0ecaa5967403d082aa24f35e1b516d23)
Start importing Assets/TextMesh Pro/Examples & Extras/Scripts/Benchmark03.cs using Guid(a73109742c8d47ac822895a473300c29) Importer(2089858483,0ecaa5967403d082aa24f35e1b516d23) [PhysX] Initialized MultithreadedTaskDispatcher with 16 workers.
 -> (artifact id: '7062f9496def9d8b4a897b83d6ee3b98') in 0.005437 seconds
Number of updated asset objects reloaded before import = 0
Number of asset objects unloaded after import = 1
========================================================================
Received Import Request.
  Time since last request: 0.000021 seconds.
  path: Assets/TextMesh Pro/Examples & Extras/Scenes/17 - Old Computer Terminal.unity
  artifactKey: Guid(3e2e4d7b0bed4cf9ab827e9f32448f69) Importer(2089858483,0ecaa5967403d082aa24f35e1b516d23)
Start importing Assets/TextMesh Pro/Examples & Extras/Scenes/17 - Old Computer Terminal.unity using Guid(3e2e4d7b0bed4cf9ab827e9f32448f69) Importer(2089858483,0ecaa5967403d082aa24f35e1b516d23) [PhysX] Initialized MultithreadedTaskDispatcher with 16 workers.
 -> (artifact id: '1f99285a9a24a018ca8be503bf2d11aa') in 0.002651 seconds
Number of updated asset objects reloaded before import = 0
Number of asset objects unloaded after import = 1
========================================================================
Received Import Request.
  Time since last request: 0.000038 seconds.
  path: Assets/TextMesh Pro/Examples & Extras/Resources/Fonts & Materials/Anton SDF - Drop Shadow.mat
  artifactKey: Guid(749b9069dc4742c5bfa5c74644049926) Importer(2089858483,0ecaa5967403d082aa24f35e1b516d23)
Start importing Assets/TextMesh Pro/Examples & Extras/Resources/Fonts & Materials/Anton SDF - Drop Shadow.mat using Guid(749b9069dc4742c5bfa5c74644049926) Importer(2089858483,0ecaa5967403d082aa24f35e1b516d23) [PhysX] Initialized MultithreadedTaskDispatcher with 16 workers.
 -> (artifact id: '1b9772e0f97a67dd036f3b8576f2eeb4') in 0.006334 seconds
Number of updated asset objects reloaded before import = 0
Number of asset objects unloaded after import = 2
========================================================================
Received Import Request.
  Time since last request: 0.000022 seconds.
  path: Assets/TextMesh Pro/Examples & Extras/Scripts/TextMeshSpawner.cs
  artifactKey: Guid(76c11bbcfddf44e0ba17d6c2751c8d84) Importer(2089858483,0ecaa5967403d082aa24f35e1b516d23)
Start importing Assets/TextMesh Pro/Examples & Extras/Scripts/TextMeshSpawner.cs using Guid(76c11bbcfddf44e0ba17d6c2751c8d84) Importer(2089858483,0ecaa5967403d082aa24f35e1b516d23) [PhysX] Initialized MultithreadedTaskDispatcher with 16 workers.
 -> (artifact id: '2f22e93fa5e6923658fa8976ec3cfee7') in 0.004794 seconds
Number of updated asset objects reloaded before import = 0
Number of asset objects unloaded after import = 1
========================================================================
Received Import Request.
  Time since last request: 0.000022 seconds.
  path: Assets/TextMesh Pro/Shaders/TMP_Bitmap-Mobile.shader
  artifactKey: Guid(1e3b057af24249748ff873be7fafee47) Importer(2089858483,0ecaa5967403d082aa24f35e1b516d23)
Start importing Assets/TextMesh Pro/Shaders/TMP_Bitmap-Mobile.shader using Guid(1e3b057af24249748ff873be7fafee47) Importer(2089858483,0ecaa5967403d082aa24f35e1b516d23) [PhysX] Initialized MultithreadedTaskDispatcher with 16 workers.
 -> (artifact id: '430d780d548ce3549f286270786775d2') in 0.003411 seconds
Number of updated asset objects reloaded before import = 0
Number of asset objects unloaded after import = 1
========================================================================
Received Import Request.
  Time since last request: 0.000027 seconds.
  path: Assets/TextMesh Pro/Resources/Sprite Assets/EmojiOne.asset
  artifactKey: Guid(c41005c129ba4d66911b75229fd70b45) Importer(2089858483,0ecaa5967403d082aa24f35e1b516d23)
Start importing Assets/TextMesh Pro/Resources/Sprite Assets/EmojiOne.asset using Guid(c41005c129ba4d66911b75229fd70b45) Importer(2089858483,0ecaa5967403d082aa24f35e1b516d23) [PhysX] Initialized MultithreadedTaskDispatcher with 16 workers.
 -> (artifact id: '8211f2ad24900337456bb084fd1b064a') in 0.012759 seconds
Number of updated asset objects reloaded before import = 0
Number of asset objects unloaded after import = 3
========================================================================
Received Import Request.
  Time since last request: 0.000021 seconds.
  path: Assets/TextMesh Pro/Shaders
  artifactKey: Guid(e9f693669af91aa45ad615fc681ed29f) Importer(2089858483,0ecaa5967403d082aa24f35e1b516d23)
Start importing Assets/TextMesh Pro/Shaders using Guid(e9f693669af91aa45ad615fc681ed29f) Importer(2089858483,0ecaa5967403d082aa24f35e1b516d23) [PhysX] Initialized MultithreadedTaskDispatcher with 16 workers.
 -> (artifact id: '54102d88ff5cd65e46e848a24676e382') in 0.002988 seconds
Number of updated asset objects reloaded before import = 0
Number of asset objects unloaded after import = 1
========================================================================
Received Import Request.
  Time since last request: 0.000018 seconds.
  path: Assets/TextMesh Pro/Examples & Extras/Scenes/21 - Script Example.unity
  artifactKey: Guid(50f52f9274434ecfb34dd87f0836f323) Importer(2089858483,0ecaa5967403d082aa24f35e1b516d23)
Start importing Assets/TextMesh Pro/Examples & Extras/Scenes/21 - Script Example.unity using Guid(50f52f9274434ecfb34dd87f0836f323) Importer(2089858483,0ecaa5967403d082aa24f35e1b516d23) [PhysX] Initialized MultithreadedTaskDispatcher with 16 workers.
 -> (artifact id: '43323c10b8032aafe5189e6cb17ffdc2') in 0.003659 seconds
Number of updated asset objects reloaded before import = 0
Number of asset objects unloaded after import = 1
========================================================================
Received Import Request.
  Time since last request: 0.015765 seconds.
  path: Assets/TextMesh Pro/Examples & Extras/Textures/Sunny Days - Seamless.jpg
  artifactKey: Guid(17c350171f7a3ca479f830547c66d187) Importer(2089858483,0ecaa5967403d082aa24f35e1b516d23)
Start importing Assets/TextMesh Pro/Examples & Extras/Textures/Sunny Days - Seamless.jpg using Guid(17c350171f7a3ca479f830547c66d187) Importer(2089858483,0ecaa5967403d082aa24f35e1b516d23) [PhysX] Initialized MultithreadedTaskDispatcher with 16 workers.
 -> (artifact id: 'a894cbae35ca36afd3f5a0c0dbe41e7c') in 0.011766 seconds
Number of updated asset objects reloaded before import = 0
Number of asset objects unloaded after import = 1
========================================================================
Received Import Request.
  Time since last request: 0.012798 seconds.
  path: Assets/TextMesh Pro/Examples & Extras/Textures/Text Overflow - Linked Text UI Screenshot.png
  artifactKey: Guid(c76d18757a194d618355f05f815cb0a1) Importer(2089858483,0ecaa5967403d082aa24f35e1b516d23)
Start importing Assets/TextMesh Pro/Examples & Extras/Textures/Text Overflow - Linked Text UI Screenshot.png using Guid(c76d18757a194d618355f05f815cb0a1) Importer(2089858483,0ecaa5967403d082aa24f35e1b516d23) [PhysX] Initialized MultithreadedTaskDispatcher with 16 workers.
 -> (artifact id: '81f1f39ccce00fd7dfcc03e15b21c902') in 0.010211 seconds
Number of updated asset objects reloaded before import = 0
Number of asset objects unloaded after import = 1
========================================================================
Received Import Request.
  Time since last request: 0.000021 seconds.
  path: Assets/TextMesh Pro/Shaders/TMPro_Properties.cginc
  artifactKey: Guid(3997e2241185407d80309a82f9148466) Importer(2089858483,0ecaa5967403d082aa24f35e1b516d23)
Start importing Assets/TextMesh Pro/Shaders/TMPro_Properties.cginc using Guid(3997e2241185407d80309a82f9148466) Importer(2089858483,0ecaa5967403d082aa24f35e1b516d23) [PhysX] Initialized MultithreadedTaskDispatcher with 16 workers.
 -> (artifact id: '47a6daa7375bb2c831124a11d9fe515c') in 0.004538 seconds
Number of updated asset objects reloaded before import = 0
Number of asset objects unloaded after import = 1
========================================================================
Received Import Request.
  Time since last request: 0.000019 seconds.
  path: Assets/TextMesh Pro/Fonts/LiberationSans - OFL.txt
  artifactKey: Guid(6e59c59b81ab47f9b6ec5781fa725d2c) Importer(2089858483,0ecaa5967403d082aa24f35e1b516d23)
Start importing Assets/TextMesh Pro/Fonts/LiberationSans - OFL.txt using Guid(6e59c59b81ab47f9b6ec5781fa725d2c) Importer(2089858483,0ecaa5967403d082aa24f35e1b516d23) [PhysX] Initialized MultithreadedTaskDispatcher with 16 workers.
 -> (artifact id: 'e5fce8af47474c02b1c46df134cdb959') in 0.002866 seconds
Number of updated asset objects reloaded before import = 0
Number of asset objects unloaded after import = 1
========================================================================
Received Import Request.
  Time since last request: 0.000021 seconds.
  path: Assets/TextMesh Pro/Examples & Extras/Scripts/ChatController.cs
  artifactKey: Guid(53d91f98a2664f5cb9af11de72ac54ec) Importer(2089858483,0ecaa5967403d082aa24f35e1b516d23)
Start importing Assets/TextMesh Pro/Examples & Extras/Scripts/ChatController.cs using Guid(53d91f98a2664f5cb9af11de72ac54ec) Importer(2089858483,0ecaa5967403d082aa24f35e1b516d23) [PhysX] Initialized MultithreadedTaskDispatcher with 16 workers.
 -> (artifact id: '852f3eff7ad133c786295dd470c55927') in 0.003184 seconds
Number of updated asset objects reloaded before import = 0
Number of asset objects unloaded after import = 1
========================================================================
Received Import Request.
  Time since last request: 0.000016 seconds.
  path: Assets/TextMesh Pro/Examples & Extras/Scenes/19 - Masking Texture & Soft Mask.unity
  artifactKey: Guid(9abcd5bd764646568a6ea70d00f9264c) Importer(2089858483,0ecaa5967403d082aa24f35e1b516d23)
Start importing Assets/TextMesh Pro/Examples & Extras/Scenes/19 - Masking Texture & Soft Mask.unity using Guid(9abcd5bd764646568a6ea70d00f9264c) Importer(2089858483,0ecaa5967403d082aa24f35e1b516d23) [PhysX] Initialized MultithreadedTaskDispatcher with 16 workers.
 -> (artifact id: '2cb96279e7efa0ba412ec75b6ff44c03') in 0.003320 seconds
Number of updated asset objects reloaded before import = 0
Number of asset objects unloaded after import = 1
========================================================================
Received Import Request.
  Time since last request: 0.000023 seconds.
  path: Assets/TextMesh Pro/Examples & Extras/Scenes/26 - Dropdown Placeholder Example.unity
  artifactKey: Guid(0851605490a599b46b6ac5cb681d93ea) Importer(2089858483,0ecaa5967403d082aa24f35e1b516d23)
Start importing Assets/TextMesh Pro/Examples & Extras/Scenes/26 - Dropdown Placeholder Example.unity using Guid(0851605490a599b46b6ac5cb681d93ea) Importer(2089858483,0ecaa5967403d082aa24f35e1b516d23) [PhysX] Initialized MultithreadedTaskDispatcher with 16 workers.
 -> (artifact id: '9d5ec0a2123daee5b80d5678f3b9008d') in 0.004014 seconds
Number of updated asset objects reloaded before import = 0
Number of asset objects unloaded after import = 1
========================================================================
Received Import Request.
  Time since last request: 0.000016 seconds.
  path: Assets/TextMesh Pro/Examples & Extras/Resources/Fonts & Materials/Roboto-Bold SDF - Drop Shadow.mat
  artifactKey: Guid(b246c4190f4e46ec9352fe15a7b09ce0) Importer(2089858483,0ecaa5967403d082aa24f35e1b516d23)
Start importing Assets/TextMesh Pro/Examples & Extras/Resources/Fonts & Materials/Roboto-Bold SDF - Drop Shadow.mat using Guid(b246c4190f4e46ec9352fe15a7b09ce0) Importer(2089858483,0ecaa5967403d082aa24f35e1b516d23) [PhysX] Initialized MultithreadedTaskDispatcher with 16 workers.
 -> (artifact id: '82e9e46f7ef2233785f1c21bfda7c922') in 0.004706 seconds
Number of updated asset objects reloaded before import = 0
Number of asset objects unloaded after import = 2
========================================================================
Received Import Request.
  Time since last request: 0.000017 seconds.
  path: Assets/TextMesh Pro/Examples & Extras/Scripts/VertexShakeA.cs
  artifactKey: Guid(f7cfa58e417a46ea8889989684c2522e) Importer(2089858483,0ecaa5967403d082aa24f35e1b516d23)
Start importing Assets/TextMesh Pro/Examples & Extras/Scripts/VertexShakeA.cs using Guid(f7cfa58e417a46ea8889989684c2522e) Importer(2089858483,0ecaa5967403d082aa24f35e1b516d23) [PhysX] Initialized MultithreadedTaskDispatcher with 16 workers.
 -> (artifact id: 'b2a1c08761ce20d55712614b2160c81d') in 0.004038 seconds
Number of updated asset objects reloaded before import = 0
Number of asset objects unloaded after import = 1
========================================================================
Received Import Request.
  Time since last request: 0.000027 seconds.
  path: Assets/TextMesh Pro/Shaders/TMP_SDF-Surface-Mobile.shader
  artifactKey: Guid(85187c2149c549c5b33f0cdb02836b17) Importer(2089858483,0ecaa5967403d082aa24f35e1b516d23)
Start importing Assets/TextMesh Pro/Shaders/TMP_SDF-Surface-Mobile.shader using Guid(85187c2149c549c5b33f0cdb02836b17) Importer(2089858483,0ecaa5967403d082aa24f35e1b516d23) [PhysX] Initialized MultithreadedTaskDispatcher with 16 workers.
 -> (artifact id: '5a05ae04c2d33dd38647fde0f9de287b') in 0.005438 seconds
Number of updated asset objects reloaded before import = 0
Number of asset objects unloaded after import = 1
========================================================================
Received Import Request.
  Time since last request: 0.000017 seconds.
  path: Assets/TextMesh Pro/Examples & Extras/Scenes/04 - Word Wrapping.unity
  artifactKey: Guid(8f7137eacd7042d5b17ef0efe5e744f5) Importer(2089858483,0ecaa5967403d082aa24f35e1b516d23)
Start importing Assets/TextMesh Pro/Examples & Extras/Scenes/04 - Word Wrapping.unity using Guid(8f7137eacd7042d5b17ef0efe5e744f5) Importer(2089858483,0ecaa5967403d082aa24f35e1b516d23) [PhysX] Initialized MultithreadedTaskDispatcher with 16 workers.
 -> (artifact id: '079f5594c47d04ba54c997c83838934e') in 0.003213 seconds
Number of updated asset objects reloaded before import = 0
Number of asset objects unloaded after import = 1
========================================================================
Received Import Request.
  Time since last request: 0.000022 seconds.
  path: Assets/TextMesh Pro/Examples & Extras/Resources/Fonts & Materials/Oswald Bold SDF.asset
  artifactKey: Guid(0161d805a3764c089bef00bfe00793f5) Importer(2089858483,0ecaa5967403d082aa24f35e1b516d23)
Start importing Assets/TextMesh Pro/Examples & Extras/Resources/Fonts & Materials/Oswald Bold SDF.asset using Guid(0161d805a3764c089bef00bfe00793f5) Importer(2089858483,0ecaa5967403d082aa24f35e1b516d23) [PhysX] Initialized MultithreadedTaskDispatcher with 16 workers.
 -> (artifact id: 'c5cccf9bb4437004c3cb88dbb5294aea') in 0.014553 seconds
Number of updated asset objects reloaded before import = 0
Number of asset objects unloaded after import = 5
========================================================================
Received Import Request.
  Time since last request: 0.106647 seconds.
  path: Assets/TextMesh Pro/Examples & Extras/Resources/Fonts & Materials/Bangers SDF.asset
  artifactKey: Guid(125cb55b44b24c4393181402bc6200e6) Importer(2089858483,0ecaa5967403d082aa24f35e1b516d23)
Start importing Assets/TextMesh Pro/Examples & Extras/Resources/Fonts & Materials/Bangers SDF.asset using Guid(125cb55b44b24c4393181402bc6200e6) Importer(2089858483,0ecaa5967403d082aa24f35e1b516d23) [PhysX] Initialized MultithreadedTaskDispatcher with 16 workers.
 -> (artifact id: '76db8cdb768b7f243490d8c05010d57a') in 0.010418 seconds
Number of updated asset objects reloaded before import = 0
Number of asset objects unloaded after import = 5
========================================================================
Received Import Request.
  Time since last request: 0.000027 seconds.
  path: Assets/TextMesh Pro/Examples & Extras/Fonts/Anton OFL.txt
  artifactKey: Guid(73a79399807f4e8388c2cbb5494681ca) Importer(2089858483,0ecaa5967403d082aa24f35e1b516d23)
Start importing Assets/TextMesh Pro/Examples & Extras/Fonts/Anton OFL.txt using Guid(73a79399807f4e8388c2cbb5494681ca) Importer(2089858483,0ecaa5967403d082aa24f35e1b516d23) [PhysX] Initialized MultithreadedTaskDispatcher with 16 workers.
 -> (artifact id: '8779eb7d0799817a6675136885d07b0f') in 0.003828 seconds
Number of updated asset objects reloaded before import = 0
Number of asset objects unloaded after import = 1
========================================================================
Received Import Request.
  Time since last request: 0.000022 seconds.
  path: Assets/TextMesh Pro/Examples & Extras/Scenes/12a - Text Interactions.unity
  artifactKey: Guid(08572ab7713642c8a60789750f0bce5c) Importer(2089858483,0ecaa5967403d082aa24f35e1b516d23)
Start importing Assets/TextMesh Pro/Examples & Extras/Scenes/12a - Text Interactions.unity using Guid(08572ab7713642c8a60789750f0bce5c) Importer(2089858483,0ecaa5967403d082aa24f35e1b516d23) [PhysX] Initialized MultithreadedTaskDispatcher with 16 workers.
 -> (artifact id: 'b91149b8193861ef28a81fc4cafaee5f') in 0.002679 seconds
Number of updated asset objects reloaded before import = 0
Number of asset objects unloaded after import = 1
========================================================================
Received Import Request.
  Time since last request: 0.000018 seconds.
  path: Assets/TextMesh Pro/Examples & Extras/Scripts/ShaderPropAnimator.cs
  artifactKey: Guid(2787a46a4dc848c1b4b7b9307b614bfd) Importer(2089858483,0ecaa5967403d082aa24f35e1b516d23)
Start importing Assets/TextMesh Pro/Examples & Extras/Scripts/ShaderPropAnimator.cs using Guid(2787a46a4dc848c1b4b7b9307b614bfd) Importer(2089858483,0ecaa5967403d082aa24f35e1b516d23) [PhysX] Initialized MultithreadedTaskDispatcher with 16 workers.
 -> (artifact id: 'f8966af6879957506f17fc0c6e0fc1f1') in 0.003842 seconds
Number of updated asset objects reloaded before import = 0
Number of asset objects unloaded after import = 1
========================================================================
Received Import Request.
  Time since last request: 0.000070 seconds.
  path: Assets/TextMesh Pro/Examples & Extras/Prefabs/TextMeshPro - Prefab 1.prefab
  artifactKey: Guid(a6e39ced0ea046bcb636c3f0b2e2a745) Importer(2089858483,0ecaa5967403d082aa24f35e1b516d23)
Start importing Assets/TextMesh Pro/Examples & Extras/Prefabs/TextMeshPro - Prefab 1.prefab using Guid(a6e39ced0ea046bcb636c3f0b2e2a745) Importer(2089858483,0ecaa5967403d082aa24f35e1b516d23) [PhysX] Initialized MultithreadedTaskDispatcher with 16 workers.
 -> (artifact id: 'd0dc3507c6e793ce2be0aef8776981fc') in 0.005317 seconds
Number of updated asset objects reloaded before import = 0
Number of asset objects unloaded after import = 0
========================================================================
Received Import Request.
  Time since last request: 0.000041 seconds.
  path: Assets/TextMesh Pro/Examples & Extras/Scripts/DropdownSample.cs
  artifactKey: Guid(ac1eb05af6d391b4eb0f4c070a99f1d0) Importer(2089858483,0ecaa5967403d082aa24f35e1b516d23)
Start importing Assets/TextMesh Pro/Examples & Extras/Scripts/DropdownSample.cs using Guid(ac1eb05af6d391b4eb0f4c070a99f1d0) Importer(2089858483,0ecaa5967403d082aa24f35e1b516d23) [PhysX] Initialized MultithreadedTaskDispatcher with 16 workers.
 -> (artifact id: '71502d5c6daae3d05005dd00b24ba62c') in 0.003475 seconds
Number of updated asset objects reloaded before import = 0
Number of asset objects unloaded after import = 1
========================================================================
Received Import Request.
  Time since last request: 0.000014 seconds.
  path: Assets/TextMesh Pro/Examples & Extras/Scenes/Benchmark (Floating Text).unity
  artifactKey: Guid(16177da2e3254cee91944756d5f8ddd3) Importer(2089858483,0ecaa5967403d082aa24f35e1b516d23)
Start importing Assets/TextMesh Pro/Examples & Extras/Scenes/Benchmark (Floating Text).unity using Guid(16177da2e3254cee91944756d5f8ddd3) Importer(2089858483,0ecaa5967403d082aa24f35e1b516d23) [PhysX] Initialized MultithreadedTaskDispatcher with 16 workers.
 -> (artifact id: '8e52a960f451e9da1b34c62e2a38baf1') in 0.004308 seconds
Number of updated asset objects reloaded before import = 0
Number of asset objects unloaded after import = 1
========================================================================
Received Import Request.
  Time since last request: 0.000021 seconds.
  path: Assets/TextMesh Pro/Examples & Extras/Textures/Brushed Metal 3.jpg
  artifactKey: Guid(f88677df267a41d6be1e7a6133e7d227) Importer(2089858483,0ecaa5967403d082aa24f35e1b516d23)
Start importing Assets/TextMesh Pro/Examples & Extras/Textures/Brushed Metal 3.jpg using Guid(f88677df267a41d6be1e7a6133e7d227) Importer(2089858483,0ecaa5967403d082aa24f35e1b516d23) [PhysX] Initialized MultithreadedTaskDispatcher with 16 workers.
 -> (artifact id: 'e5063a5e436d52039c559a0c5779becf') in 0.007600 seconds
Number of updated asset objects reloaded before import = 0
Number of asset objects unloaded after import = 1
========================================================================
Received Import Request.
  Time since last request: 0.000019 seconds.
  path: Assets/TextMesh Pro/Examples & Extras/Scenes/12 - Link Example.unity
  artifactKey: Guid(9747140c28254be2adc582210dfb89b8) Importer(2089858483,0ecaa5967403d082aa24f35e1b516d23)
Start importing Assets/TextMesh Pro/Examples & Extras/Scenes/12 - Link Example.unity using Guid(9747140c28254be2adc582210dfb89b8) Importer(2089858483,0ecaa5967403d082aa24f35e1b516d23) [PhysX] Initialized MultithreadedTaskDispatcher with 16 workers.
 -> (artifact id: '4c33679ce2103a44d14bde4fe0781076') in 0.002892 seconds
Number of updated asset objects reloaded before import = 0
Number of asset objects unloaded after import = 1
========================================================================
Received Import Request.
  Time since last request: 0.000021 seconds.
  path: Assets/TextMesh Pro/Examples & Extras/Fonts/Electronic Highway Sign.TTF
  artifactKey: Guid(8a2b9e2a607dd2143b58c44bc32410b4) Importer(2089858483,0ecaa5967403d082aa24f35e1b516d23)
Start importing Assets/TextMesh Pro/Examples & Extras/Fonts/Electronic Highway Sign.TTF using Guid(8a2b9e2a607dd2143b58c44bc32410b4) Importer(2089858483,0ecaa5967403d082aa24f35e1b516d23) [PhysX] Initialized MultithreadedTaskDispatcher with 16 workers.
 -> (artifact id: '7eb811faeb6b00e82b697b7c48bdcc62') in 0.006445 seconds
Number of updated asset objects reloaded before import = 0
Number of asset objects unloaded after import = 3
========================================================================
Received Import Request.
  Time since last request: 0.000033 seconds.
  path: Assets/TextMesh Pro/Examples & Extras/Materials/Ground - Surface Shader Scene.mat
  artifactKey: Guid(aadd5a709a48466c887296bb5b1b8110) Importer(2089858483,0ecaa5967403d082aa24f35e1b516d23)
Start importing Assets/TextMesh Pro/Examples & Extras/Materials/Ground - Surface Shader Scene.mat using Guid(aadd5a709a48466c887296bb5b1b8110) Importer(2089858483,0ecaa5967403d082aa24f35e1b516d23) [PhysX] Initialized MultithreadedTaskDispatcher with 16 workers.
 -> (artifact id: '4593c7b5f94252cbe03f1c7ccd80e2fc') in 0.005286 seconds
Number of updated asset objects reloaded before import = 0
Number of asset objects unloaded after import = 2
========================================================================
Received Import Request.
  Time since last request: 0.000017 seconds.
  path: Assets/TextMesh Pro/Examples & Extras/Resources/Color Gradient Presets/Dark to Light Green - Vertical.asset
  artifactKey: Guid(4c86a3366cd840348ebe8dc438570ee4) Importer(2089858483,0ecaa5967403d082aa24f35e1b516d23)
Start importing Assets/TextMesh Pro/Examples & Extras/Resources/Color Gradient Presets/Dark to Light Green - Vertical.asset using Guid(4c86a3366cd840348ebe8dc438570ee4) Importer(2089858483,0ecaa5967403d082aa24f35e1b516d23) [PhysX] Initialized MultithreadedTaskDispatcher with 16 workers.
 -> (artifact id: 'b7d4e49fc7ecbfd3b9e6c01c02b53584') in 0.004818 seconds
Number of updated asset objects reloaded before import = 0
Number of asset objects unloaded after import = 1
========================================================================
Received Import Request.
  Time since last request: 0.000017 seconds.
  path: Assets/TextMesh Pro/Examples & Extras/Scenes/03 - Line Justification.unity
  artifactKey: Guid(21a509e1d3cd49978623fa564adb6f02) Importer(2089858483,0ecaa5967403d082aa24f35e1b516d23)
Start importing Assets/TextMesh Pro/Examples & Extras/Scenes/03 - Line Justification.unity using Guid(21a509e1d3cd49978623fa564adb6f02) Importer(2089858483,0ecaa5967403d082aa24f35e1b516d23) [PhysX] Initialized MultithreadedTaskDispatcher with 16 workers.
 -> (artifact id: 'f3878ae53f230f0add957968f90d1ec9') in 0.004254 seconds
Number of updated asset objects reloaded before import = 0
Number of asset objects unloaded after import = 1
========================================================================
Received Import Request.
  Time since last request: 0.000039 seconds.
  path: Assets/TextMesh Pro/Examples & Extras/Scripts/Benchmark01.cs
  artifactKey: Guid(f970ea55f9f84bf79b05dab180b8c125) Importer(2089858483,0ecaa5967403d082aa24f35e1b516d23)
Start importing Assets/TextMesh Pro/Examples & Extras/Scripts/Benchmark01.cs using Guid(f970ea55f9f84bf79b05dab180b8c125) Importer(2089858483,0ecaa5967403d082aa24f35e1b516d23) [PhysX] Initialized MultithreadedTaskDispatcher with 16 workers.
 -> (artifact id: '5b6d1ae4795143ecb6f8a4f6ec25cf4e') in 0.004225 seconds
Number of updated asset objects reloaded before import = 0
Number of asset objects unloaded after import = 1
========================================================================
Received Import Request.
  Time since last request: 0.000018 seconds.
  path: Assets/TextMesh Pro/Examples & Extras/Scripts/SimpleScript.cs
  artifactKey: Guid(9eff140b25d64601aabc6ba32245d099) Importer(2089858483,0ecaa5967403d082aa24f35e1b516d23)
Start importing Assets/TextMesh Pro/Examples & Extras/Scripts/SimpleScript.cs using Guid(9eff140b25d64601aabc6ba32245d099) Importer(2089858483,0ecaa5967403d082aa24f35e1b516d23) [PhysX] Initialized MultithreadedTaskDispatcher with 16 workers.
 -> (artifact id: 'b04d106639b90c8d95d5d5ae1e35d081') in 0.004396 seconds
Number of updated asset objects reloaded before import = 0
Number of asset objects unloaded after import = 1
========================================================================
Received Import Request.
  Time since last request: 0.000021 seconds.
  path: Assets/TextMesh Pro/Examples & Extras/Scripts/ObjectSpin.cs
  artifactKey: Guid(4f19c7f94c794c5097d8bd11e39c750d) Importer(2089858483,0ecaa5967403d082aa24f35e1b516d23)
Start importing Assets/TextMesh Pro/Examples & Extras/Scripts/ObjectSpin.cs using Guid(4f19c7f94c794c5097d8bd11e39c750d) Importer(2089858483,0ecaa5967403d082aa24f35e1b516d23) [PhysX] Initialized MultithreadedTaskDispatcher with 16 workers.
 -> (artifact id: 'ee3cf7cd6c359012ae9d853b50ebeac9') in 0.003608 seconds
Number of updated asset objects reloaded before import = 0
Number of asset objects unloaded after import = 1
========================================================================
Received Import Request.
  Time since last request: 0.000024 seconds.
  path: Assets/TextMesh Pro/Examples & Extras/Scripts/CameraController.cs
  artifactKey: Guid(2d687537154440a3913a9a3c7977978c) Importer(2089858483,0ecaa5967403d082aa24f35e1b516d23)
Start importing Assets/TextMesh Pro/Examples & Extras/Scripts/CameraController.cs using Guid(2d687537154440a3913a9a3c7977978c) Importer(2089858483,0ecaa5967403d082aa24f35e1b516d23) [PhysX] Initialized MultithreadedTaskDispatcher with 16 workers.
 -> (artifact id: '76c52d75cc093fe2760f1824deaa1176') in 0.003997 seconds
Number of updated asset objects reloaded before import = 0
Number of asset objects unloaded after import = 1
========================================================================
Received Import Request.
  Time since last request: 0.000023 seconds.
  path: Assets/TextMesh Pro/Examples & Extras/Resources/Sprite Assets/DropCap Numbers.asset
  artifactKey: Guid(14aa93acbb234d16aaef0e8b46814db6) Importer(2089858483,0ecaa5967403d082aa24f35e1b516d23)
Start importing Assets/TextMesh Pro/Examples & Extras/Resources/Sprite Assets/DropCap Numbers.asset using Guid(14aa93acbb234d16aaef0e8b46814db6) Importer(2089858483,0ecaa5967403d082aa24f35e1b516d23) [PhysX] Initialized MultithreadedTaskDispatcher with 16 workers.
 -> (artifact id: '28bd8f079a264b8785f0c78ca194056c') in 0.007749 seconds
Number of updated asset objects reloaded before import = 0
Number of asset objects unloaded after import = 3
========================================================================
Received Import Request.
  Time since last request: 0.000022 seconds.
  path: Assets/TextMesh Pro/Examples & Extras/Textures/Floor Cement.jpg
  artifactKey: Guid(283f897e4925411ebbaa758b4cb13fc2) Importer(2089858483,0ecaa5967403d082aa24f35e1b516d23)
Start importing Assets/TextMesh Pro/Examples & Extras/Textures/Floor Cement.jpg using Guid(283f897e4925411ebbaa758b4cb13fc2) Importer(2089858483,0ecaa5967403d082aa24f35e1b516d23) [PhysX] Initialized MultithreadedTaskDispatcher with 16 workers.
 -> (artifact id: '31597359724b75b4fdde251e946ef475') in 0.009153 seconds
Number of updated asset objects reloaded before import = 0
Number of asset objects unloaded after import = 1
========================================================================
Received Import Request.
  Time since last request: 0.000019 seconds.
  path: Assets/TextMesh Pro/Examples & Extras
  artifactKey: Guid(ce51c8e33b734b4db6086586558c53a3) Importer(2089858483,0ecaa5967403d082aa24f35e1b516d23)
Start importing Assets/TextMesh Pro/Examples & Extras using Guid(ce51c8e33b734b4db6086586558c53a3) Importer(2089858483,0ecaa5967403d082aa24f35e1b516d23) [PhysX] Initialized MultithreadedTaskDispatcher with 16 workers.
 -> (artifact id: '17e63d494b4b43fe39102b028d9d7537') in 0.002639 seconds
Number of updated asset objects reloaded before import = 0
Number of asset objects unloaded after import = 1
========================================================================
Received Import Request.
  Time since last request: 0.000036 seconds.
  path: Assets/TextMesh Pro/Examples & Extras/Fonts/Anton.ttf
  artifactKey: Guid(997a43b767814dd0a7642ec9b78cba41) Importer(2089858483,0ecaa5967403d082aa24f35e1b516d23)
Start importing Assets/TextMesh Pro/Examples & Extras/Fonts/Anton.ttf using Guid(997a43b767814dd0a7642ec9b78cba41) Importer(2089858483,0ecaa5967403d082aa24f35e1b516d23) [PhysX] Initialized MultithreadedTaskDispatcher with 16 workers.
 -> (artifact id: '97c1fa0e6b201123643a530aaad1ee82') in 0.007022 seconds
Number of updated asset objects reloaded before import = 0
Number of asset objects unloaded after import = 3
========================================================================
Received Import Request.
  Time since last request: 0.000018 seconds.
  path: Assets/TextMesh Pro/Examples & Extras/Resources/Color Gradient Presets/Light to Dark Green - Vertical.asset
  artifactKey: Guid(5cf8ae092ca54931b443bec5148f3c59) Importer(2089858483,0ecaa5967403d082aa24f35e1b516d23)
Start importing Assets/TextMesh Pro/Examples & Extras/Resources/Color Gradient Presets/Light to Dark Green - Vertical.asset using Guid(5cf8ae092ca54931b443bec5148f3c59) Importer(2089858483,0ecaa5967403d082aa24f35e1b516d23) [PhysX] Initialized MultithreadedTaskDispatcher with 16 workers.
 -> (artifact id: '75da8221f28577546754a6e427010f1b') in 0.003871 seconds
Number of updated asset objects reloaded before import = 0
Number of asset objects unloaded after import = 1
========================================================================
Received Import Request.
  Time since last request: 0.000020 seconds.
  path: Assets/TextMesh Pro/Examples & Extras/Scripts/TMPro_InstructionOverlay.cs
  artifactKey: Guid(c3c1afeda5e545e0b19add5373896d2e) Importer(2089858483,0ecaa5967403d082aa24f35e1b516d23)
Start importing Assets/TextMesh Pro/Examples & Extras/Scripts/TMPro_InstructionOverlay.cs using Guid(c3c1afeda5e545e0b19add5373896d2e) Importer(2089858483,0ecaa5967403d082aa24f35e1b516d23) [PhysX] Initialized MultithreadedTaskDispatcher with 16 workers.
 -> (artifact id: '1f3253ac9efd66ec7bc8c8715000a1b2') in 0.003998 seconds
Number of updated asset objects reloaded before import = 0
Number of asset objects unloaded after import = 1
========================================================================
Received Import Request.
  Time since last request: 0.000019 seconds.
  path: Assets/TextMesh Pro/Examples & Extras/Textures/Gradient Vertical (Color).jpg
  artifactKey: Guid(03d0538de6e24c0f819bfc9ce084dfa9) Importer(2089858483,0ecaa5967403d082aa24f35e1b516d23)
Start importing Assets/TextMesh Pro/Examples & Extras/Textures/Gradient Vertical (Color).jpg using Guid(03d0538de6e24c0f819bfc9ce084dfa9) Importer(2089858483,0ecaa5967403d082aa24f35e1b516d23) [PhysX] Initialized MultithreadedTaskDispatcher with 16 workers.
 -> (artifact id: '44525414ce4474fd68d8a8c5c3bfc388') in 0.008234 seconds
Number of updated asset objects reloaded before import = 0
Number of asset objects unloaded after import = 1
========================================================================
Received Import Request.
  Time since last request: 0.000018 seconds.
  path: Assets/TextMesh Pro/Examples & Extras/Resources
  artifactKey: Guid(d6d3a169ad794942a21da6a552d62f6f) Importer(2089858483,0ecaa5967403d082aa24f35e1b516d23)
Start importing Assets/TextMesh Pro/Examples & Extras/Resources using Guid(d6d3a169ad794942a21da6a552d62f6f) Importer(2089858483,0ecaa5967403d082aa24f35e1b516d23) [PhysX] Initialized MultithreadedTaskDispatcher with 16 workers.
 -> (artifact id: 'dcbf40515f37bf4a6f4f45d076d2122c') in 0.003962 seconds
Number of updated asset objects reloaded before import = 0
Number of asset objects unloaded after import = 1
========================================================================
Received Import Request.
  Time since last request: 0.000023 seconds.
  path: Assets/TextMesh Pro/Examples & Extras/Textures/Wipe Pattern - Radial Double.psd
  artifactKey: Guid(7631f4eff8f74ed38eb3eb9db17134e1) Importer(2089858483,0ecaa5967403d082aa24f35e1b516d23)
Start importing Assets/TextMesh Pro/Examples & Extras/Textures/Wipe Pattern - Radial Double.psd using Guid(7631f4eff8f74ed38eb3eb9db17134e1) Importer(2089858483,0ecaa5967403d082aa24f35e1b516d23) [PhysX] Initialized MultithreadedTaskDispatcher with 16 workers.
 -> (artifact id: 'c72cd506158634f8bfb558fe4aa984d9') in 0.007120 seconds
Number of updated asset objects reloaded before import = 0
Number of asset objects unloaded after import = 1
========================================================================
Received Import Request.
  Time since last request: 0.000016 seconds.
  path: Assets/TextMesh Pro/Examples & Extras/Fonts
  artifactKey: Guid(b63e0053080646b9819789bf3bf9fa17) Importer(2089858483,0ecaa5967403d082aa24f35e1b516d23)
Start importing Assets/TextMesh Pro/Examples & Extras/Fonts using Guid(b63e0053080646b9819789bf3bf9fa17) Importer(2089858483,0ecaa5967403d082aa24f35e1b516d23) [PhysX] Initialized MultithreadedTaskDispatcher with 16 workers.
 -> (artifact id: '4945940247104c751c1d19aeb9db573d') in 0.002531 seconds
Number of updated asset objects reloaded before import = 0
Number of asset objects unloaded after import = 1
========================================================================
Received Import Request.
  Time since last request: 0.000019 seconds.
  path: Assets/TextMesh Pro/Examples & Extras/Textures/Gradient Diagonal (Color).jpg
  artifactKey: Guid(2ce5c55e85304b819a1826ecbc839aa5) Importer(2089858483,0ecaa5967403d082aa24f35e1b516d23)
Start importing Assets/TextMesh Pro/Examples & Extras/Textures/Gradient Diagonal (Color).jpg using Guid(2ce5c55e85304b819a1826ecbc839aa5) Importer(2089858483,0ecaa5967403d082aa24f35e1b516d23) [PhysX] Initialized MultithreadedTaskDispatcher with 16 workers.
 -> (artifact id: '5d9e58f630d1e1a59e3f5910b93a72a6') in 0.008198 seconds
Number of updated asset objects reloaded before import = 0
Number of asset objects unloaded after import = 1
========================================================================
Received Import Request.
  Time since last request: 0.000021 seconds.
  path: Assets/TextMesh Pro/Examples & Extras/Resources/Fonts & Materials/Anton SDF.asset
  artifactKey: Guid(8a89fa14b10d46a99122fd4f73fca9a2) Importer(2089858483,0ecaa5967403d082aa24f35e1b516d23)
Start importing Assets/TextMesh Pro/Examples & Extras/Resources/Fonts & Materials/Anton SDF.asset using Guid(8a89fa14b10d46a99122fd4f73fca9a2) Importer(2089858483,0ecaa5967403d082aa24f35e1b516d23) [PhysX] Initialized MultithreadedTaskDispatcher with 16 workers.
 -> (artifact id: 'd040bcdf8e40f9ba2bab6bfed319dd12') in 0.011174 seconds
Number of updated asset objects reloaded before import = 0
Number of asset objects unloaded after import = 5
========================================================================
Received Import Request.
  Time since last request: 0.000029 seconds.
  path: Assets/TextMesh Pro/Examples & Extras/Scenes/05 - Style Tags.unity
  artifactKey: Guid(70615243e2be4a81afaab9bf5d273d65) Importer(2089858483,0ecaa5967403d082aa24f35e1b516d23)
Start importing Assets/TextMesh Pro/Examples & Extras/Scenes/05 - Style Tags.unity using Guid(70615243e2be4a81afaab9bf5d273d65) Importer(2089858483,0ecaa5967403d082aa24f35e1b516d23) [PhysX] Initialized MultithreadedTaskDispatcher with 16 workers.
 -> (artifact id: 'c86de13c9782fcabe354cc338f55ac1d') in 0.003430 seconds
Number of updated asset objects reloaded before import = 0
Number of asset objects unloaded after import = 1
========================================================================
Received Import Request.
  Time since last request: 0.000022 seconds.
  path: Assets/TextMesh Pro/Examples & Extras/Scenes/09 - Margin Tag Example.unity
  artifactKey: Guid(349f38d3606449708c7340d26740e1e2) Importer(2089858483,0ecaa5967403d082aa24f35e1b516d23)
Start importing Assets/TextMesh Pro/Examples & Extras/Scenes/09 - Margin Tag Example.unity using Guid(349f38d3606449708c7340d26740e1e2) Importer(2089858483,0ecaa5967403d082aa24f35e1b516d23) [PhysX] Initialized MultithreadedTaskDispatcher with 16 workers.
 -> (artifact id: '63dbda8f2772341a8ee137c919c37b51') in 0.003461 seconds
Number of updated asset objects reloaded before import = 0
Number of asset objects unloaded after import = 1
========================================================================
Received Import Request.
  Time since last request: 0.000026 seconds.
  path: Assets/TextMesh Pro/Examples & Extras/Scripts/VertexColorCycler.cs
  artifactKey: Guid(91b8ba3d52e041fab2d0e0f169855539) Importer(2089858483,0ecaa5967403d082aa24f35e1b516d23)
Start importing Assets/TextMesh Pro/Examples & Extras/Scripts/VertexColorCycler.cs using Guid(91b8ba3d52e041fab2d0e0f169855539) Importer(2089858483,0ecaa5967403d082aa24f35e1b516d23) [PhysX] Initialized MultithreadedTaskDispatcher with 16 workers.
 -> (artifact id: 'eae9a0d2dd2109e77ba3d3dbf54e9229') in 0.006280 seconds
Number of updated asset objects reloaded before import = 0
Number of asset objects unloaded after import = 1
========================================================================
Received Import Request.
  Time since last request: 0.000019 seconds.
  path: Assets/TextMesh Pro/Examples & Extras/Scripts/TMP_TextEventHandler.cs
  artifactKey: Guid(1312ae25639a4bae8e25ae223209cc50) Importer(2089858483,0ecaa5967403d082aa24f35e1b516d23)
Start importing Assets/TextMesh Pro/Examples & Extras/Scripts/TMP_TextEventHandler.cs using Guid(1312ae25639a4bae8e25ae223209cc50) Importer(2089858483,0ecaa5967403d082aa24f35e1b516d23) [PhysX] Initialized MultithreadedTaskDispatcher with 16 workers.
 -> (artifact id: '095f6b1831607fc725532960ead713da') in 0.004111 seconds
Number of updated asset objects reloaded before import = 0
Number of asset objects unloaded after import = 1
========================================================================
Received Import Request.
  Time since last request: 4.553340 seconds.
  path: Assets/TextMesh Pro/Examples & Extras/Scenes/13 - Soft Hyphenation.unity
  artifactKey: Guid(875684baf40f4d008ce806d03e2a81b2) Importer(815301076,1909f56bfc062723c751e8b465ee728b)
Start importing Assets/TextMesh Pro/Examples & Extras/Scenes/13 - Soft Hyphenation.unity using Guid(875684baf40f4d008ce806d03e2a81b2) Importer(815301076,1909f56bfc062723c751e8b465ee728b) [PhysX] Initialized MultithreadedTaskDispatcher with 16 workers.
 -> (artifact id: '70dd3f053faa83d34266a50c720815d7') in 0.000696 seconds
Number of updated asset objects reloaded before import = 0
Number of asset objects unloaded after import = 0
========================================================================
Received Import Request.
  Time since last request: 0.000510 seconds.
  path: Assets/TextMesh Pro/Examples & Extras/Scenes/03 - Line Justification.unity
  artifactKey: Guid(21a509e1d3cd49978623fa564adb6f02) Importer(815301076,1909f56bfc062723c751e8b465ee728b)
Start importing Assets/TextMesh Pro/Examples & Extras/Scenes/03 - Line Justification.unity using Guid(21a509e1d3cd49978623fa564adb6f02) Importer(815301076,1909f56bfc062723c751e8b465ee728b) [PhysX] Initialized MultithreadedTaskDispatcher with 16 workers.
 -> (artifact id: '003fac445157815452fe51d1e347efdb') in 0.000350 seconds
Number of updated asset objects reloaded before import = 0
Number of asset objects unloaded after import = 0
========================================================================
Received Import Request.
  Time since last request: 0.000461 seconds.
  path: Assets/TextMesh Pro/Examples & Extras/Scripts/Benchmark03.cs
  artifactKey: Guid(a73109742c8d47ac822895a473300c29) Importer(815301076,1909f56bfc062723c751e8b465ee728b)
Start importing Assets/TextMesh Pro/Examples & Extras/Scripts/Benchmark03.cs using Guid(a73109742c8d47ac822895a473300c29) Importer(815301076,1909f56bfc062723c751e8b465ee728b) [PhysX] Initialized MultithreadedTaskDispatcher with 16 workers.
 -> (artifact id: '56121d844f6c7dec8610ef3261a29220') in 0.000480 seconds
Number of updated asset objects reloaded before import = 0
Number of asset objects unloaded after import = 0
========================================================================
Received Import Request.
  Time since last request: 0.002217 seconds.
  path: Assets/colors/Orange/Orange_13.png
  artifactKey: Guid(82a8da5e20d2f304ba819f8fa9d38efe) Importer(815301076,1909f56bfc062723c751e8b465ee728b)
Start importing Assets/colors/Orange/Orange_13.png using Guid(82a8da5e20d2f304ba819f8fa9d38efe) Importer(815301076,1909f56bfc062723c751e8b465ee728b) [PhysX] Initialized MultithreadedTaskDispatcher with 16 workers.
[PhysX] Initialized MultithreadedTaskDispatcher with 16 workers.
 -> (artifact id: '436be964068ef1de03e108e7b5f415ad') in 0.030701 seconds
Number of updated asset objects reloaded before import = 0
Number of asset objects unloaded after import = 2
========================================================================
Received Import Request.
  Time since last request: 94.633237 seconds.
  path: Assets/TextMesh Pro/Examples & Extras/Scenes/05 - Style Tags.unity
  artifactKey: Guid(70615243e2be4a81afaab9bf5d273d65) Importer(815301076,1909f56bfc062723c751e8b465ee728b)
Start importing Assets/TextMesh Pro/Examples & Extras/Scenes/05 - Style Tags.unity using Guid(70615243e2be4a81afaab9bf5d273d65) Importer(815301076,1909f56bfc062723c751e8b465ee728b) [PhysX] Initialized MultithreadedTaskDispatcher with 16 workers.
 -> (artifact id: 'dade8e642e703fdbb78416a25b437663') in 0.000862 seconds
Number of updated asset objects reloaded before import = 0
Number of asset objects unloaded after import = 0
========================================================================
Received Import Request.
  Time since last request: 0.000018 seconds.
  path: Assets/TextMesh Pro/Examples & Extras/Scenes/04 - Word Wrapping.unity
  artifactKey: Guid(8f7137eacd7042d5b17ef0efe5e744f5) Importer(815301076,1909f56bfc062723c751e8b465ee728b)
Start importing Assets/TextMesh Pro/Examples & Extras/Scenes/04 - Word Wrapping.unity using Guid(8f7137eacd7042d5b17ef0efe5e744f5) Importer(815301076,1909f56bfc062723c751e8b465ee728b) [PhysX] Initialized MultithreadedTaskDispatcher with 16 workers.
 -> (artifact id: '5242310dfe9dbc2f8a14db8f90de7e67') in 0.000406 seconds
Number of updated asset objects reloaded before import = 0
Number of asset objects unloaded after import = 0
========================================================================
Received Import Request.
  Time since last request: 0.000010 seconds.
  path: Assets/TextMesh Pro/Examples & Extras/Scenes/09 - Margin Tag Example.unity
  artifactKey: Guid(349f38d3606449708c7340d26740e1e2) Importer(815301076,1909f56bfc062723c751e8b465ee728b)
Start importing Assets/TextMesh Pro/Examples & Extras/Scenes/09 - Margin Tag Example.unity using Guid(349f38d3606449708c7340d26740e1e2) Importer(815301076,1909f56bfc062723c751e8b465ee728b) [PhysX] Initialized MultithreadedTaskDispatcher with 16 workers.
 -> (artifact id: '184901a52d034a9460cdb1e4eaf60128') in 0.000424 seconds
Number of updated asset objects reloaded before import = 0
Number of asset objects unloaded after import = 0
========================================================================
Received Import Request.
  Time since last request: 0.000022 seconds.
  path: Assets/TextMesh Pro/Examples & Extras/Scenes/22 - Basic Scripting Example.unity
  artifactKey: Guid(6250f98e58fe4abbaada5d84b7ca846d) Importer(815301076,1909f56bfc062723c751e8b465ee728b)
Start importing Assets/TextMesh Pro/Examples & Extras/Scenes/22 - Basic Scripting Example.unity using Guid(6250f98e58fe4abbaada5d84b7ca846d) Importer(815301076,1909f56bfc062723c751e8b465ee728b) [PhysX] Initialized MultithreadedTaskDispatcher with 16 workers.
 -> (artifact id: '3d7d31ed67621c63afa16b04f3348ebf') in 0.000372 seconds
Number of updated asset objects reloaded before import = 0
Number of asset objects unloaded after import = 0
========================================================================
Received Import Request.
  Time since last request: 0.000068 seconds.
  path: Assets/TextMesh Pro/Examples & Extras/Scenes/19 - Masking Texture & Soft Mask.unity
  artifactKey: Guid(9abcd5bd764646568a6ea70d00f9264c) Importer(815301076,1909f56bfc062723c751e8b465ee728b)
Start importing Assets/TextMesh Pro/Examples & Extras/Scenes/19 - Masking Texture & Soft Mask.unity using Guid(9abcd5bd764646568a6ea70d00f9264c) Importer(815301076,1909f56bfc062723c751e8b465ee728b) [PhysX] Initialized MultithreadedTaskDispatcher with 16 workers.
 -> (artifact id: 'da2984181567891d08b38d71802c3b67') in 0.000575 seconds
Number of updated asset objects reloaded before import = 0
Number of asset objects unloaded after import = 0
========================================================================
Received Import Request.
  Time since last request: 0.000009 seconds.
  path: Assets/TextMesh Pro/Examples & Extras/Scenes/18 - ScrollRect & Masking & Layout.unity
  artifactKey: Guid(03f9d74cec8e4b94a29d2dfd177c821b) Importer(815301076,1909f56bfc062723c751e8b465ee728b)
Start importing Assets/TextMesh Pro/Examples & Extras/Scenes/18 - ScrollRect & Masking & Layout.unity using Guid(03f9d74cec8e4b94a29d2dfd177c821b) Importer(815301076,1909f56bfc062723c751e8b465ee728b) [PhysX] Initialized MultithreadedTaskDispatcher with 16 workers.
 -> (artifact id: '409bfd1187e764866bed34c10fed2c1c') in 0.000442 seconds
Number of updated asset objects reloaded before import = 0
Number of asset objects unloaded after import = 0
========================================================================
Received Import Request.
  Time since last request: 0.137836 seconds.
  path: Assets/TextMesh Pro/Shaders/TMPro.cginc
  artifactKey: Guid(407bc68d299748449bbf7f48ee690f8d) Importer(815301076,1909f56bfc062723c751e8b465ee728b)
Start importing Assets/TextMesh Pro/Shaders/TMPro.cginc using Guid(407bc68d299748449bbf7f48ee690f8d) Importer(815301076,1909f56bfc062723c751e8b465ee728b) [PhysX] Initialized MultithreadedTaskDispatcher with 16 workers.
 -> (artifact id: '02bb6cf8c4cb0c8ea34a23e574e96b0b') in 0.001005 seconds
Number of updated asset objects reloaded before import = 0
Number of asset objects unloaded after import = 1
========================================================================
Received Import Request.
  Time since last request: 0.002129 seconds.
  path: Assets/TextMesh Pro/Shaders/TMPro_Mobile.cginc
  artifactKey: Guid(c334973cef89a9840b0b0c507e0377ab) Importer(815301076,1909f56bfc062723c751e8b465ee728b)
Start importing Assets/TextMesh Pro/Shaders/TMPro_Mobile.cginc using Guid(c334973cef89a9840b0b0c507e0377ab) Importer(815301076,1909f56bfc062723c751e8b465ee728b) [PhysX] Initialized MultithreadedTaskDispatcher with 16 workers.
 -> (artifact id: 'cba274f082ccc7b8e4fa8c5560a97b0b') in 0.001310 seconds
Number of updated asset objects reloaded before import = 0
Number of asset objects unloaded after import = 1
========================================================================
Received Import Request.
  Time since last request: 0.000013 seconds.
  path: Assets/TextMesh Pro/Examples & Extras/Scripts/TMP_DigitValidator.cs
  artifactKey: Guid(1a7eb92a01ed499a987bde9def05fbce) Importer(815301076,1909f56bfc062723c751e8b465ee728b)
Start importing Assets/TextMesh Pro/Examples & Extras/Scripts/TMP_DigitValidator.cs using Guid(1a7eb92a01ed499a987bde9def05fbce) Importer(815301076,1909f56bfc062723c751e8b465ee728b) [PhysX] Initialized MultithreadedTaskDispatcher with 16 workers.
 -> (artifact id: 'ea529e6b6a47ec07629b780548ca2d92') in 0.000348 seconds
Number of updated asset objects reloaded before import = 0
Number of asset objects unloaded after import = 0
========================================================================
Received Import Request.
  Time since last request: 0.000144 seconds.
  path: Assets/TextMesh Pro/Shaders/TMPro_Properties.cginc
  artifactKey: Guid(3997e2241185407d80309a82f9148466) Importer(815301076,1909f56bfc062723c751e8b465ee728b)
Start importing Assets/TextMesh Pro/Shaders/TMPro_Properties.cginc using Guid(3997e2241185407d80309a82f9148466) Importer(815301076,1909f56bfc062723c751e8b465ee728b) [PhysX] Initialized MultithreadedTaskDispatcher with 16 workers.
 -> (artifact id: '3530579b36a83720cf87e6057e84ee04') in 0.000799 seconds
Number of updated asset objects reloaded before import = 0
Number of asset objects unloaded after import = 1
========================================================================
Received Import Request.
  Time since last request: 133.916753 seconds.
  path: Assets/TextMesh Pro/Examples & Extras/Textures/Brushed Metal 3.jpg
  artifactKey: Guid(f88677df267a41d6be1e7a6133e7d227) Importer(815301076,1909f56bfc062723c751e8b465ee728b)
Start importing Assets/TextMesh Pro/Examples & Extras/Textures/Brushed Metal 3.jpg using Guid(f88677df267a41d6be1e7a6133e7d227) Importer(815301076,1909f56bfc062723c751e8b465ee728b) [PhysX] Initialized MultithreadedTaskDispatcher with 16 workers.
[PhysX] Initialized MultithreadedTaskDispatcher with 16 workers.
 -> (artifact id: 'e9a8cafbdaf1888da1d1f090f2096d79') in 0.007200 seconds
Number of updated asset objects reloaded before import = 0
Number of asset objects unloaded after import = 2
========================================================================
Received Import Request.
  Time since last request: 0.025408 seconds.
  path: Packages/com.unity.textmeshpro/Editor Resources/Textures/btn_AlignBaseLine_Light.psd
  artifactKey: Guid(18775b51e3bd42299fd30bd036ea982f) Importer(815301076,1909f56bfc062723c751e8b465ee728b)
Start importing Packages/com.unity.textmeshpro/Editor Resources/Textures/btn_AlignBaseLine_Light.psd using Guid(18775b51e3bd42299fd30bd036ea982f) Importer(815301076,1909f56bfc062723c751e8b465ee728b) [PhysX] Initialized MultithreadedTaskDispatcher with 16 workers.
[PhysX] Initialized MultithreadedTaskDispatcher with 16 workers.
 -> (artifact id: '8872314108bd31ff3e8850f272780791') in 0.008122 seconds
Number of updated asset objects reloaded before import = 0
Number of asset objects unloaded after import = 2
========================================================================
Received Import Request.
  Time since last request: 0.029885 seconds.
  path: Packages/com.unity.textmeshpro/Editor Resources/Textures/btn_AlignCenter_Light.psd
  artifactKey: Guid(6ace62d30f494c948b71d5594afce11d) Importer(815301076,1909f56bfc062723c751e8b465ee728b)
Start importing Packages/com.unity.textmeshpro/Editor Resources/Textures/btn_AlignCenter_Light.psd using Guid(6ace62d30f494c948b71d5594afce11d) Importer(815301076,1909f56bfc062723c751e8b465ee728b) [PhysX] Initialized MultithreadedTaskDispatcher with 16 workers.
[PhysX] Initialized MultithreadedTaskDispatcher with 16 workers.
 -> (artifact id: 'a13d06304c9e233607091e2fe43f90b8') in 0.008388 seconds
Number of updated asset objects reloaded before import = 0
Number of asset objects unloaded after import = 2
========================================================================
Received Import Request.
  Time since last request: 0.000018 seconds.
  path: Packages/com.unity.textmeshpro/Editor Resources/Textures/btn_AlignBottom.psd
  artifactKey: Guid(ca51b19024094d1b87f3e07edb0a75fb) Importer(815301076,1909f56bfc062723c751e8b465ee728b)
Start importing Packages/com.unity.textmeshpro/Editor Resources/Textures/btn_AlignBottom.psd using Guid(ca51b19024094d1b87f3e07edb0a75fb) Importer(815301076,1909f56bfc062723c751e8b465ee728b) [PhysX] Initialized MultithreadedTaskDispatcher with 16 workers.
[PhysX] Initialized MultithreadedTaskDispatcher with 16 workers.
 -> (artifact id: '98801cb8b877e0f7670ebfb580a7affe') in 0.006556 seconds
Number of updated asset objects reloaded before import = 0
Number of asset objects unloaded after import = 2
========================================================================
Received Import Request.
  Time since last request: 0.000023 seconds.
  path: Packages/com.unity.textmeshpro/Editor Resources/Textures/btn_AlignCenter.psd
  artifactKey: Guid(81ed8c76d2bc4a4c95d092c98af4e58f) Importer(815301076,1909f56bfc062723c751e8b465ee728b)
Start importing Packages/com.unity.textmeshpro/Editor Resources/Textures/btn_AlignCenter.psd using Guid(81ed8c76d2bc4a4c95d092c98af4e58f) Importer(815301076,1909f56bfc062723c751e8b465ee728b) [PhysX] Initialized MultithreadedTaskDispatcher with 16 workers.
[PhysX] Initialized MultithreadedTaskDispatcher with 16 workers.
 -> (artifact id: 'b22d1a6424a5d5e8bf38f76a614247ec') in 0.017796 seconds
Number of updated asset objects reloaded before import = 0
Number of asset objects unloaded after import = 2
========================================================================
Received Import Request.
  Time since last request: 0.050292 seconds.
  path: Assets/TextMesh Pro/Examples & Extras/Resources/Fonts & Materials/Bangers SDF.asset
  artifactKey: Guid(125cb55b44b24c4393181402bc6200e6) Importer(815301076,1909f56bfc062723c751e8b465ee728b)
Start importing Assets/TextMesh Pro/Examples & Extras/Resources/Fonts & Materials/Bangers SDF.asset using Guid(125cb55b44b24c4393181402bc6200e6) Importer(815301076,1909f56bfc062723c751e8b465ee728b) [PhysX] Initialized MultithreadedTaskDispatcher with 16 workers.
[PhysX] Initialized MultithreadedTaskDispatcher with 16 workers.
[PhysX] Initialized MultithreadedTaskDispatcher with 16 workers.
 -> (artifact id: '8668dc8e0d5f343109eb4c5a785e8b9a') in 0.058540 seconds
Number of updated asset objects reloaded before import = 0
Number of asset objects unloaded after import = 6
Editor requested this worker to shutdown with reason: Scaling down because of idle timeout
TcpMessagingSession - receive error: operation aborted. errorcode: 995, details: Operacja We/Wy zosta³a przerwana z powodu zakoñczenia w¹tku lub ¿¹dania aplikacji.
AssetImportWorker is now disconnected from the server
Process exiting
Exiting without the bug reporter. Application will terminate with return code 0